tree
version=v4
num_class=1
num_tree_per_iteration=1
label_index=0
max_feature_idx=7
objective=regression
feature_names=p1_dia_t t_p2_dia a1 ipa c_a e_a har_dist p3_sec
feature_infos=[0.25:0.39500000000000002] [0.14000000000000001:0.34999999999999998] [0.115:0.33200000000000002] [0.19400000000000001:1.2030000000000001] [-0.20399999999999999:0.46600000000000003] [0.074999999999999997:0.73999999999999999] [0.22500000000000001:3.323] [0.37:0.53500000000000003]
tree_sizes=555 483 585 586 490 669 505 564 568 487 606 605 587 588 695 603 602 586 572 588 700 684 573 573 605 800 573 588 587 689 688 572 589 702 589 703 682 589 688 658 571 685 572 671 605 670 486 589 674 672 587 587 589 671 678 580 579 579 578 581 563 581 578 577 673 656 563 713 585 580 578 573 492 586 592 690 724 690 693 694 606 592 492 688 578 588 492 507 492 569 565 570 582 699 699 680 580 681 583 577 493 571 579 409 410 711 494 573 492 493 571 685 571 571 574 672 693 675 792 663 695 609 779 695 579 742 490 603 594 489 572 601 588 602 491 768 658 654 569 671 569 803 569 591 609 577 623 611 578 587 623 611 734 710 591 676 592 673 593 674 470 694 681 778 613 512 615 694 581 496 681 610 613 596 573 611 560 612 594 711 677 592 708 710 685 570 696 590 677 579 576 591 590 590 593 589 589 706 578 583 580 708 616 584 728 615 515 678 695 682 672 681 691 580 594 577 596 699 682 669 697 708 586 697 696 493 590 611 571 590 592 608 594 494 601 508 510 493 491 490 506 492 473 666 661 774 666 665 659 677 665 681 578 709 692 811 575 779 714 691 693 586 491 593 507 585 722 595 703 586 711 573 559 474 583 606 610 574 708 591 672 492 660 723 493 493 677 721 693 680 679 696 578 679 678 690 711 666 666 580 703 679 671 587 671 784 678 806 567 789 706 824 577 656 672 752 679 782 909 766 799 759 794 777 669 592 668 705 726 708 673 592 727 660 674 582 706 580 684 706 659 678 727 688 747 594 596 692 575 630 628 676 684 798 797 681 679 677 672 693 784 931 695 696 661 680 780 681 759 676 779 797 699 671 655 793 691 783 689 791 805 578 671 696 671 706 787 692 697 609 712 600 697 780 695 594 696 676 597 607 710 675 556

Tree=0
num_leaves=5
num_cat=0
split_feature=6 0 0 6
split_gain=207.476 54.9423 9.10371 3.64801
threshold=0.57050000000000012 0.32750000000000007 0.32250000000000006 0.41550000000000004
decision_type=2 2 2 2
left_child=1 3 -2 -1
right_child=2 -3 -4 -5
leaf_value=7.2438264393149341 7.2255069441341053 7.2307332681070795 7.2152165737632012 7.2551559620940571
leaf_weight=18 15.999999999999998 22 44 19
leaf_count=18 16 22 44 19
internal_value=7.23054 7.2436 7.21762 7.25073
internal_weight=119 59 60 37
internal_count=119 59 60 37
is_linear=0
shrinkage=1


Tree=1
num_leaves=4
num_cat=0
split_feature=5 3 7
split_gain=86.2762 82.0047 37.8221
threshold=0.20950000000000002 0.60550000000000004 0.45750000000000007
decision_type=2 2 2
left_child=-1 2 -2
right_child=1 -3 -4
leaf_value=-0.011644819399645163 0.018543555264018085 -0.0076940217716940521 0
leaf_weight=41 36 27 14.999999999999998
leaf_count=41 36 27 15
internal_value=-0.000184852 0.005917 0.0132356
internal_weight=119 78 51
internal_count=119 78 51
is_linear=0
shrinkage=0.01


Tree=2
num_leaves=5
num_cat=0
split_feature=6 0 0 6
split_gain=202.006 53.2319 8.74316 3.67779
threshold=0.57050000000000012 0.32750000000000007 0.32250000000000006 0.41550000000000004
decision_type=2 2 2 2
left_child=1 3 -2 -1
right_child=2 -3 -4 -5
leaf_value=0.012874667055904865 -0.0051808477275901363 2.8901758293310799e-05 -0.015294122721028069 0.024114611787455425
leaf_weight=18 15.999999999999998 22 44 19
leaf_count=18 16 22 44 19
internal_value=-0.000183397 0.0126983 -0.012932 0.0197154
internal_weight=119 59 60 37
internal_count=119 59 60 37
is_linear=0
shrinkage=0.01


Tree=3
num_leaves=5
num_cat=0
split_feature=6 3 5 6
split_gain=198.317 39.4126 11.6927 1.75794
threshold=0.57050000000000012 0.6140000000000001 0.26750000000000007 0.43750000000000006
decision_type=2 2 2 2
left_child=1 3 -2 -1
right_child=2 -3 -4 -5
leaf_value=0.020161089552887559 -0.015714150565591726 -4.9961491634971217e-05 -0.0048901958810165522 0.010821525182794124
leaf_weight=27 42 17 18 14.999999999999998
leaf_count=27 42 17 18 15
internal_value=-0.000178002 0.0125851 -0.0128101 0.0175827
internal_weight=119 59 60 42
internal_count=119 59 60 42
is_linear=0
shrinkage=0.01


Tree=4
num_leaves=4
num_cat=0
split_feature=2 0 0
split_gain=181.751 49.2348 21.5333
threshold=0.23050000000000004 0.32750000000000007 0.32250000000000006
decision_type=2 2 2
left_child=2 -2 -1
right_child=1 -3 -4
leaf_value=-0.0021052341332489792 0.020353244755949292 0.00066515514384145324 -0.015052411096923528
leaf_weight=20 33 21 45
leaf_count=20 33 21 45
internal_value=-0.000174515 0.0130833 -0.0113251
internal_weight=119 54 65
internal_count=119 54 65
is_linear=0
shrinkage=0.01


Tree=5
num_leaves=6
num_cat=0
split_feature=4 1 4 1 4
split_gain=95.9543 33.3493 15.2668 11.877 0.0955
threshold=0.07350000000000001 0.18750000000000003 0.18550000000000003 0.19750000000000004 0.24700000000000003
decision_type=2 2 2 2 2
left_child=3 -2 -3 -1 -4
right_child=1 2 4 -5 -6
leaf_value=0.019647470814617058 0.0034917291892426357 -0.0030225864487389725 -0.01641110023856163 0.0059052476506022845 -0.0093702844828367233
leaf_weight=17 26 25 18 14.999999999999998 18
leaf_count=17 26 25 18 15 18
internal_value=-0.000171719 -0.00566819 -0.00963869 0.0140792 -0.0137007
internal_weight=119 87 61 32 36
internal_count=119 87 61 32 36
is_linear=0
shrinkage=0.01


Tree=6
num_leaves=4
num_cat=0
split_feature=2 1 4
split_gain=176.659 18.2682 10.9719
threshold=0.23050000000000004 0.19750000000000004 0.12250000000000001
decision_type=2 2 2
left_child=2 -2 -1
right_child=1 -3 -4
leaf_value=-0.0027575034826226967 0.017628303512054331 0.0049195424156884358 -0.013385945002620038
leaf_weight=14.999999999999998 32 22 50
leaf_count=15 32 22 50
internal_value=-0.000169548 0.0129006 -0.0111634
internal_weight=119 54 65
internal_count=119 54 65
is_linear=0
shrinkage=0.01


Tree=7
num_leaves=5
num_cat=0
split_feature=6 7 5 7
split_gain=186.91 30.4055 7.02138 2.00282
threshold=0.61250000000000016 0.45750000000000007 0.26750000000000007 0.43250000000000005
decision_type=2 2 2 2
left_child=1 3 -2 -1
right_child=2 -3 -4 -5
leaf_value=0.018358455619641716 -0.015618651573147093 0 -0.0059847010970891772 0.010247271115129644
leaf_weight=26 40 17 15.999999999999998 20
leaf_count=26 40 17 16 20
internal_value=-0.000166381 0.0114396 -0.0132536 0.0155099
internal_weight=119 63 56 46
internal_count=119 63 56 46
is_linear=0
shrinkage=0.01


Tree=8
num_leaves=5
num_cat=0
split_feature=6 0 6 6
split_gain=183.457 66.1275 5.46575 4.46052
threshold=0.61250000000000016 0.32750000000000007 0.41550000000000004 0.8590000000000001
decision_type=2 2 2 2
left_child=1 2 -1 -2
right_child=3 -3 -4 -5
leaf_value=0.012136488795280455 -0.0080110119379125534 -0.001147529383500417 0.023863941999998958 -0.015892219147511891
leaf_weight=18 23 25 20 33
leaf_count=18 23 25 20 33
internal_value=-0.000163221 0.0113347 0.0193184 -0.0131294
internal_weight=119 63 38 56
internal_count=119 63 38 56
is_linear=0
shrinkage=0.01


Tree=9
num_leaves=4
num_cat=0
split_feature=6 1 6
split_gain=172.983 21.9891 15.545
threshold=0.53400000000000014 0.19750000000000004 0.77300000000000013
decision_type=2 2 2
left_child=1 -1 -2
right_child=2 -3 -4
leaf_value=0.017102719753259613 -0.0061507932096719741 0.0036420498902981096 -0.016633903911480535
leaf_weight=29 31 24 37
leaf_count=29 31 24 37
internal_value=-0.00180342 0.0114523 -0.0122385
internal_weight=121 53 68
internal_count=121 53 68
is_linear=0
shrinkage=0.01


Tree=10
num_leaves=5
num_cat=0
split_feature=6 1 6 2
split_gain=169.769 21.5672 15.2377 0.374009
threshold=0.53400000000000014 0.19750000000000004 0.77300000000000013 0.20750000000000002
decision_type=2 2 2 2
left_child=1 -1 3 -2
right_child=2 -3 -4 -5
leaf_value=0.016942726576760891 -0.0033736135942094461 0.0036084310194620718 -0.016476094997846163 -0.0077065551943249176
leaf_weight=29 15.000000000000002 24 37 15.999999999999998
leaf_count=29 15 24 37 16
internal_value=-0.00178531 0.0113462 -0.0121234 -0.00609301
internal_weight=121 53 68 31
internal_count=121 53 68 31
is_linear=0
shrinkage=0.01


Tree=11
num_leaves=5
num_cat=0
split_feature=6 1 6 3
split_gain=166.645 21.1533 14.9184 0.286189
threshold=0.53400000000000014 0.19750000000000004 0.77300000000000013 0.58550000000000002
decision_type=2 2 2 2
left_child=1 -1 3 -2
right_child=2 -3 -4 -5
leaf_value=0.016784229947013722 -0.0033962684825939284 0.0035751223621460111 -0.016319783284113959 -0.0075885429730017983
leaf_weight=29 15.000000000000002 24 37 15.999999999999998
leaf_count=29 15 24 37 16
internal_value=-0.0017686 0.0112412 -0.0120115 -0.00604031
internal_weight=121 53 68 31
internal_count=121 53 68 31
is_linear=0
shrinkage=0.01


Tree=12
num_leaves=5
num_cat=0
split_feature=6 4 2 6
split_gain=163.58 18.9901 9.81365 0.40966
threshold=0.53400000000000014 0.12950000000000003 0.24650000000000002 0.77300000000000013
decision_type=2 2 2 2
left_child=2 -2 -1 -3
right_child=1 3 -4 -5
leaf_value=0.0053885162793673004 -0.0013571436878512888 -0.0098038536664985486 0.015078626902052953 -0.016502432889408537
leaf_weight=24 14.999999999999998 19 29 34
leaf_count=24 15 19 29 34
internal_value=-0.00175204 -0.0119006 0.0111371 -0.0146358
internal_weight=121 68 53 53
internal_count=121 68 53 53
is_linear=0
shrinkage=0.01


Tree=13
num_leaves=5
num_cat=0
split_feature=0 1 0 7
split_gain=124.272 13.1991 4.95313 1.41838
threshold=0.32750000000000007 0.18250000000000002 0.35250000000000004 0.43250000000000005
decision_type=2 2 2 2
left_child=1 -1 -2 -3
right_child=2 3 -4 -5
leaf_value=0.015577620836821468 -0.0075250401986496785 0.0066645601391792297 -0.014450703818222572 0.0017040390126845419
leaf_weight=20 40 19 27 14.999999999999998
leaf_count=20 40 19 27 15
internal_value=-0.00173569 0.00931486 -0.0107264 0.00483123
internal_weight=121 54 67 34
internal_count=121 54 67 34
is_linear=0
shrinkage=0.01


Tree=14
num_leaves=6
num_cat=0
split_feature=2 7 7 2 7
split_gain=146.22 44.5084 20.44 2.62182 1.26048
threshold=0.23050000000000004 0.46250000000000008 0.42750000000000005 0.21150000000000002 0.43250000000000005
decision_type=2 2 2 2 2
left_child=2 4 -1 -4 -2
right_child=1 -3 3 -5 -6
leaf_value=-0.0011593079529702663 0.022191047037349022 -0.00078260839783719609 -0.015813469649889531 -0.0079147836565971377 0.011963825739092299
leaf_weight=18 15.000000000000002 19 37 15.999999999999998 15.999999999999998
leaf_count=18 15 19 37 16 16
internal_value=-0.0017172 0.01108 -0.0108545 -0.0138944 0.018109
internal_weight=121 50 71 53 31
internal_count=121 50 71 53 31
is_linear=0
shrinkage=0.01


Tree=15
num_leaves=5
num_cat=0
split_feature=6 1 7 6
split_gain=156.942 20.3418 19.7548 0.928949
threshold=0.53400000000000014 0.19750000000000004 0.42750000000000005 0.70150000000000012
decision_type=2 2 2 2
left_child=1 -1 -2 -4
right_child=2 -3 3 -5
leaf_value=0.01635824741735574 -0.00096784573705757367 0.00341342551776996 -0.0089252396590179875 -0.016095663920426981
leaf_weight=29 14.999999999999998 24 15.999999999999998 37
leaf_count=29 15 24 16 37
internal_value=-0.00169906 0.0109246 -0.0116406 -0.0144252
internal_weight=121 53 68 53
internal_count=121 53 68 53
is_linear=0
shrinkage=0.01


Tree=16
num_leaves=5
num_cat=0
split_feature=2 0 0 0
split_gain=141.393 44.8519 29.7254 5.30132
threshold=0.23050000000000004 0.33250000000000007 0.32250000000000006 0.31250000000000006
decision_type=2 2 2 2
left_child=2 3 -1 -2
right_child=1 -3 -4 -5
leaf_value=0.00097100950363609528 0.010625674646151693 -0.0019493355602025987 -0.014058069456041905 0.022331276734670006
leaf_weight=15.999999999999998 17 17 55 15.999999999999998
leaf_count=16 17 17 55 16
internal_value=-0.00168308 0.0109003 -0.0106689 0.0173957
internal_weight=121 50 71 33
internal_count=121 50 71 33
is_linear=0
shrinkage=0.01


Tree=17
num_leaves=5
num_cat=0
split_feature=2 1 5 1
split_gain=138.773 27.3574 17.0556 6.91687
threshold=0.23050000000000004 0.19750000000000004 0.21150000000000002 0.20750000000000002
decision_type=2 2 2 2
left_child=2 -2 -1 -4
right_child=1 -3 3 -5
leaf_value=-0.01520947440312459 0.01784321556488673 0.002777726981374953 4.7129015712177052e-05 -0.0085184236722333096
leaf_weight=37 25 25 14.999999999999998 19
leaf_count=37 25 25 15 19
internal_value=-0.00166252 0.0108032 -0.0105651 -0.00480794
internal_weight=121 50 71 34
internal_count=121 50 71 34
is_linear=0
shrinkage=0.01


Tree=18
num_leaves=5
num_cat=0
split_feature=6 0 0 6
split_gain=150.505 71.0337 7.65706 4.26347
threshold=0.61250000000000016 0.32750000000000007 0.31250000000000006 0.87650000000000017
decision_type=2 2 2 2
left_child=1 2 -1 -2
right_child=3 -3 -4 -5
leaf_value=0.0099914168992212837 -0.0078770055564550256 -0.0046619350573530909 0.020197119176387789 -0.01552401340840494
leaf_weight=26 24 25 23 32
leaf_count=26 24 25 23 32
internal_value=-0.000559115 0.00866862 0.0154841 -0.0127176
internal_weight=130 74 49 56
internal_count=130 74 49 56
is_linear=0
shrinkage=0.01


Tree=19
num_leaves=5
num_cat=0
split_feature=0 3 0 5
split_gain=142.115 35.7641 19.2344 5.74628
threshold=0.32750000000000007 0.66900000000000015 0.31250000000000006 0.21750000000000003
decision_type=2 2 2 2
left_child=1 2 -1 -2
right_child=3 -3 -4 -5
leaf_value=0.0071356192603707312 -0.014016316614367745 -0.0028976722105461005 0.020882354031006495 -0.0068999374010845242
leaf_weight=26 31 14.999999999999998 22 36
leaf_count=26 31 15 22 36
internal_value=-0.000553202 0.0100264 0.0141195 -0.0105759
internal_weight=130 63 48 67
internal_count=130 63 48 67
is_linear=0
shrinkage=0.01


Tree=20
num_leaves=6
num_cat=0
split_feature=4 5 4 7 5
split_gain=127.548 53.5993 41.154 14.7925 7.5991
threshold=0.071500000000000008 0.23650000000000002 0.22350000000000003 0.43750000000000006 0.34050000000000008
decision_type=2 2 2 2 2
left_child=3 -2 4 -1 -3
right_child=1 2 -4 -5 -6
leaf_value=0.023462245113709389 -0.013812607331201434 0.011992140365274328 -0.0095924322371897484 0.0077926839639743178 0.001732094340464648
leaf_weight=15.000000000000002 46 17 21 15.999999999999998 14.999999999999998
leaf_count=15 46 17 21 16 15
internal_value=-0.000547033 -0.00615183 0.000666733 0.0164887 0.0077146
internal_weight=130 99 53 31 32
internal_count=130 99 53 31 32
is_linear=0
shrinkage=0.01


Tree=21
num_leaves=6
num_cat=0
split_feature=5 1 3 3 3
split_gain=70.0149 42.2365 15.572 8.93333 6.43272
threshold=0.23650000000000002 0.19250000000000003 0.51500000000000012 0.63200000000000012 0.54950000000000021
decision_type=2 2 2 2 2
left_child=2 4 -1 -3 -2
right_child=1 3 -4 -5 -6
leaf_value=0 0.018895262234351215 0.0023360652502240806 -0.012089203675942762 -0.0067530975797597103 0.0077965691834688189
leaf_weight=14.999999999999998 14.999999999999998 27 40 14.999999999999998 18
leaf_count=15 15 27 40 15 18
internal_value=-0.000537157 0.00565057 -0.00896489 -0.000955836 0.0137757
internal_weight=130 75 55 42 33
internal_count=130 75 55 42 33
is_linear=0
shrinkage=0.01


Tree=22
num_leaves=5
num_cat=0
split_feature=2 1 2 7
split_gain=108.264 79.9631 11.7359 11.0051
threshold=0.20250000000000004 0.20750000000000002 0.23050000000000004 0.43250000000000005
decision_type=2 2 2 2
left_child=-1 3 -3 -2
right_child=1 2 -4 -5
leaf_value=-0.012785642475206803 0.019098741805553435 -0.010952507535877979 0.00018604544824675509 0.0082698301275571182
leaf_weight=45 23 17 17 28
leaf_count=45 23 17 17 28
internal_value=-0.000529731 0.00604598 -0.00554341 0.0137842
internal_weight=130 85 34 51
internal_count=130 85 34 51
is_linear=0
shrinkage=0.01


Tree=23
num_leaves=5
num_cat=0
split_feature=6 7 6 6
split_gain=140.174 47.1531 4.1064 3.82361
threshold=0.61250000000000016 0.43250000000000005 0.87650000000000017 0.48150000000000004
decision_type=2 2 2 2
left_child=1 -1 -2 -3
right_child=2 3 -4 -5
leaf_value=0.017894364338248009 -0.0075408663944556168 0.0038683580656846367 -0.014997697967816801 -0.0017810913292985214
leaf_weight=29 24 28 32 17
leaf_count=29 24 28 32 17
internal_value=-0.000523098 0.00838073 -0.0122583 0.00164277
internal_weight=130 74 56 45
internal_count=130 74 56 45
is_linear=0
shrinkage=0.01


Tree=24
num_leaves=5
num_cat=0
split_feature=0 2 2 7
split_gain=132.768 49.4781 15.7393 10.563
threshold=0.32750000000000007 0.20650000000000002 0.23450000000000001 0.43250000000000005
decision_type=2 2 2 2
left_child=1 -1 -2 -3
right_child=2 3 -4 -5
leaf_value=-0.0053777152387534865 -0.012732805924283132 0.019232441302802827 -0.00068964638254221755 0.0081212455630302431
leaf_weight=14.999999999999998 52 25 14.999999999999998 23
leaf_count=15 52 25 15 23
internal_value=-0.000518255 0.00970594 -0.0102072 0.0145461
internal_weight=130 63 67 48
internal_count=130 63 67 48
is_linear=0
shrinkage=0.01


Tree=25
num_leaves=7
num_cat=0
split_feature=2 3 2 5 5 5
split_gain=102.54 32.6009 21.3192 8.91022 8.83116 1.61198
threshold=0.20250000000000004 0.73450000000000004 0.23850000000000002 0.29050000000000004 0.28850000000000003 0.22200000000000003
decision_type=2 2 2 2 2 2
left_child=5 2 3 -2 -4 -1
right_child=1 -3 4 -5 -6 -7
leaf_value=-0.014331401297822595 -0.0025790674860278764 -0.0062279688980844284 0.01867035681647914 0.0074456650018692016 0.0072386407852172855 -0.0071228356834720161
leaf_weight=30 16.000000000000004 15.999999999999998 19 14.999999999999998 19 14.999999999999998
leaf_count=30 16 16 19 15 19 15
internal_value=-0.000511776 0.00588665 0.00886256 0.00227737 0.0137272 -0.0124403
internal_weight=130 85 69 31 38 45
internal_count=130 85 69 31 38 45
is_linear=0
shrinkage=0.01


Tree=26
num_leaves=5
num_cat=0
split_feature=6 4 4 6
split_gain=133.131 42.8821 7.9147 3.99076
threshold=0.61250000000000016 0.071500000000000008 0.17900000000000002 0.87650000000000017
decision_type=2 2 2 2
left_child=1 -1 -3 -2
right_child=3 2 -4 -5
leaf_value=0.017000721516087652 -0.0073131013231781819 0.0048663412085894883 -0.0033802359080628347 -0.014635261761791566
leaf_weight=30 24 27 17 32
leaf_count=30 24 27 17 32
internal_value=-0.00050619 0.00817003 0.00156303 -0.0119438
internal_weight=130 74 44 56
internal_count=130 74 44 56
is_linear=0
shrinkage=0.01


Tree=27
num_leaves=5
num_cat=0
split_feature=3 1 3 3
split_gain=43.7976 33.7473 8.961 3.01452
threshold=0.69450000000000001 0.19250000000000003 0.49050000000000005 0.77900000000000014
decision_type=2 2 2 2
left_child=1 -1 -3 -2
right_child=3 2 -4 -5
leaf_value=0.011045865852099199 -0.0038129130336973407 0.0032419349557974118 -0.0052367348090878556 -0.010831686365604401
leaf_weight=37 15.999999999999998 20 26 23
leaf_count=37 16 20 26 23
internal_value=4.88562e-05 0.00418215 -0.00146471 -0.0084006
internal_weight=122 83 46 39
internal_count=122 83 46 39
is_linear=0
shrinkage=0.01


Tree=28
num_leaves=5
num_cat=0
split_feature=0 4 4 3
split_gain=84.9261 28.9942 6.64048 0.032478
threshold=0.32750000000000007 0.19600000000000004 0.17450000000000002 0.50050000000000006
decision_type=2 2 2 2
left_child=1 3 -2 -1
right_child=2 -3 -4 -5
leaf_value=0.008592676973591248 -0.004081098856404424 -0.0032071541907156215 -0.011400387147159288 0.014265039431361051
leaf_weight=22 30 14.999999999999998 31 24
leaf_count=22 30 15 31 24
internal_value=4.6659e-05 0.00829514 -0.00812394 0.0121274
internal_weight=122 61 61 46
internal_count=122 61 61 46
is_linear=0
shrinkage=0.01


Tree=29
num_leaves=6
num_cat=0
split_feature=2 1 3 3 2
split_gain=61.64 51.1357 20.6643 5.00406 0.612089
threshold=0.22550000000000003 0.19250000000000003 0.51500000000000012 0.58550000000000002 0.20350000000000004
decision_type=2 2 2 2 2
left_child=2 -2 -1 -3 -4
right_child=1 3 4 -5 -6
leaf_value=0.00083295334703647171 0.018450722926855088 0.0033018939983513618 -0.012064681053161622 -0.0040285132825374605 -0.0061900124129127057
leaf_weight=24 23 15.999999999999998 27 17 14.999999999999998
leaf_count=24 23 16 27 17 15
internal_value=4.60584e-05 0.00765794 -0.00637425 -0.000345933 -0.010457
internal_weight=122 56 66 33 42
internal_count=122 56 66 33 42
is_linear=0
shrinkage=0.01


Tree=30
num_leaves=6
num_cat=0
split_feature=2 7 5 5 5
split_gain=60.5112 26.3891 24.0897 8.69476 1.78114
threshold=0.22550000000000003 0.44250000000000006 0.21150000000000002 0.33800000000000008 0.31550000000000006
decision_type=2 2 2 2 2
left_child=2 -2 -1 -3 -4
right_child=1 3 4 -5 -6
leaf_value=-0.012096365040966443 0.01536745441555977 -0.0029319354519248011 0.0019651233365661218 0.006736801950370565 -0.0024126492771837445
leaf_weight=33 23 18 17 14.999999999999998 15.999999999999998
leaf_count=33 23 18 17 15 16
internal_value=4.52433e-05 0.00758747 -0.00631563 0.00145391 -3.11527e-05
internal_weight=122 56 66 33 33
internal_count=122 56 66 33 33
is_linear=0
shrinkage=0.01


Tree=31
num_leaves=5
num_cat=0
split_feature=6 6 7 3
split_gain=81.0483 24.3358 8.75705 6.46321
threshold=0.48150000000000004 0.7835000000000002 0.45250000000000007 0.69450000000000001
decision_type=2 2 2 2
left_child=2 3 -1 -2
right_child=1 -3 -4 -5
leaf_value=0.013868266855676969 0.0022479759543030352 -0.012181137644996246 0.0037688328325748443 -0.0052096792459487918
leaf_weight=28 25 34 17 18
leaf_count=28 25 34 17 18
internal_value=4.54568e-05 -0.00610151 0.010482 -0.000855516
internal_weight=122 77 45 43
internal_count=122 77 45 43
is_linear=0
shrinkage=0.01


Tree=32
num_leaves=5
num_cat=0
split_feature=0 2 2 1
split_gain=80.7633 22.7044 17.7006 6.26834
threshold=0.32750000000000007 0.20450000000000002 0.22550000000000003 0.19250000000000003
decision_type=2 2 2 2
left_child=1 -1 -2 -3
right_child=2 3 -4 -5
leaf_value=-0.0021174764808486492 -0.011950929704122246 0.01469851131069249 -0.00064051172733306896 0.0056866864292394546
leaf_weight=14.999999999999998 38 27 23 19
leaf_count=15 38 27 23 19
internal_value=4.54045e-05 0.00809016 -0.00792143 0.0114724
internal_weight=122 61 61 46
internal_count=122 61 61 46
is_linear=0
shrinkage=0.01


Tree=33
num_leaves=6
num_cat=0
split_feature=0 5 5 7 5
split_gain=79.262 16.2214 4.21897 3.91147 0.393634
threshold=0.32750000000000007 0.21750000000000003 0.24950000000000003 0.46250000000000008 0.38250000000000006
decision_type=2 2 2 2 2
left_child=2 -2 -1 -3 -4
right_child=1 3 4 -5 -6
leaf_value=0.0032076070298041616 -0.012735297002575615 -0.0055174360511934042 0.011402769855090551 0.0011588178136769463 0.0060172995055715241
leaf_weight=19 31 15.000000000000002 26 14.999999999999998 15.999999999999998
leaf_count=19 31 15 26 15 16
internal_value=4.50595e-05 -0.007847 0.00801506 -0.00215927 0.00983157
internal_weight=122 61 61 30 42
internal_count=122 61 61 30 42
is_linear=0
shrinkage=0.01


Tree=34
num_leaves=5
num_cat=0
split_feature=6 6 1 1
split_gain=77.7404 23.0951 20.2503 9.91798
threshold=0.48150000000000004 0.7835000000000002 0.19250000000000003 0.21750000000000003
decision_type=2 2 2 2
left_child=2 3 -1 -2
right_child=1 -3 -4 -5
leaf_value=0.016225718592221921 0.0026773338893364218 -0.011897222250699998 0.0024224180064123611 -0.0067374884833892191
leaf_weight=24 27 34 21 15.999999999999998
leaf_count=24 27 34 21 16
internal_value=4.55822e-05 -0.00597382 0.0102678 -0.000858491
internal_weight=122 77 45 43
internal_count=122 77 45 43
is_linear=0
shrinkage=0.01


Tree=35
num_leaves=6
num_cat=0
split_feature=5 3 7 3 3
split_gain=45.5824 28.0681 8.99838 7.92492 0.185398
threshold=0.20950000000000002 0.69450000000000001 0.44250000000000006 0.5525000000000001 0.49550000000000005
decision_type=2 2 2 2 2
left_child=3 2 4 -1 -2
right_child=1 -3 -4 -5 -6
leaf_value=-0.0015863911150132909 0.0076458763725617343 -0.0044299422383308413 0.0033726448796946428 -0.011226531143846183 0.014479381262379534
leaf_weight=14.999999999999998 15.000000000000002 23 27 27 14.999999999999998
leaf_count=15 15 23 27 27 15
internal_value=4.55603e-05 0.00449009 0.00820231 -0.00812586 0.0119103
internal_weight=122 80 57 42 30
internal_count=122 80 57 42 30
is_linear=0
shrinkage=0.01


Tree=36
num_leaves=6
num_cat=0
split_feature=6 4 4 2 6
split_gain=113.2 42.6165 7.87126 10.1716 0.211531
threshold=0.61250000000000016 0.19600000000000004 0.066500000000000017 0.24650000000000002 0.80200000000000016
decision_type=2 2 2 2 2
left_child=1 2 3 -1 -2
right_child=4 -3 -4 -5 -6
leaf_value=0.018991236314177512 -0.0077002942013113121 -0.0073418316069771266 0.0057829820869430412 0.006137449739172178 -0.013470944709454973
leaf_weight=18 17 14.999999999999998 29 14.999999999999998 34
leaf_count=18 17 15 29 15 34
internal_value=-0.00067413 0.0068813 0.0105224 0.013976 -0.0120049
internal_weight=128 77 62 33 51
internal_count=128 77 62 33 51
is_linear=0
shrinkage=0.01


Tree=37
num_leaves=5
num_cat=0
split_feature=2 7 1 7
split_gain=73.431 50.1817 20.8901 5.59888
threshold=0.20150000000000004 0.43250000000000005 0.22250000000000003 0.46250000000000008
decision_type=2 2 2 2
left_child=-1 -2 3 -3
right_child=1 2 -4 -5
leaf_value=-0.011420461239163267 0.015028148670991262 0.0060164436697959902 -0.0089469219957079207 -0.0012344598682487713
leaf_weight=41 28 25 19 14.999999999999998
leaf_count=41 28 25 19 15
internal_value=-0.000666635 0.00448783 -0.000761102 0.003249
internal_weight=128 87 59 40
internal_count=128 87 59 40
is_linear=0
shrinkage=0.01


Tree=38
num_leaves=6
num_cat=0
split_feature=4 2 7 2 7
split_gain=100.031 30.6315 15.6903 9.86995 1.03868
threshold=0.061500000000000006 0.21850000000000003 0.44750000000000006 0.24650000000000002 0.44250000000000006
decision_type=2 2 2 2 2
left_child=3 4 -3 -1 -2
right_child=1 2 -4 -5 -6
leaf_value=0.018744203448295593 -0.0075127020625002459 0.006326745251814524 -0.0061956248037955339 0.0060655395336010878 -0.012669049265055821
leaf_weight=18 31 22 14.999999999999998 14.999999999999998 27
leaf_count=18 31 22 15 15 27
internal_value=-0.000660055 -0.00591552 0.00106452 0.0137999 -0.0103387
internal_weight=128 95 37 33 58
internal_count=128 95 37 33 58
is_linear=0
shrinkage=0.01


Tree=39
num_leaves=6
num_cat=0
split_feature=5 1 5 5 5
split_gain=52.7554 22.6893 7.95746 11.2612 2.28337
threshold=0.23550000000000001 0.17750000000000002 0.27450000000000008 0.35650000000000004 0.18050000000000002
decision_type=2 2 2 2 2
left_child=4 -2 -3 -4 -1
right_child=1 2 3 -5 -6
leaf_value=-0.011442726211001475 0.01392936839869148 0.0067364039860273658 -0.0056335362285375593 0.0039243626904984317 -0.0055577376375681364
leaf_weight=22 17 17 23 22 27
leaf_count=22 17 17 23 22 27
internal_value=-0.000652337 0.00433328 0.00127091 -0.000886249 -0.00864313
internal_weight=128 79 62 45 49
internal_count=128 79 62 45 49
is_linear=0
shrinkage=0.01


Tree=40
num_leaves=5
num_cat=0
split_feature=6 0 4 6
split_gain=106.84 46.8675 11.8922 0.200911
threshold=0.61250000000000016 0.32750000000000007 0.066500000000000017 0.80200000000000016
decision_type=2 2 2 2
left_child=1 2 -1 -2
right_child=3 -3 -4 -5
leaf_value=0.017585710332943844 -0.0074566942688665894 -0.0030927146346338336 0.006440415700467733 -0.0130831837734311
leaf_weight=24 17 29 24 34
leaf_count=24 17 29 24 34
internal_value=-0.000645128 0.00669374 0.0125936 -0.0116542
internal_weight=128 77 48 51
internal_count=128 77 48 51
is_linear=0
shrinkage=0.01


Tree=41
num_leaves=6
num_cat=0
split_feature=3 5 5 5 5
split_gain=57.8206 42.923 19.1669 5.20225 3.57202
threshold=0.64800000000000013 0.23550000000000001 0.37450000000000006 0.17350000000000002 0.30800000000000005
decision_type=2 2 2 2 2
left_child=1 3 -3 -1 -2
right_child=4 2 -4 -5 -6
leaf_value=-0.0090852164433282943 -0.012728454349217591 0.012777165636056806 0 -0.00066806156459885341 -0.0049576524976227025
leaf_weight=15.000000000000002 25 39 17 15.999999999999998 15.999999999999998
leaf_count=15 25 39 17 16 16
internal_value=-0.000638617 0.0039313 0.00907517 -0.00519618 -0.0101839
internal_weight=128 87 56 31 41
internal_count=128 87 56 31 41
is_linear=0
shrinkage=0.01


Tree=42
num_leaves=5
num_cat=0
split_feature=6 0 4 6
split_gain=103.98 45.5388 11.54 0.190838
threshold=0.61250000000000016 0.32750000000000007 0.066500000000000017 0.80200000000000016
decision_type=2 2 2 2
left_child=1 2 -1 -2
right_child=3 -3 -4 -5
leaf_value=0.017340351755802449 -0.0073495666133730035 -0.0030407893922059764 0.0063522483494419316 -0.012907210890488286
leaf_weight=24 17 29 24 34
leaf_count=24 17 29 24 34
internal_value=-0.000635063 0.00660434 0.0124202 -0.0114963
internal_weight=128 77 48 51
internal_count=128 77 48 51
is_linear=0
shrinkage=0.01


Tree=43
num_leaves=6
num_cat=0
split_feature=3 7 1 3 7
split_gain=56.2167 18.411 13.768 5.11662 1.46106
threshold=0.64800000000000013 0.43250000000000005 0.21750000000000003 0.50700000000000012 0.44250000000000006
decision_type=2 2 2 2 2
left_child=1 -1 3 -3 -2
right_child=4 2 -4 -5 -6
leaf_value=0.009807447122805046 -0.0063076564195481211 0.0076220687395996524 -0.0066725519613215802 0.00023902865201234815 -0.012521588258121327
leaf_weight=31 20 15.999999999999998 17 23 21
leaf_count=31 20 16 17 23 21
internal_value=-0.000628652 0.00387686 0.000282663 0.00361397 -0.010041
internal_weight=128 87 56 39 41
internal_count=128 87 56 39 41
is_linear=0
shrinkage=0.01


Tree=44
num_leaves=5
num_cat=0
split_feature=4 2 2 1
split_gain=93.4593 28.1562 9.49096 7.12514
threshold=0.061500000000000006 0.21850000000000003 0.24650000000000002 0.19250000000000003
decision_type=2 2 2 2
left_child=2 -2 -1 -3
right_child=1 3 -4 -5
leaf_value=0.018190782576799396 -0.009945212353331347 0.0057431795572241151 0.0057948013877167429 -0.002608953481135161
leaf_weight=18 58 15.999999999999998 14.999999999999998 21
leaf_count=18 58 16 15 21
internal_value=-0.000623186 -0.00570455 0.0133522 0.00098388
internal_weight=128 95 33 37
internal_count=128 95 33 37
is_linear=0
shrinkage=0.01


Tree=45
num_leaves=6
num_cat=0
split_feature=0 7 0 1 1
split_gain=62.6398 5.49668 16.8852 5.37383 8.27106
threshold=0.32750000000000007 0.45750000000000007 0.35250000000000004 0.17750000000000002 0.19750000000000004
decision_type=2 2 2 2 2
left_child=3 -2 -3 -1 -5
right_child=1 2 -4 4 -6
leaf_value=0.011561578368260102 -0.0097297698697623083 0.0041567129422636594 -0.0087212382912635802 0 0.0094973401462330551
leaf_weight=20 32 14.999999999999998 23 20 14.999999999999998
leaf_count=20 32 15 23 20 15
internal_value=-0.000410777 -0.00664138 -0.00355917 0.00738615 0.00436907
internal_weight=125 70 38 55 35
internal_count=125 70 38 55 35
is_linear=0
shrinkage=0.01


Tree=46
num_leaves=4
num_cat=0
split_feature=6 2 6
split_gain=123.925 18.5822 8.37256
threshold=0.53900000000000015 0.24550000000000002 0.7360000000000001
decision_type=2 2 2
left_child=1 -1 -2
right_child=2 -3 -4
leaf_value=0.0028441955765773509 -0.004774382966570556 0.014357896300239696 -0.01305232148244977
leaf_weight=27 26 34 38
leaf_count=27 26 34 38
internal_value=-0.0004048 0.00959311 -0.0100118
internal_weight=125 61 64
internal_count=125 61 64
is_linear=0
shrinkage=0.01


Tree=47
num_leaves=5
num_cat=0
split_feature=2 2 3 3
split_gain=109.08 19.1214 15.4825 11.4576
threshold=0.24350000000000002 0.20350000000000004 0.54250000000000009 0.60350000000000004
decision_type=2 2 2 2
left_child=1 -1 -3 -2
right_child=3 2 -4 -5
leaf_value=-0.011802923528429789 0.018045629002153875 0.0037630221806466582 -0.0068924902715990621 0.0052773854640476847
leaf_weight=37 22 22 29 14.999999999999998
leaf_count=37 22 22 29 15
internal_value=-0.000400457 -0.00648521 -0.00223311 0.0135336
internal_weight=125 88 51 37
internal_count=125 88 51 37
is_linear=0
shrinkage=0.01


Tree=48
num_leaves=6
num_cat=0
split_feature=2 0 0 3 2
split_gain=107.089 27.2401 25.4158 7.42859 7.82005
threshold=0.24350000000000002 0.31750000000000006 0.32750000000000007 0.60350000000000004 0.20750000000000002
decision_type=2 2 2 2 2
left_child=1 -1 -2 4 -3
right_child=2 3 -4 -5 -6
leaf_value=0.0028504364673669143 0.021416236434131861 -0.010127369200482088 0.0042725842650092787 -0.012934974572724767 -0.00019561882081784701
leaf_weight=22 18 14.999999999999998 19 34 17
leaf_count=22 18 15 19 34 17
internal_value=-0.000394344 -0.00642367 0.0134115 -0.00958149 -0.00532006
internal_weight=125 88 37 66 32
internal_count=125 88 37 66 32
is_linear=0
shrinkage=0.01


Tree=49
num_leaves=6
num_cat=0
split_feature=5 1 5 3 5
split_gain=56.9063 21.334 15.0445 5.62918 3.87666
threshold=0.20950000000000002 0.17750000000000002 0.28150000000000003 0.6140000000000001 0.17350000000000002
decision_type=2 2 2 2 2
left_child=4 -2 -3 -4 -1
right_child=1 2 3 -5 -6
leaf_value=-0.012016859451501534 0.013138156284888585 0.0079440373279478244 0.00095898085722216848 -0.0059659330984577546 -0.0041837788855328276
leaf_weight=27 19 21 25 18 14.999999999999998
leaf_count=27 19 21 25 18 15
internal_value=-0.000389175 0.00435515 0.00135283 -0.00196503 -0.0096503
internal_weight=125 83 64 43 42
internal_count=125 83 64 43 42
is_linear=0
shrinkage=0.01


Tree=50
num_leaves=5
num_cat=0
split_feature=6 0 6 6
split_gain=116.896 22.097 7.90023 2.43445
threshold=0.53900000000000015 0.32750000000000007 0.7360000000000001 0.45100000000000007
decision_type=2 2 2 2
left_child=1 3 -2 -1
right_child=2 -3 -4 -5
leaf_value=0.016966699096171753 -0.0046222763315641449 0.0014131530145039925 -0.012671908101066947 0.0083578081925710056
leaf_weight=21 26 24 38 15.999999999999998
leaf_count=21 26 24 38 16
internal_value=-0.000384909 0.00932407 -0.00971667 0.0139917
internal_weight=125 61 64 37
internal_count=125 61 64 37
is_linear=0
shrinkage=0.01


Tree=51
num_leaves=5
num_cat=0
split_feature=6 3 6 1
split_gain=114.765 15.0027 7.7389 2.18789
threshold=0.53900000000000015 0.5395000000000002 0.7360000000000001 0.19250000000000003
decision_type=2 2 2 2
left_child=1 -1 -2 -3
right_child=2 3 -4 -5
leaf_value=0.014321403296724442 -0.0045793552277609709 0.0065313306976767151 -0.012551524966955186 0.00090426654407852586
leaf_weight=29 26 14.999999999999998 38 17
leaf_count=29 26 15 38 17
internal_value=-0.000378785 0.00924091 -0.0096255 0.00391805
internal_weight=125 61 64 32
internal_count=125 61 64 32
is_linear=0
shrinkage=0.01


Tree=52
num_leaves=5
num_cat=0
split_feature=6 0 6 4
split_gain=112.656 21.6033 7.58075 2.61104
threshold=0.53900000000000015 0.32750000000000007 0.7360000000000001 0.063000000000000014
decision_type=2 2 2 2
left_child=1 3 -2 -1
right_child=2 -3 -4 -5
leaf_value=0.017819611446724996 -0.0045368326498594668 0.0013388247673328108 -0.012432285493239761 0.0091881782334783807
leaf_weight=15.999999999999998 26 24 38 21
leaf_count=16 26 24 38 21
internal_value=-0.000373482 0.00915699 -0.00953519 0.0137713
internal_weight=125 61 64 37
internal_count=125 61 64 37
is_linear=0
shrinkage=0.01


Tree=53
num_leaves=6
num_cat=0
split_feature=0 3 3 0 1
split_gain=56.4573 12.9612 5.63855 4.94956 2.83215
threshold=0.32750000000000007 0.6140000000000001 0.60550000000000004 0.34250000000000008 0.18750000000000003
decision_type=2 2 2 2 2
left_child=2 3 4 -2 -1
right_child=1 -3 -4 -5 -6
leaf_value=0.01257684137476118 0.0020439113014274176 -0.010569557697098289 0.0019877450735796063 -0.0049444515054876152 0.0052456509792024189
leaf_weight=17 15.999999999999998 34 19 20 19
leaf_count=17 16 34 19 20 19
internal_value=-0.000367168 -0.00628461 0.00703265 -0.00176283 0.00931891
internal_weight=125 70 55 36 36
internal_count=125 70 55 36 36
is_linear=0
shrinkage=0.01


Tree=54
num_leaves=6
num_cat=0
split_feature=2 3 7 3 2
split_gain=40.9676 22.3746 15.6741 14.0191 5.26644
threshold=0.20150000000000004 0.70250000000000001 0.46250000000000008 0.47550000000000003 0.23450000000000001
decision_type=2 2 2 2 2
left_child=-1 2 3 -2 -5
right_child=1 -3 -4 4 -6
leaf_value=-0.009683043223340064 0.016564415800902579 -0.0050527046296907508 -0.0010842466744638624 0.00040349809354857396 0.0086637016780236192
leaf_weight=30 15.999999999999998 21 19 17 14.999999999999998
leaf_count=30 16 21 19 17 15
internal_value=0 0.00349031 0.00630927 0.00926218 0.00470439
internal_weight=118 88 67 48 32
internal_count=118 88 67 48 32
is_linear=0
shrinkage=0.01


Tree=55
num_leaves=5
num_cat=0
split_feature=6 1 6 6
split_gain=65.4769 32.4237 2.00718 0.547015
threshold=0.61850000000000016 0.21750000000000003 0.41750000000000004 0.87650000000000017
decision_type=2 2 2 2
left_child=1 2 -1 -2
right_child=3 -3 -4 -5
leaf_value=0.0055250357339779533 -0.0057101943039081313 -0.0039605829152076135 0.012012090488440461 -0.010542916796844581
leaf_weight=15.999999999999998 20 21 34 27
leaf_count=16 20 21 34 27
internal_value=0 0.00603825 0.0103247 -0.00890549
internal_weight=118 71 50 47
internal_count=118 71 50 47
is_linear=0
shrinkage=0.01


Tree=56
num_leaves=5
num_cat=0
split_feature=6 0 4 6
split_gain=64.2726 40.932 6.65106 0.526917
threshold=0.61850000000000016 0.32750000000000007 0.12750000000000003 0.87650000000000017
decision_type=2 2 2 2
left_child=1 2 -1 -2
right_child=3 -3 -4 -5
leaf_value=0.014371139842551202 -0.0056582833589477978 -0.0036955159104296136 0.0047208275908932965 -0.010444758655182247
leaf_weight=30 20 26 14.999999999999998 27
leaf_count=30 20 26 15 27
internal_value=0 0.00598159 0.0115985 -0.00882409
internal_weight=118 71 45 47
internal_count=118 71 45 47
is_linear=0
shrinkage=0.01


Tree=57
num_leaves=5
num_cat=0
split_feature=6 1 5 5
split_gain=63.0951 31.5226 6.40244 2.81528
threshold=0.61850000000000016 0.21750000000000003 0.38450000000000006 0.21750000000000003
decision_type=2 2 2 2
left_child=1 2 -1 -2
right_child=3 -3 -4 -5
leaf_value=0.012628780702749889 -0.011174029939408815 -0.0039294181666944339 0.0037965543982055451 -0.0048067676599906836
leaf_weight=34 26 21 15.999999999999998 21
leaf_count=34 26 21 16 21
internal_value=0 0.00592599 0.0101533 -0.00874344
internal_weight=118 71 50 47
internal_count=118 71 50 47
is_linear=0
shrinkage=0.01


Tree=58
num_leaves=5
num_cat=0
split_feature=6 0 0 6
split_gain=61.9328 39.8678 3.70827 0.503054
threshold=0.61850000000000016 0.32750000000000007 0.31750000000000006 0.87650000000000017
decision_type=2 2 2 2
left_child=1 2 -1 -2
right_child=3 -3 -4 -5
leaf_value=0.008033767228480428 -0.0055486757071180779 -0.0036771454608866146 0.016141231384347469 -0.01025665397274083
leaf_weight=30 20 26 14.999999999999998 27
leaf_count=30 20 26 15 27
internal_value=0 0.00587016 0.0114145 -0.00866355
internal_weight=118 71 45 47
internal_count=118 71 45 47
is_linear=0
shrinkage=0.01


Tree=59
num_leaves=5
num_cat=0
split_feature=0 3 1 1
split_gain=60.1096 18.021 5.87795 4.42509
threshold=0.32750000000000007 0.47550000000000003 0.19750000000000004 0.18250000000000002
decision_type=2 2 2 2
left_child=1 -1 -2 -3
right_child=2 3 -4 -5
leaf_value=0.014940518412739039 -0.0012313107318348354 0.0060813153806057842 -0.0088667046477397277 -0.00010533227220825527
leaf_weight=18 15.999999999999998 20 43 21
leaf_count=18 16 20 43 21
internal_value=0 0.00705208 -0.00698632 0.00293875
internal_weight=118 59 59 41
internal_count=118 59 59 41
is_linear=0
shrinkage=0.01


Tree=60
num_leaves=5
num_cat=0
split_feature=6 4 7 6
split_gain=60.3827 35.0535 9.2049 0.524997
threshold=0.61850000000000016 0.18300000000000002 0.45250000000000007 0.87650000000000017
decision_type=2 2 2 2
left_child=1 2 -1 -2
right_child=3 -3 -4 -5
leaf_value=0.013320294568936032 -0.0054546430910175489 -0.0056413387022912495 0.0040203838733335337 -0.010141117326144516
leaf_weight=31 20 18 22 27
leaf_count=31 20 18 22 27
internal_value=0 0.0057977 0.00983744 -0.00855295
internal_weight=118 71 53 47
internal_count=118 71 53 47
is_linear=0
shrinkage=0.01


Tree=61
num_leaves=5
num_cat=0
split_feature=0 3 1 1
split_gain=58.4144 17.6862 5.7632 4.25714
threshold=0.32750000000000007 0.47550000000000003 0.19750000000000004 0.18250000000000002
decision_type=2 2 2 2
left_child=1 -1 -2 -3
right_child=2 3 -4 -5
leaf_value=0.014765881586819888 -0.0011903644435935551 0.0059606565873731266 -0.0087484297255675005 -0.00010338553591914799
leaf_weight=18 15.999999999999998 20 43 21
leaf_count=18 16 20 43 21
internal_value=0 0.00695204 -0.00688698 0.00287806
internal_weight=118 59 59 41
internal_count=118 59 59 41
is_linear=0
shrinkage=0.01


Tree=62
num_leaves=5
num_cat=0
split_feature=0 2 5 5
split_gain=57.3427 20.0249 15.3498 8.02306
threshold=0.32750000000000007 0.21150000000000002 0.26450000000000007 0.37050000000000005
decision_type=2 2 2 2
left_child=1 -1 -2 -3
right_child=2 3 -4 -5
leaf_value=-0.0015678472965955734 -0.010202121681400708 0.01392067596848522 0.00034930949409802759 0.0036367022465257082
leaf_weight=18 40 26 19 14.999999999999998
leaf_count=18 40 26 19 15
internal_value=0 0.00688928 -0.00682219 0.0106187
internal_weight=118 59 59 41
internal_count=118 59 59 41
is_linear=0
shrinkage=0.01


Tree=63
num_leaves=5
num_cat=0
split_feature=4 7 7 3
split_gain=76.1276 20.1657 11.3763 3.19838
threshold=0.10300000000000001 0.44750000000000006 0.43250000000000005 0.61900000000000011
decision_type=2 2 2 2
left_child=1 -1 -2 -4
right_child=2 -3 3 -5
leaf_value=0.015434356039533248 -0.00055729948878288269 0.0025874558457269752 -0.0051527553148891618 -0.011862003530921608
leaf_weight=24 23 27 21 27
leaf_count=24 23 27 21 27
internal_value=-9.23269e-07 0.00908169 -0.00666362 -0.00935023
internal_weight=122 51 71 48
internal_count=122 51 71 48
is_linear=0
shrinkage=0.01


Tree=64
num_leaves=6
num_cat=0
split_feature=4 2 0 0 2
split_gain=74.7461 23.2697 18.1599 17.5099 2.01035
threshold=0.10300000000000001 0.20650000000000002 0.33250000000000007 0.34250000000000008 0.24550000000000002
decision_type=2 2 2 2 2
left_child=2 -2 4 -3 -1
right_child=1 3 -4 -5 -6
leaf_value=0.016202521178087122 -0.011319774628378625 0.0073137954578680131 0 -0.0070361870965536897 0.0081264860434457666
leaf_weight=17 41 15.000000000000002 15.999999999999998 14.999999999999998 18
leaf_count=17 41 15 16 15 18
internal_value=-8.41497e-07 -0.00660316 0.00899862 0 0.012848
internal_weight=122 71 51 30 35
internal_count=122 71 51 30 35
is_linear=0
shrinkage=0.01


Tree=65
num_leaves=6
num_cat=0
split_feature=2 3 5 5 5
split_gain=64.7551 34.8869 16.3329 7.19107 5.62378
threshold=0.20650000000000002 0.73450000000000004 0.35200000000000004 0.19350000000000003 0.23550000000000001
decision_type=2 2 2 2 2
left_child=3 2 4 -1 -2
right_child=1 -3 -4 -5 -6
leaf_value=-0.012981174226712298 0 -0.0074335853492512429 0.016135845070793516 -0.003862502291089013 0.0072039955858922292
leaf_weight=25 14.999999999999998 14.999999999999998 19 19 29
leaf_count=25 15 15 19 19 29
internal_value=0 0.00539853 0.00866543 -0.0094914 0.00476957
internal_weight=122 78 63 44 44
internal_count=122 78 63 44 44
is_linear=0
shrinkage=0.01


Tree=66
num_leaves=5
num_cat=0
split_feature=6 0 2 6
split_gain=90.1071 34.2967 10.1865 7.82458
threshold=0.53900000000000015 0.33750000000000008 0.20650000000000002 0.40300000000000008
decision_type=2 2 2 2
left_child=1 3 -2 -1
right_child=2 -3 -4 -5
leaf_value=0.0072429613520701734 -0.011174154117364775 -0.0031569359490745946 -0.0018327273126868976 0.017354913345382857
leaf_weight=22 42 17 19 22
leaf_count=22 42 17 19 22
internal_value=0 0.00841853 -0.00849445 0.0129424
internal_weight=122 61 61 44
internal_count=122 61 61 44
is_linear=0
shrinkage=0.01


Tree=67
num_leaves=6
num_cat=0
split_feature=5 3 3 3 3
split_gain=55.0769 24.6591 10.5404 8.43038 8.12356
threshold=0.23550000000000001 0.49550000000000005 0.48250000000000004 0.70250000000000001 0.57350000000000001
decision_type=2 2 2 2 2
left_child=2 -2 -1 4 -3
right_child=1 3 -4 -5 -6
leaf_value=-0.00034033996777402031 0.013559017027370059 -0.00077489046489491161 -0.010359868707183081 -0.0044768762150231532 0.0089582505208604477
leaf_weight=15.999999999999998 24 15.000000000000002 37 14.999999999999998 14.999999999999998
leaf_count=16 24 15 37 15 15
internal_value=0 0.00578232 -0.00754838 0.00112788 0.00419116
internal_weight=122 69 53 45 30
internal_count=122 69 53 45 30
is_linear=0
shrinkage=0.01


Tree=68
num_leaves=5
num_cat=0
split_feature=4 2 1 4
split_gain=70.7329 21.6415 12.5307 2.17579
threshold=0.10300000000000001 0.20650000000000002 0.19250000000000003 0.16750000000000004
decision_type=2 2 2 2
left_child=2 -2 -1 -3
right_child=1 3 -4 -5
leaf_value=0.013090865148852269 -0.010968270346868869 0.0026155301358769915 0.002656054922938347 -0.0024408571334446176
leaf_weight=28 41 15.000000000000002 23 14.999999999999998
leaf_count=28 41 15 23 15
internal_value=0 -0.00642008 0.00875712 0
internal_weight=122 71 51 30
internal_count=122 71 51 30
is_linear=0
shrinkage=0.01


Tree=69
num_leaves=5
num_cat=0
split_feature=4 3 3 3
split_gain=69.4161 17.2534 10.2483 6.69494
threshold=0.10300000000000001 0.50300000000000011 0.73450000000000004 0.54250000000000009
decision_type=2 2 2 2
left_child=1 -1 3 -2
right_child=2 -3 -4 -5
leaf_value=0.014339215663020257 -0.0056901119915502407 0.0024175775104335376 -0.010691489563323558 0.0021914945630466236
leaf_weight=25 26 26 30 14.999999999999998
leaf_count=25 26 26 30 15
internal_value=0 0.00867643 -0.00635884 -0.00272251
internal_weight=122 51 71 41
internal_count=122 51 71 41
is_linear=0
shrinkage=0.01


Tree=70
num_leaves=5
num_cat=0
split_feature=6 7 2 7
split_gain=85.2918 25.4992 9.56703 1.20554
threshold=0.53900000000000015 0.44750000000000006 0.20650000000000002 0.43250000000000005
decision_type=2 2 2 2
left_child=1 -1 3 -2
right_child=2 -3 -4 -5
leaf_value=0.014086188501404489 -0.006379579284952747 0.0010418902938404391 -0.0017919793423442614 -0.012784451657373991
leaf_weight=32 15.999999999999998 29 19 26
leaf_count=32 16 29 19 26
internal_value=0 0.00819411 -0.00826077 -0.010859
internal_weight=122 61 61 42
internal_count=122 61 61 42
is_linear=0
shrinkage=0.01


Tree=71
num_leaves=5
num_cat=0
split_feature=6 7 3 6
split_gain=83.7367 25.0135 10.4164 6.50258
threshold=0.53900000000000015 0.44750000000000006 0.48350000000000004 0.70150000000000012
decision_type=2 2 2 2
left_child=1 2 -1 -2
right_child=3 -3 -4 -5
leaf_value=0.01922719147644545 -0.002944744851278222 0.0010321435837015028 0.0061238934537943667 -0.0105479606267597
leaf_weight=17 21 29 14.999999999999998 40
leaf_count=17 21 29 15 40
internal_value=0 0.00811777 0.0139536 -0.0081864
internal_weight=122 61 32 61
internal_count=122 61 32 61
is_linear=0
shrinkage=0.01


Tree=72
num_leaves=4
num_cat=0
split_feature=0 2 0
split_gain=42.0292 13.5709 11.0853
threshold=0.31750000000000006 0.21750000000000003 0.33750000000000008
decision_type=2 2 2
left_child=-1 -2 -3
right_child=1 2 -4
leaf_value=0.0076049430623199004 -0.0095628862497820107 0.004398739402623553 -0.005451423206499645
leaf_weight=31 42 17 26
leaf_count=31 42 17 26
internal_value=-0.00198193 -0.00563024 -0.00142364
internal_weight=116 85 43
internal_count=116 85 43
is_linear=0
shrinkage=0.01


Tree=73
num_leaves=5
num_cat=0
split_feature=5 4 7 4
split_gain=32.5177 10.4916 8.8001 8.6983
threshold=0.22450000000000003 0.17650000000000002 0.44250000000000006 0.10300000000000001
decision_type=2 2 2 2
left_child=3 2 -2 -1
right_child=1 -3 -4 -5
leaf_value=-0.0010792848665048093 0.0099921112046355304 -0.0032065230675719005 0.0010977729757626852 -0.010705983077382877
leaf_weight=14.999999999999998 19 20 28 34
leaf_count=15 19 20 28 34
internal_value=-0.0019622 0.002496 0.00505648 -0.00801497
internal_weight=116 67 47 49
internal_count=116 67 47 49
is_linear=0
shrinkage=0.01


Tree=74
num_leaves=5
num_cat=0
split_feature=6 7 6 4
split_gain=37.1567 17.7447 5.8058 1.38836
threshold=0.53900000000000015 0.44250000000000006 0.80200000000000016 0.058500000000000003
decision_type=2 2 2 2
left_child=1 -1 -2 -3
right_child=2 3 -4 -5
leaf_value=0.009109429162124108 -0.0035042581403696977 0.00061796719537061809 -0.010768695057777222 -0.0030841685246144022
leaf_weight=27 25 14.999999999999998 30 19
leaf_count=27 25 15 30 19
internal_value=-0.00194324 0.00333193 -0.00779321 -0.00136839
internal_weight=116 61 55 34
internal_count=116 61 55 34
is_linear=0
shrinkage=0.01


Tree=75
num_leaves=6
num_cat=0
split_feature=7 3 7 3 3
split_gain=14.1971 20.2333 3.22378 2.40419 1.98783
threshold=0.44250000000000006 0.70950000000000013 0.47250000000000003 0.60050000000000014 0.52550000000000019
decision_type=2 2 2 2 2
left_child=1 4 3 -2 -1
right_child=2 -3 -4 -5 -6
leaf_value=0.0091265783239813415 -0.0036939122275479381 -0.006897936594836852 -0.0009377940168737301 -0.0091655438570749197 0.0031730014334122344
leaf_weight=14.999999999999998 29 14.999999999999998 19 19 19
leaf_count=15 29 15 19 19 19
internal_value=-0.0019251 0.00204941 -0.00487944 -0.00623975 0.00629958
internal_weight=116 49 67 48 34
internal_count=116 49 67 48 34
is_linear=0
shrinkage=0.01


Tree=76
num_leaves=6
num_cat=0
split_feature=2 1 4 4 4
split_gain=29.9366 23.3432 6.16021 3.62437 0.160397
threshold=0.21750000000000003 0.21750000000000003 0.12250000000000001 0.055500000000000008 0.15650000000000003
decision_type=2 2 2 2 2
left_child=4 2 3 -2 -1
right_child=1 -3 -4 -5 -6
leaf_value=-0.004472560260225745 0.0062286436557769768 -0.0058894677395405978 0.011384749482659733 -0.00010606471230002009 -0.0086797130492696946
leaf_weight=14.999999999999998 16.000000000000004 21 14.999999999999998 14.999999999999998 34
leaf_count=15 16 21 15 15 34
internal_value=-0.00190769 0.00236805 0.00633028 0.00319129 -0.00771575
internal_weight=116 67 46 31 49
internal_count=116 67 46 31 49
is_linear=0
shrinkage=0.01


Tree=77
num_leaves=6
num_cat=0
split_feature=2 1 3 3 2
split_gain=29.3943 22.9278 3.83421 2.01829 0.470022
threshold=0.21750000000000003 0.21750000000000003 0.52450000000000008 0.75050000000000006 0.19450000000000003
decision_type=2 2 2 2 2
left_child=3 2 -2 4 -1
right_child=1 -3 -4 -5 -6
leaf_value=-0.006970829133254787 0.0095570589195598261 -0.0058356944503991509 0.0030681978378977095 -0.011031859421895608 -0.0029385690116568615
leaf_weight=15.999999999999998 20 21 26 15.999999999999998 17
leaf_count=16 20 21 26 16 17
internal_value=-0.0018893 0.00234701 0.00627427 -0.00764473 -0.00532308
internal_weight=116 67 46 49 33
internal_count=116 67 46 49 33
is_linear=0
shrinkage=0.01


Tree=78
num_leaves=6
num_cat=0
split_feature=2 4 4 3 2
split_gain=28.8817 3.4006 8.02881 1.97394 0.457167
threshold=0.21750000000000003 0.12250000000000001 0.046500000000000007 0.75050000000000006 0.19450000000000003
decision_type=2 2 2 2 2
left_child=3 2 -2 4 -1
right_child=1 -3 -4 -5 -6
leaf_value=-0.0069088662653747539 0.0054081423953175542 0.0052979216516017913 -0.0028625237835305079 -0.010933798460496798 -0.0029122766813165263
leaf_weight=15.999999999999998 18 23 26 15.999999999999998 17
leaf_count=16 18 23 26 16 17
internal_value=-0.00187323 0.00232551 0.000500265 -0.00757846 -0.00527694
internal_weight=116 67 44 49 33
internal_count=116 67 44 49 33
is_linear=0
shrinkage=0.01


Tree=79
num_leaves=6
num_cat=0
split_feature=2 7 7 3 2
split_gain=28.3801 23.5677 1.93241 1.93044 0.444578
threshold=0.21750000000000003 0.44750000000000006 0.46750000000000008 0.75050000000000006 0.19450000000000003
decision_type=2 2 2 2 2
left_child=3 -2 -3 4 -1
right_child=1 2 -4 -5 -6
leaf_value=-0.0068474541707999187 0.0088372887574857291 -0.004745405114848506 -2.7227442711591719e-05 -0.010836609138382807 -0.0028862194167940244
leaf_weight=15.999999999999998 29 20 18 15.999999999999998 17
leaf_count=16 29 20 18 16 17
internal_value=-0.00185711 0.00230453 -0.00274859 -0.00751277 -0.00523121
internal_weight=116 67 38 49 33
internal_count=116 67 38 49 33
is_linear=0
shrinkage=0.01


Tree=80
num_leaves=5
num_cat=0
split_feature=0 6 6 6
split_gain=38.7028 19.0364 5.67164 2.22826
threshold=0.31750000000000006 0.47650000000000003 0.41550000000000004 0.80200000000000016
decision_type=2 2 2 2
left_child=2 -2 -1 -3
right_child=1 3 -4 -5
leaf_value=0.0020663246775374689 0.0023357792035676541 -0.0055022859392133919 0.011252393966747655 -0.010585742378607392
leaf_weight=15.000000000000002 22 35 15.999999999999998 28
leaf_count=15 22 35 16 28
internal_value=-0.00184261 -0.00534596 0.00735365 -0.00809472
internal_weight=116 85 31 63
internal_count=116 85 31 63
is_linear=0
shrinkage=0.01


Tree=81
num_leaves=5
num_cat=0
split_feature=5 7 5 3
split_gain=35.8158 13.7595 4.35673 0.809827
threshold=0.21750000000000003 0.44250000000000006 0.32650000000000007 0.55800000000000016
decision_type=2 2 2 2
left_child=-1 2 -2 -3
right_child=1 3 -4 -5
leaf_value=-0.0090067340590887605 0.0025508338715881109 -3.7726520707732755e-05 0.010413973348008261 -0.0033755579904506082
leaf_weight=43 18 17 15.999999999999998 17
leaf_count=43 18 17 16 17
internal_value=-0.00205033 0.0024088 0.00676301 -0.00194034
internal_weight=111 68 34 34
internal_count=111 68 34 34
is_linear=0
shrinkage=0.01


Tree=82
num_leaves=4
num_cat=0
split_feature=6 7 6
split_gain=39.33 13.7612 1.75549
threshold=0.53900000000000015 0.44250000000000006 0.80200000000000016
decision_type=2 2 2
left_child=1 -1 -2
right_child=2 -3 -4
leaf_value=0.0089967034432780132 -0.0044514134500561091 -0.0011066673189401627 -0.0091251721191737394
leaf_weight=27 27 23 34
leaf_count=27 27 23 34
internal_value=-0.00202973 0.00438919 -0.00734281
internal_weight=111 50 61
internal_count=111 50 61
is_linear=0
shrinkage=0.01


Tree=83
num_leaves=6
num_cat=0
split_feature=1 7 3 3 3
split_gain=31.27 5.134 2.21132 7.65292 1.26339
threshold=0.17750000000000002 0.44250000000000006 0.52650000000000008 0.6140000000000001 0.57350000000000001
decision_type=2 2 2 2 2
left_child=-1 4 -3 -4 -2
right_child=1 2 3 -5 -6
leaf_value=0.0081148965532581007 -0.0033105031988234258 -0.010115490551624034 0.00058103516259614156 -0.0082432127905928566 4.8479303008034118e-05
leaf_weight=22 18 15.999999999999998 14.999999999999998 21 19
leaf_count=22 18 16 15 21 19
internal_value=-0.00201088 -0.00469217 -0.00669991 -0.0045978 -0.00154338
internal_weight=111 89 52 36 37
internal_count=111 89 52 36 37
is_linear=0
shrinkage=0.01


Tree=84
num_leaves=5
num_cat=0
split_feature=4 0 4 3
split_gain=26.5481 18.6893 8.12958 0.209864
threshold=0.17650000000000002 0.33750000000000008 0.068500000000000019 0.60350000000000004
decision_type=2 2 2 2
left_child=1 2 -1 -2
right_child=3 -3 -4 -5
leaf_value=0.0010384728789329528 -0.0050534578599035745 -0.0056772319511288697 0.0097409546140503761 -0.0090520621863780203
leaf_weight=23 22 19 22 25
leaf_count=23 22 19 22 25
internal_value=-0.00199262 0.00212913 0.00563287 -0.00756507
internal_weight=111 64 45 47
internal_count=111 64 45 47
is_linear=0
shrinkage=0.01


Tree=85
num_leaves=5
num_cat=0
split_feature=1 0 3 3
split_gain=30.4494 10.04 2.65967 8.6134
threshold=0.17750000000000002 0.32250000000000006 0.52550000000000019 0.6140000000000001
decision_type=2 2 2 2
left_child=-1 -2 -3 -4
right_child=1 2 3 -5
leaf_value=0.0080165999444822469 6.2893210880218014e-05 -0.010158929937857797 0.00093126091886969176 -0.008139899179891304
leaf_weight=22 29 20 14.999999999999998 25
leaf_count=22 29 20 15 25
internal_value=-0.00197429 -0.0046208 -0.00689423 -0.00473681
internal_weight=111 89 60 40
internal_count=111 89 60 40
is_linear=0
shrinkage=0.01


Tree=86
num_leaves=4
num_cat=0
split_feature=6 7 6
split_gain=37.8612 13.1822 1.72411
threshold=0.53900000000000015 0.44250000000000006 0.80200000000000016
decision_type=2 2 2
left_child=1 -1 -2
right_child=2 -3 -4
leaf_value=0.0088497420121787188 -0.0043194156782380465 -0.001036599063873291 -0.0089281534217298033
leaf_weight=27 27 23 34
leaf_count=27 27 23 34
internal_value=-0.0019553 0.00434091 -0.00716947
internal_weight=111 50 61
internal_count=111 50 61
is_linear=0
shrinkage=0.01


Tree=87
num_leaves=4
num_cat=0
split_feature=5 1 5
split_gain=33.8356 29.8135 6.10781
threshold=0.21750000000000003 0.18250000000000002 0.36350000000000005
decision_type=2 2 2
left_child=-1 -2 -3
right_child=1 2 -4
leaf_value=-0.0087002568178706705 0.011478631154944499 -0.0046407458663099647 0.0026629872094182405
leaf_weight=43 22 31 14.999999999999998
leaf_count=43 22 31 15
internal_value=-0.00193715 0.00239448 -0.0021432
internal_weight=111 68 46
internal_count=111 68 46
is_linear=0
shrinkage=0.01


Tree=88
num_leaves=4
num_cat=0
split_feature=2 0 0
split_gain=36.7023 11.3582 4.9461
threshold=0.23850000000000002 0.32750000000000007 0.32250000000000006
decision_type=2 2 2
left_child=2 -2 -1
right_child=1 -3 -4
leaf_value=-0.0020292459538689368 0.010089371465146543 -0.00028905670207582022 -0.0080307435518016633
leaf_weight=25 22 17 47
leaf_count=25 22 17 47
internal_value=-0.0019172 0.00565007 -0.00612562
internal_weight=111 39 72
internal_count=111 39 72
is_linear=0
shrinkage=0.01


Tree=89
num_leaves=5
num_cat=0
split_feature=5 7 5 3
split_gain=32.9174 12.4367 4.05475 0.7515
threshold=0.21750000000000003 0.44250000000000006 0.32650000000000007 0.55800000000000016
decision_type=2 2 2 2
left_child=-1 2 -2 -3
right_child=1 3 -4 -5
leaf_value=-0.0085697888409097984 0.0024385809256928042 0 0.010036142087645002 -0.0031330213382055883
leaf_weight=43 18 17 15.999999999999998 17
leaf_count=43 18 17 16 17
internal_value=-0.00189851 0.00237298 0.00651173 -0.00175871
internal_weight=111 68 34 34
internal_count=111 68 34 34
is_linear=0
shrinkage=0.01


Tree=90
num_leaves=5
num_cat=0
split_feature=0 6 2 0
split_gain=38.2982 8.61869 8.54044 2.35656
threshold=0.32750000000000007 0.59450000000000014 0.22450000000000003 0.30750000000000005
decision_type=2 2 2 2
left_child=1 3 -2 -1
right_child=2 -3 -4 -5
leaf_value=0.0044535961034505266 -0.0089664216531174529 -0.00016633625485395128 -0.000786097214370966 0.010650082742795348
leaf_weight=21 33 17 23 20
leaf_count=21 33 17 23 20
internal_value=0 0.00555957 -0.00583581 0.00794731
internal_weight=114 58 56 41
internal_count=114 58 56 41
is_linear=0
shrinkage=0.01


Tree=91
num_leaves=5
num_cat=0
split_feature=6 7 3 3
split_gain=37.4423 20.6465 6.30937 3.57401
threshold=0.69100000000000006 0.43250000000000005 0.5355000000000002 0.64250000000000018
decision_type=2 2 2 2
left_child=1 -1 -3 -4
right_child=-2 2 3 -5
leaf_value=0.010400673930843672 -0.0082136907707899814 0.0049541313310756405 -0.0053068166375160224 0.00064293802568787025
leaf_weight=28 36 14.999999999999998 18 17
leaf_count=28 36 15 18 17
internal_value=0 0.0038415 0 -0.00240326
internal_weight=114 78 50 35
internal_count=114 78 50 35
is_linear=0
shrinkage=0.01


Tree=92
num_leaves=5
num_cat=0
split_feature=0 4 4 6
split_gain=37.1561 11.6449 7.8307 5.13466
threshold=0.32750000000000007 0.18550000000000003 0.092500000000000013 0.69100000000000006
decision_type=2 2 2 2
left_child=1 2 -1 -2
right_child=3 -3 -4 -5
leaf_value=0.0041074868429590156 -0.0023315820686759486 -0.00091137217357754711 0.013881075633141924 -0.0088285074975534249
leaf_weight=25 29 18 14.999999999999998 27
leaf_count=25 29 18 15 27
internal_value=0 0.00547755 0.00837811 -0.00574665
internal_weight=114 58 40 56
internal_count=114 58 40 56
is_linear=0
shrinkage=0.01


Tree=93
num_leaves=6
num_cat=0
split_feature=2 3 3 1 1
split_gain=27.4281 11.3032 4.85767 1.60114 0.939718
threshold=0.22350000000000003 0.6140000000000001 0.47850000000000004 0.21250000000000002 0.19250000000000003
decision_type=2 2 2 2 2
left_child=2 4 -1 -4 -2
right_child=1 -3 3 -5 -6
leaf_value=-2.7700120376216044e-05 0.010392094500362874 -0.00017327620514801572 -0.0042313787140525307 -0.0097621733941795196 0.0046437258143251867
leaf_weight=15.999999999999998 18 26 24 14.999999999999998 14.999999999999998
leaf_count=16 18 26 24 15 15
internal_value=0 0.00462186 -0.00502581 -0.00685299 0.00833672
internal_weight=114 59 55 39 33
internal_count=114 59 55 39 33
is_linear=0
shrinkage=0.01


Tree=94
num_leaves=6
num_cat=0
split_feature=2 7 3 3 7
split_gain=26.9474 30.0956 4.76791 3.46422 2.11083
threshold=0.22350000000000003 0.43250000000000005 0.47850000000000004 0.55800000000000016 0.44750000000000006
decision_type=2 2 2 2 2
left_child=2 -2 -1 -3 -4
right_child=1 3 4 -5 -6
leaf_value=-2.7453721397452885e-05 0.014641995556652545 0.003088165427195943 -0.0040100874436589393 -0.0025561290372301034 -0.0099547450940179472
leaf_weight=15.999999999999998 18 15.999999999999998 24 25 14.999999999999998
leaf_count=16 18 16 24 25 15
internal_value=0 0.00458051 -0.00498223 -0.000196012 -0.00679251
internal_weight=114 59 55 41 39
internal_count=114 59 55 41 39
is_linear=0
shrinkage=0.01


Tree=95
num_leaves=6
num_cat=0
split_feature=5 7 1 5 7
split_gain=31.6051 15.0709 8.62553 2.40447 1.47529
threshold=0.21750000000000003 0.43250000000000005 0.21750000000000003 0.17750000000000002 0.45250000000000007
decision_type=2 2 2 2 2
left_child=3 -2 4 -1 -3
right_child=1 2 -4 -5 -6
leaf_value=-0.010179871410131453 0.0091815606604019814 0.0005300121617160345 -0.0054569411443339457 -0.0038182043177740917 0.0051045168237760664
leaf_weight=18 28 17 15.999999999999998 19 15.999999999999998
leaf_count=18 28 17 16 19 16
internal_value=0 0.00359713 7.30705e-05 -0.00740461 0.00305576
internal_weight=114 77 49 37 33
internal_count=114 77 49 37 33
is_linear=0
shrinkage=0.01


Tree=96
num_leaves=5
num_cat=0
split_feature=0 4 4 6
split_gain=35.417 11.1529 7.73854 4.84412
threshold=0.32750000000000007 0.18550000000000003 0.092500000000000013 0.69100000000000006
decision_type=2 2 2 2
left_child=1 2 -1 -2
right_child=3 -3 -4 -5
leaf_value=0.0039567018769405505 -0.0022847856569194027 -0.00089993839152157306 0.013645948296522393 -0.0086082057494284783
leaf_weight=25 29 18 14.999999999999998 27
leaf_count=25 29 18 15 27
internal_value=0 0.00534689 0.008186 -0.00561149
internal_weight=114 58 40 56
internal_count=114 58 40 56
is_linear=0
shrinkage=0.01


Tree=97
num_leaves=6
num_cat=0
split_feature=5 7 1 5 7
split_gain=30.6749 14.6496 8.40052 2.37127 1.49129
threshold=0.21750000000000003 0.43250000000000005 0.21750000000000003 0.17750000000000002 0.45250000000000007
decision_type=2 2 2 2 2
left_child=3 -2 4 -1 -3
right_child=1 2 -4 -5 -6
leaf_value=-0.010046114891767502 0.0090495506723721822 0.00048553504637981713 -0.0053879892619119749 -0.0037417414128070787 0.0050683716945867574
leaf_weight=18 28 17 15.999999999999998 19 15.999999999999998
leaf_count=18 28 17 16 19 16
internal_value=0 0.00354378 6.80794e-05 -0.00729484 0.00301302
internal_weight=114 77 49 37 33
internal_count=114 77 49 37 33
is_linear=0
shrinkage=0.01


Tree=98
num_leaves=5
num_cat=0
split_feature=0 6 7 6
split_gain=34.3644 7.65237 16.8827 4.70013
threshold=0.32750000000000007 0.59450000000000014 0.44250000000000006 0.69100000000000006
decision_type=2 2 2 2
left_child=1 2 -1 -2
right_child=3 -3 -4 -5
leaf_value=0.012347032786519439 -0.0022473150996431229 -0.00011561922336879531 -0.00028694003613458736 -0.0084802680488290458
leaf_weight=25 29 17 15.999999999999998 27
leaf_count=25 29 17 16 27
internal_value=0 0.0052668 0.00751639 -0.00552749
internal_weight=114 58 41 56
internal_count=114 58 41 56
is_linear=0
shrinkage=0.01


Tree=99
num_leaves=5
num_cat=0
split_feature=4 1 4 3
split_gain=47.8598 13.1725 0.832519 2.19625
threshold=0.14450000000000002 0.18750000000000003 0.27700000000000008 0.60350000000000004
decision_type=2 2 2 2
left_child=1 -1 3 -2
right_child=2 -3 -4 -5
leaf_value=0.011660295967702513 -0.0014718525600619615 0.0014159223257467666 -0.0089878922936163456 -0.0069187667220830919
leaf_weight=25 17 27 17 21
leaf_count=25 17 27 17 21
internal_value=-1.81381e-05 0.00668314 -0.0064538 -0.00480242
internal_weight=107 52 55 38
internal_count=107 52 55 38
is_linear=0
shrinkage=0.01


Tree=100
num_leaves=4
num_cat=0
split_feature=4 1 2
split_gain=47.0058 12.9238 11.0931
threshold=0.14450000000000002 0.18750000000000003 0.21850000000000003
decision_type=2 2 2
left_child=1 -1 -2
right_child=2 -3 -4
leaf_value=0.01155233002923153 -0.0092760707272682343 0.0014027396229834394 7.4059994597184035e-05
leaf_weight=25 38 27 17
leaf_count=25 38 27 17
internal_value=-1.87461e-05 0.00662208 -0.00639712
internal_weight=107 52 55
internal_count=107 52 55
is_linear=0
shrinkage=0.01


Tree=101
num_leaves=5
num_cat=0
split_feature=1 7 1 7
split_gain=33.095 15.3553 6.41034 4.13472
threshold=0.18750000000000003 0.42250000000000004 0.22250000000000003 0.46250000000000008
decision_type=2 2 2 2
left_child=1 -1 3 -2
right_child=2 -3 -4 -5
leaf_value=0 -0.0036868890122540537 0.012980311208150604 -0.0077516901386635645 0.002163609469548407
leaf_weight=14.999999999999998 29 20 26 17
leaf_count=15 29 20 26 17
internal_value=-1.64939e-05 0.00766039 -0.00392206 -0.00142052
internal_weight=107 35 72 46
internal_count=107 35 72 46
is_linear=0
shrinkage=0.01


Tree=102
num_leaves=5
num_cat=0
split_feature=6 2 6 6
split_gain=62.1666 4.65328 2.16141 0.953709
threshold=0.48150000000000004 0.25950000000000006 0.80200000000000016 0.60050000000000014
decision_type=2 2 2 2
left_child=1 -1 3 -2
right_child=2 -3 -4 -5
leaf_value=0.0050949704762676667 -0.0058120567883764001 0.012742603406310083 -0.0089212674740701912 -0.0017070839236686497
leaf_weight=27 19 18 26 17
leaf_count=27 19 18 26 17
internal_value=-1.53859e-05 0.00867247 -0.00647318 -0.00419705
internal_weight=107 45 62 36
internal_count=107 45 62 36
is_linear=0
shrinkage=0.01


Tree=103
num_leaves=3
num_cat=0
split_feature=5 2
split_gain=47.3365 26.4714
threshold=0.35200000000000004 0.23250000000000004
decision_type=2 2
left_child=1 -1
right_child=-2 -3
leaf_value=-0.0084781880755550581 0.0099796972559257 0.0035679790883607764
leaf_weight=50 31 26
leaf_count=50 31 26
internal_value=-1.49757e-05 -0.00430721
internal_weight=107 76
internal_count=107 76
is_linear=0
shrinkage=0.01


Tree=104
num_leaves=3
num_cat=0
split_feature=5 2
split_gain=46.4381 25.974
threshold=0.35200000000000004 0.23250000000000004
decision_type=2 2
left_child=1 -1
right_child=-2 -3
leaf_value=-0.0083966670880237446 0.009885948632251132 0.0035348479369921343
leaf_weight=50 31 26
leaf_count=50 31 26
internal_value=-1.29784e-05 -0.00426476
internal_weight=107 76
internal_count=107 76
is_linear=0
shrinkage=0.01


Tree=105
num_leaves=6
num_cat=0
split_feature=5 1 5 5 1
split_gain=45.5568 8.50741 2.06984 0.102339 0.0264641
threshold=0.35200000000000004 0.18750000000000003 0.22450000000000003 0.27750000000000008 0.18250000000000002
decision_type=2 2 2 2 2
left_child=1 -1 -3 -4 -2
right_child=4 2 3 -5 -6
leaf_value=0.0014462797828018665 0.011815273712078729 -0.0083447858744433948 -0.001854011661866132 -0.0046381614994453757 0.0062056901240173518
leaf_weight=18 16.000000000000004 26 14.999999999999998 17 14.999999999999998
leaf_count=18 16 26 15 17 15
internal_value=-1.10093e-05 -0.00422271 -0.00605495 -0.00366598 0.00979308
internal_weight=107 76 58 32 31
internal_count=107 76 58 32 31
is_linear=0
shrinkage=0.01


Tree=106
num_leaves=4
num_cat=0
split_feature=6 7 4
split_gain=58.8821 15.4156 8.46782
threshold=0.48150000000000004 0.44750000000000006 0.18300000000000002
decision_type=2 2 2
left_child=1 -1 -2
right_child=2 -3 -4
leaf_value=0.012765613446633023 -0.0017987926208879799 0.00046931653430587369 -0.009554640303055445
leaf_weight=28 28 17 34
leaf_count=28 28 17 34
internal_value=-9.59094e-06 0.00844437 -0.00629579
internal_weight=107 45 62
internal_count=107 45 62
is_linear=0
shrinkage=0.01


Tree=107
num_leaves=5
num_cat=0
split_feature=0 7 0 7
split_gain=40.9729 14.9837 5.43855 15.1337
threshold=0.32250000000000006 0.42250000000000004 0.35250000000000004 0.45250000000000007
decision_type=2 2 2 2
left_child=1 -1 3 -2
right_child=2 -3 -4 -5
leaf_value=0 -0.0067528162337839601 0.012476576664126838 -0.0085661450965329993 0.0046061627723668749
leaf_weight=14.999999999999998 28 24 23 17
leaf_count=15 28 24 23 17
internal_value=-8.69105e-06 0.00788472 -0.00470316 -0.00234186
internal_weight=107 39 68 45
internal_count=107 39 68 45
is_linear=0
shrinkage=0.01


Tree=108
num_leaves=4
num_cat=0
split_feature=0 0 3
split_gain=36.6539 17.945 6.48247
threshold=0.32750000000000007 0.30750000000000005 0.57350000000000001
decision_type=2 2 2
left_child=1 -1 -2
right_child=2 -3 -4
leaf_value=0.0012677305525746838 -4.0484652693929348e-05 0.013133828697933092 -0.0067570706052439561
leaf_weight=27 27 25 33
leaf_count=27 27 25 33
internal_value=0.00130444 0.00734033 -0.00391406
internal_weight=112 52 60
internal_count=112 52 60
is_linear=0
shrinkage=0.01


Tree=109
num_leaves=4
num_cat=0
split_feature=0 0 3
split_gain=35.9854 17.6077 6.35714
threshold=0.32750000000000007 0.30750000000000005 0.57350000000000001
decision_type=2 2 2
left_child=1 -1 -2
right_child=2 -3 -4
leaf_value=0.0012559276973379068 -4.0107803451346938e-05 0.013012218883743994 -0.0066933610630886898
leaf_weight=27 27 25 33
leaf_count=27 27 25 33
internal_value=0.00129229 0.00727318 -0.00387792
internal_weight=112 52 60
internal_count=112 52 60
is_linear=0
shrinkage=0.01


Tree=110
num_leaves=5
num_cat=0
split_feature=0 0 0 2
split_gain=35.3293 17.2767 3.8356 3.56327
threshold=0.32750000000000007 0.30750000000000005 0.35250000000000004 0.22450000000000003
decision_type=2 2 2 2
left_child=1 -1 3 -2
right_child=2 -3 -4 -5
leaf_value=0.0012442344992325224 -0.00420310359057039 0.012891735409696896 -0.007303594012152065 0.0014497649458874212
leaf_weight=27 23 25 20 17
leaf_count=27 23 25 20 17
internal_value=0.00128025 0.00720666 -0.00384211 -0.00172695
internal_weight=112 52 60 40
internal_count=112 52 60 40
is_linear=0
shrinkage=0.01


Tree=111
num_leaves=6
num_cat=0
split_feature=4 4 7 3 7
split_gain=32.396 18.4443 6.9944 1.80267 2.81836
threshold=0.058500000000000003 0.019500000000000003 0.42750000000000005 0.79400000000000015 0.45250000000000007
decision_type=2 2 2 2 2
left_child=1 -1 -2 4 -4
right_child=2 -3 3 -5 -6
leaf_value=0.00073794103720608878 0.0033592747896909712 0.01604854564917715 0 -0.0066876193223630673 -0.0045649927523401046
leaf_weight=14.999999999999998 15.999999999999998 17 24 14.999999999999998 25
leaf_count=15 16 17 24 15 25
internal_value=0.00126816 0.00948433 -0.0021085 -0.00361157 -0.00234655
internal_weight=112 32 80 64 49
internal_count=112 32 80 64 49
is_linear=0
shrinkage=0.01


Tree=112
num_leaves=5
num_cat=0
split_feature=0 0 6 4
split_gain=34.2457 16.9351 6.40737 0.95361
threshold=0.32750000000000007 0.30750000000000005 0.59450000000000014 0.17450000000000002
decision_type=2 2 2 2
left_child=1 -1 -2 -4
right_child=2 -3 3 -5
leaf_value=0.0011915148640501089 0 0.012720525595876907 -0.0087576587410534128 -0.0038167034941513768
leaf_weight=27 25 25 14.999999999999998 20
leaf_count=27 25 25 15 20
internal_value=0.00125736 0.00709274 -0.00378499 -0.00642832
internal_weight=112 52 60 35
internal_count=112 52 60 35
is_linear=0
shrinkage=0.01


Tree=113
num_leaves=5
num_cat=0
split_feature=0 0 3 5
split_gain=33.6304 16.6167 6.12093 1.01044
threshold=0.32750000000000007 0.30750000000000005 0.57350000000000001 0.25150000000000006
decision_type=2 2 2 2
left_child=1 -1 -2 -4
right_child=2 -3 3 -5
leaf_value=0.0011804213965761251 0 0.012602743197370458 -0.0083847607895731931 -0.0032505374182673066
leaf_weight=27 27 25 18 14.999999999999998
leaf_count=27 27 25 18 15
internal_value=0.00124486 0.00702789 -0.00375149 -0.00651298
internal_weight=112 52 60 33
internal_count=112 52 60 33
is_linear=0
shrinkage=0.01


Tree=114
num_leaves=5
num_cat=0
split_feature=6 1 6 2
split_gain=27.2059 10.9434 6.50263 1.96477
threshold=0.61250000000000016 0.21750000000000003 0.46350000000000008 0.19450000000000003
decision_type=2 2 2 2
left_child=1 2 -1 -2
right_child=3 -3 -4 -5
leaf_value=0.0036341336472281095 -0.0019685331284999847 -0.0011088022873736918 0.01160887772217393 -0.0067571828044795746
leaf_weight=27 23 18 22 22
leaf_count=27 23 18 22 22
internal_value=0.00123194 0.00524387 0.00762751 -0.00460395
internal_weight=112 67 49 45
internal_count=112 67 49 45
is_linear=0
shrinkage=0.01


Tree=115
num_leaves=6
num_cat=0
split_feature=7 3 2 2 3
split_gain=22.1902 24.3287 17.9823 4.80447 2.00167
threshold=0.46250000000000008 0.69450000000000001 0.20150000000000004 0.24050000000000002 0.50300000000000011
decision_type=2 2 2 2 2
left_child=1 2 -1 -2 -4
right_child=3 -3 4 -5 -6
leaf_value=-0.00054608712855138276 -0.0085691626369953158 -0.0040838697910308835 0.0143766419199251 -0.00073002577655845223 0.0071015033702410404
leaf_weight=17 18 23 19 15.999999999999998 19
leaf_count=17 18 23 19 16 19
internal_value=0.00121969 0.00416961 0.00773097 -0.00526455 0.011401
internal_weight=112 78 55 34 38
internal_count=112 78 55 34 38
is_linear=0
shrinkage=0.01


Tree=116
num_leaves=6
num_cat=0
split_feature=4 4 6 4 7
split_gain=30.7419 17.8101 8.91234 2.19789 1.69712
threshold=0.058500000000000003 0.019500000000000003 0.61250000000000016 0.22750000000000004 0.44750000000000006
decision_type=2 2 2 2 2
left_child=1 -1 4 -4 -2
right_child=2 -3 3 -5 -6
leaf_value=0.00062775527729707617 0.0032360098300420722 0.015660731847348966 -0.0068850426748394969 -0.0016808399811270647 -0.00080003031036433056
leaf_weight=14.999999999999998 21 17 26 18 14.999999999999998
leaf_count=15 21 17 26 18 15
internal_value=0.0012075 0.00921252 -0.00208013 -0.00503039 0.00146915
internal_weight=112 32 80 44 36
internal_count=112 32 80 44 36
is_linear=0
shrinkage=0.01


Tree=117
num_leaves=6
num_cat=0
split_feature=6 7 1 6 7
split_gain=40.6939 43.9223 4.1175 2.98794 0.410991
threshold=0.53900000000000015 0.43250000000000005 0.22250000000000003 0.91700000000000015 0.44250000000000006
decision_type=2 2 2 2 2
left_child=1 -1 -3 4 -2
right_child=3 2 -4 -5 -6
leaf_value=0.013580170527100564 -0.0019427371853962541 0.00012303517988094916 -0.0061096377594067773 -0.0088065269853799585 -0.004974285871488974
leaf_weight=28 18 24 14.999999999999998 29 28
leaf_count=28 18 24 15 29 28
internal_value=-0.00110657 0.00444551 -0.00233329 -0.006118 -0.00402257
internal_weight=142 67 39 75 46
internal_count=142 67 39 75 46
is_linear=0
shrinkage=0.01


Tree=118
num_leaves=7
num_cat=0
split_feature=2 1 2 4 4 4
split_gain=27.9065 11.6785 9.60804 7.20227 4.25594 1.36429
threshold=0.21750000000000003 0.19250000000000003 0.24650000000000002 0.12950000000000003 0.22750000000000004 0.071500000000000008
decision_type=2 2 2 2 2 2
left_child=3 5 -3 -1 -5 -2
right_child=1 2 -4 4 -6 -7
leaf_value=0.00027494180947542192 0.0041197758995824381 -0.0057432106274523231 0.0035985646325235182 -0.010179832352857505 -0.0038269411721417019 0.010143188834190369
leaf_weight=14.999999999999998 16.000000000000004 17 24 26 29 14.999999999999998
leaf_count=15 16 17 24 26 29 15
internal_value=-0.00109698 0.00318962 -0.000245542 -0.00554162 -0.00716966 0.00762394
internal_weight=142 72 41 70 55 31
internal_count=142 72 41 70 55 31
is_linear=0
shrinkage=0.01


Tree=119
num_leaves=6
num_cat=0
split_feature=7 0 0 7 3
split_gain=39.4593 13.5047 7.24223 2.65523 3.24874
threshold=0.43250000000000005 0.31750000000000006 0.35250000000000004 0.46250000000000008 0.56950000000000001
decision_type=2 2 2 2 2
left_child=1 -1 3 4 -2
right_child=2 -3 -4 -5 -6
leaf_value=0.010120793568991846 -0.0011912860066097763 -0.00016471199056302958 -0.0089976140736572202 0.00034105729115636727 -0.0067667918814265206
leaf_weight=29 26 20 29 17 21
leaf_count=29 26 20 29 17 21
internal_value=-0.00108554 0.00598276 -0.00490988 -0.00276534 -0.00395902
internal_weight=142 49 93 64 47
internal_count=142 49 93 64 47
is_linear=0
shrinkage=0.01


Tree=120
num_leaves=6
num_cat=0
split_feature=0 0 4 4 1
split_gain=35.6607 8.44699 7.80087 5.02134 2.32566
threshold=0.31750000000000006 0.35250000000000004 0.14450000000000002 0.16950000000000004 0.19750000000000004
decision_type=2 2 2 2 2
left_child=2 3 -1 -2 -5
right_child=1 -3 -4 4 -6
leaf_value=0.0090000070511333415 0.00065401199123551774 -0.0089134429154857503 6.8408056265778006e-05 -0.0074795597889978031 -0.0019797744806855917
leaf_weight=29 29 29 15.999999999999998 15.999999999999998 23
leaf_count=29 29 29 16 16 23
internal_value=-0.00107595 -0.00449665 0.00606876 -0.00234074 -0.00461284
internal_weight=142 97 45 68 39
internal_count=142 97 45 68 39
is_linear=0
shrinkage=0.01


Tree=121
num_leaves=5
num_cat=0
split_feature=7 5 5 5
split_gain=38.3545 13.3601 4.20305 1.64599
threshold=0.43250000000000005 0.32500000000000007 0.23650000000000002 0.39500000000000007
decision_type=2 2 2 2
left_child=2 -2 -1 -3
right_child=1 3 -4 -5
leaf_value=0.0017830221191450786 -0.0073909834537368557 0.0027817644617136785 0.0082829807890999717 -0.0015521081493181342
leaf_weight=20 63 15.000000000000002 29 14.999999999999998
leaf_count=20 63 15 29 15
internal_value=-0.00106605 -0.00483694 0.00590194 0.000497005
internal_weight=142 93 49 30
internal_count=142 93 49 30
is_linear=0
shrinkage=0.01


Tree=122
num_leaves=7
num_cat=0
split_feature=6 6 0 6 0 0
split_gain=38.1856 15.8074 12.5588 2.91135 0.134875 0.290498
threshold=0.53900000000000015 0.36150000000000004 0.31750000000000006 0.91700000000000015 0.34250000000000008 0.32750000000000007
decision_type=2 2 2 2 2 2
left_child=1 -1 -3 4 5 -2
right_child=3 2 -4 -5 -6 -7
leaf_value=0.012424307035075292 -0.0037546808469821427 0.0062039752635690906 -0.0033173182420432566 -0.0085541025897668248 -0.0052677129250433708 -0.00095482518622542133
leaf_weight=15.999999999999998 15 25 26 29 15.999999999999998 15
leaf_count=16 15 25 26 29 16 15
internal_value=-0.00105415 0.00432261 0.00131363 -0.00590984 -0.00385168 -0.00265818
internal_weight=142 67 51 75 46 30
internal_count=142 67 51 75 46 30
is_linear=0
shrinkage=0.01


Tree=123
num_leaves=6
num_cat=0
split_feature=0 3 0 5 5
split_gain=34.0208 12.8478 8.14917 5.48892 0.325871
threshold=0.31750000000000006 0.68650000000000022 0.35250000000000004 0.32500000000000007 0.20600000000000002
decision_type=2 2 2 2 2
left_child=1 -1 3 4 -2
right_child=2 -3 -4 -5 -6
leaf_value=0.0095393978222273294 -0.0050966645256616174 -0.0012603534429388888 -0.0087244693526337229 0.0024527184266803993 -0.0024371804056629058
leaf_weight=30 23 14.999999999999998 29 15.999999999999998 29
leaf_count=30 23 15 29 16 29
internal_value=-0.00104475 0.00593265 -0.00438665 -0.00226886 -0.00385128
internal_weight=142 45 97 68 52
internal_count=142 45 97 68 52
is_linear=0
shrinkage=0.01


Tree=124
num_leaves=5
num_cat=0
split_feature=7 2 2 4
split_gain=36.9479 25.9853 6.47733 2.17044
threshold=0.43250000000000005 0.20450000000000002 0.24650000000000002 0.25050000000000006
decision_type=2 2 2 2
left_child=1 -1 3 -2
right_child=2 -3 -4 -5
leaf_value=-0.0037039765100435988 -0.0076662926981225614 0.010920966412214673 -0.00036476209181649937 -0.0027944248948584905
leaf_weight=17 46 32 27 20
leaf_count=17 46 32 27 20
internal_value=-0.00103542 0.00580269 -0.00473724 -0.00638911
internal_weight=142 49 93 66
internal_count=142 49 93 66
is_linear=0
shrinkage=0.01


Tree=125
num_leaves=7
num_cat=0
split_feature=5 5 5 5 3 5
split_gain=15.4276 11.5863 6.49681 3.5726 3.88136 7.00303
threshold=0.32650000000000007 0.38800000000000007 0.17650000000000002 0.27750000000000008 0.51250000000000007 0.21750000000000003
decision_type=2 2 2 2 2 2
left_child=2 -2 -1 4 -4 -6
right_child=1 -3 3 -5 5 -7
leaf_value=-0.0079188585902253781 0.0085306900087744001 -0.0010619546415714118 0.0028075857039379037 -0.0054864960487343763 -0.006739217205659339 0.0015647418850234576
leaf_weight=22 22 24 21 17 17 19
leaf_count=22 22 24 21 17 17 19
internal_value=-0.00102626 0.00358595 -0.00331538 -0.00170861 -0.00034934 -0.0023733
internal_weight=142 46 96 74 57 36
internal_count=142 46 96 74 57 36
is_linear=0
shrinkage=0.01


Tree=126
num_leaves=4
num_cat=0
split_feature=2 0 0
split_gain=39.1655 23.1727 2.60015
threshold=0.24650000000000002 0.32250000000000006 0.34250000000000008
decision_type=2 2 2
left_child=1 -1 -3
right_child=-2 2 -4
leaf_value=0.0047542844044751141 0.01156273459217378 -0.0033319860756397248 -0.0090193135082721719
leaf_weight=27 26 23 23
leaf_count=27 26 23 23
internal_value=0.00146384 -0.00227878 -0.00653714
internal_weight=99 73 46
internal_count=99 73 46
is_linear=0
shrinkage=0.01


Tree=127
num_leaves=5
num_cat=0
split_feature=6 7 7 7
split_gain=39.6688 8.39419 11.7027 1.19041
threshold=0.61250000000000016 0.43250000000000005 0.45250000000000007 0.44250000000000006
decision_type=2 2 2 2
left_child=1 -1 -3 -2
right_child=3 2 -4 -5
leaf_value=0.011283998007001354 -0.0026526876570036012 -0.0016909813948652961 0.009300337556530449 -0.0073650575015279983
leaf_weight=23 15.999999999999998 20 14.999999999999998 25
leaf_count=23 16 20 15 25
internal_value=0.0014495 0.00671673 0.00313254 -0.00585128
internal_weight=99 58 35 41
internal_count=99 58 35 41
is_linear=0
shrinkage=0.01


Tree=128
num_leaves=5
num_cat=0
split_feature=0 0 7 7
split_gain=24.2024 6.3937 5.06442 3.67638
threshold=0.32750000000000007 0.34750000000000003 0.44750000000000006 0.43250000000000005
decision_type=2 2 2 2
left_child=3 2 -2 -1
right_child=1 -3 -4 -5
leaf_value=0.0090616063481389463 -0.0036435263603925702 -0.0067379418700933462 0.003966674440923859 0.0024412327036261558
leaf_weight=27 16.000000000000004 23 14.999999999999998 18
leaf_count=27 16 23 15 18
internal_value=0.00143577 -0.00297497 0 0.00673641
internal_weight=99 54 31 45
internal_count=99 54 31 45
is_linear=0
shrinkage=0.01


Tree=129
num_leaves=4
num_cat=0
split_feature=2 5 1
split_gain=37.9026 7.37615 10.3253
threshold=0.24650000000000002 0.21750000000000003 0.20250000000000004
decision_type=2 2 2
left_child=1 -1 -3
right_child=-2 2 -4
leaf_value=-0.0061057621395836275 0.0113580811895164 0.0042529711559680956 -0.0050129659190064381
leaf_weight=28 26 26 19
leaf_count=28 26 26 19
internal_value=0.00142242 -0.00225816 0.000187466
internal_weight=99 73 45
internal_count=99 73 45
is_linear=0
shrinkage=0.01


Tree=130
num_leaves=5
num_cat=0
split_feature=6 1 0 6
split_gain=38.0712 5.75582 4.32109 1.90856
threshold=0.61250000000000016 0.21250000000000002 0.34250000000000008 0.48150000000000004
decision_type=2 2 2 2
left_child=1 3 -2 -1
right_child=2 -3 -4 -5
leaf_value=0.010640223800706177 -0.0018031259109689433 0.0011424066518482409 -0.0087933467782062031 0.0045174589086520046
leaf_weight=24 20 17 21 17
leaf_count=24 20 17 21 17
internal_value=0.00140859 0.00656972 -0.00574223 0.00854599
internal_weight=99 58 41 41
internal_count=99 58 41 41
is_linear=0
shrinkage=0.01


Tree=131
num_leaves=5
num_cat=0
split_feature=6 7 7 7
split_gain=37.3957 8.06138 11.488 1.08575
threshold=0.61250000000000016 0.43250000000000005 0.45250000000000007 0.44250000000000006
decision_type=2 2 2 2
left_child=1 -1 -3 -2
right_child=3 2 -4 -5
leaf_value=0.010984528294205667 -0.0025925492650518819 -0.0017701500552621755 0.009117502088055892 -0.007149727090641305
leaf_weight=23 15.999999999999998 20 14.999999999999998 25
leaf_count=23 16 20 15 25
internal_value=0.00139563 0.00651112 0.00300147 -0.0056909
internal_weight=99 58 35 41
internal_count=99 58 35 41
is_linear=0
shrinkage=0.01


Tree=132
num_leaves=5
num_cat=0
split_feature=4 5 4 0
split_gain=23.0409 6.87979 5.57578 5.22314
threshold=0.097500000000000017 0.21750000000000003 0.24700000000000003 0.31750000000000006
decision_type=2 2 2 2
left_child=3 -2 -3 -1
right_child=1 2 -4 -5
leaf_value=0.010552811041150405 -0.0065743464200447004 0.0031247108988463881 -0.00422998386380427 0.0023872644493454381
leaf_weight=21 22 24 14.999999999999998 17
leaf_count=21 22 24 15 17
internal_value=0.00138239 -0.00235637 0.000105677 0.00732682
internal_weight=99 61 39 38
internal_count=99 61 39 38
is_linear=0
shrinkage=0.01


Tree=133
num_leaves=5
num_cat=0
split_feature=6 7 7 1
split_gain=36.3477 7.87642 11.268 1.69531
threshold=0.61250000000000016 0.43250000000000005 0.45250000000000007 0.19250000000000003
decision_type=2 2 2 2
left_child=1 -1 -3 -2
right_child=3 2 -4 -5
leaf_value=0.01083501615971327 -0.0021843395858175225 -0.0017779807272282513 0.0090033034804989313 -0.0073025095711151755
leaf_weight=23 15.999999999999998 20 14.999999999999998 25
leaf_count=23 16 20 15 25
internal_value=0.00136961 0.0064136 0.00294434 -0.00561595
internal_weight=99 58 35 41
internal_count=99 58 35 41
is_linear=0
shrinkage=0.01


Tree=134
num_leaves=4
num_cat=0
split_feature=2 4 3
split_gain=35.7515 9.31122 1.96336
threshold=0.24650000000000002 0.097500000000000017 0.64250000000000018
decision_type=2 2 2
left_child=1 -1 -3
right_child=-2 2 -4
leaf_value=0.0030695500581160834 0.011007701568305493 -0.006536534556222183 -0.0020796750614355351
leaf_weight=21 26 25 27
leaf_count=21 26 25 27
internal_value=0.00135662 -0.00221596 -0.00447772
internal_weight=99 73 52
internal_count=99 73 52
is_linear=0
shrinkage=0.01


Tree=135
num_leaves=7
num_cat=0
split_feature=6 7 7 6 5 5
split_gain=39.2082 15.8832 6.56236 5.41257 2.17551 0.859906
threshold=0.53400000000000014 0.44250000000000006 0.42750000000000005 0.93350000000000011 0.29050000000000004 0.26450000000000007
decision_type=2 2 2 2 2 2
left_child=1 2 -1 5 -3 -2
right_child=3 4 -4 -5 -6 -7
leaf_value=0.0066072519723739875 -0.0021956513273088557 0.0052285945766112384 0.017782675097970404 -0.0066301624894142151 0 0.00051778035524945986
leaf_weight=16.000000000000004 17 14.999999999999998 14.999999999999998 23 18 24
leaf_count=16 17 15 15 23 18 24
internal_value=0.00250187 0.00794321 0.0129162 -0.00293953 0.0026576 -0.000540816
internal_weight=128 64 31 64 33 41
internal_count=128 64 31 64 33 41
is_linear=0
shrinkage=0.01


Tree=136
num_leaves=6
num_cat=0
split_feature=0 1 7 1 7
split_gain=17.2681 4.05608 5.8686 2.84042 0.351358
threshold=0.34250000000000008 0.20250000000000004 0.42250000000000004 0.20250000000000004 0.44250000000000006
decision_type=2 2 2 2 2
left_child=1 2 -1 -2 -4
right_child=3 -3 4 -5 -6
leaf_value=0.0015794055408332498 0.00026432940363883974 0.00074484698135744449 0.0098980788341550916 -0.0045971907206155639 0.0052402433156967165
leaf_weight=22 18 20 25 25 18
leaf_count=22 18 20 25 25 18
internal_value=0.00248083 0.00507294 0.00626804 -0.00252972 0.00837896
internal_weight=128 85 65 43 43
internal_count=128 85 65 43 43
is_linear=0
shrinkage=0.01


Tree=137
num_leaves=6
num_cat=0
split_feature=2 1 2 5 1
split_gain=27.9255 28.153 7.948 3.91855 3.39813
threshold=0.21150000000000002 0.21750000000000003 0.25350000000000006 0.19350000000000003 0.18750000000000003
decision_type=2 2 2 2 2
left_child=3 2 4 -1 -2
right_child=1 -3 -4 -5 -6
leaf_value=-0.0064237558469176295 0.008848546367624532 -0.0041630262136459354 0.014488052834164013 -0.00048029088139258047 0.0024783971646557684
leaf_weight=22 21 19 20 25 21
leaf_count=22 21 19 20 25 21
internal_value=0.00245919 0.00598594 0.00920714 -0.00351302 0.00603454
internal_weight=128 81 62 47 42
internal_count=128 81 62 47 42
is_linear=0
shrinkage=0.01


Tree=138
num_leaves=5
num_cat=0
split_feature=4 0 0 0
split_gain=41.7154 11.8196 13.1409 5.62663
threshold=0.16950000000000004 0.34750000000000003 0.30750000000000005 0.32250000000000006
decision_type=2 2 2 2
left_child=1 2 -1 -2
right_child=3 -3 -4 -5
leaf_value=0.0022207704316014828 0.0005304130040766562 0 0.012573144548572598 -0.0063254011374635575
leaf_weight=21 14.999999999999998 17 38 37
leaf_count=21 15 17 38 37
internal_value=0.00243649 0.00710791 0.00916399 -0.00430877
internal_weight=128 76 59 52
internal_count=128 76 59 52
is_linear=0
shrinkage=0.01


Tree=139
num_leaves=6
num_cat=0
split_feature=3 0 0 0 0
split_gain=24.0148 19.9497 9.42086 3.36896 0.70527
threshold=0.69450000000000001 0.34250000000000008 0.29750000000000004 0.32250000000000006 0.33750000000000008
decision_type=2 2 2 2 2
left_child=1 2 -1 -4 -2
right_child=4 -3 3 -5 -6
leaf_value=0.0011383204832673074 -0.0062672089171760224 -0.002286083996295929 0.012592992209829391 0.0057417040939132368 -0.0023331928930499339
leaf_weight=18 14.999999999999998 25 28 22 20
leaf_count=18 15 25 28 22 20
internal_value=0.00241354 0.00506982 0.00783367 0.0100114 -0.00440197
internal_weight=128 93 68 50 35
internal_count=128 93 68 50 35
is_linear=0
shrinkage=0.01


Tree=140
num_leaves=5
num_cat=0
split_feature=4 0 0 0
split_gain=40.698 11.4212 12.8265 5.45818
threshold=0.16950000000000004 0.34750000000000003 0.30750000000000005 0.32250000000000006
decision_type=2 2 2 2
left_child=1 2 -1 -2
right_child=3 -3 -4 -5
leaf_value=0.0021666581701973212 0.00049268549198613443 0 0.012393803526181729 -0.0062569429620336261
leaf_weight=21 14.999999999999998 17 38 37
leaf_count=21 15 17 38 37
internal_value=0.00239034 0.00700499 0.00902599 -0.00427121
internal_weight=128 76 59 52
internal_count=128 76 59 52
is_linear=0
shrinkage=0.01


Tree=141
num_leaves=7
num_cat=0
split_feature=3 1 7 3 7 7
split_gain=23.33 15.1386 1.69093 1.68129 1.19387 0.250257
threshold=0.69450000000000001 0.20250000000000004 0.45250000000000007 0.48250000000000004 0.46250000000000008 0.45250000000000007
decision_type=2 2 2 2 2 2
left_child=1 2 3 -1 -3 -2
right_child=5 4 -4 -5 -6 -7
leaf_value=0.002823627041209312 -0.0054156404716724704 0.0010226091742515562 0.011370402697254629 0.0076885995328907046 -0.0026238749176263811 -0.0021619603563757502
leaf_weight=19 20 15.000000000000002 14.999999999999998 29 14.999999999999998 14.999999999999998
leaf_count=19 20 15 15 29 15 15
internal_value=0.00236785 0.00498651 0.00770676 0.00605286 -0.000694422 -0.00434858
internal_weight=128 93 63 48 30 35
internal_count=128 93 63 48 30 35
is_linear=0
shrinkage=0.01


Tree=142
num_leaves=5
num_cat=0
split_feature=4 0 0 0
split_gain=39.6946 11.1453 12.5712 5.3216
threshold=0.16950000000000004 0.34750000000000003 0.30750000000000005 0.32250000000000006
decision_type=2 2 2 2
left_child=1 2 -1 -2
right_child=3 -3 -4 -5
leaf_value=0.0021117077508698342 0.00046956095954074579 0 0.012234207624103875 -0.0061923806770489767
leaf_weight=21 14.999999999999998 17 38 37
leaf_count=21 15 17 38 37
internal_value=0.00234613 0.00690406 0.00890062 -0.00423186
internal_weight=128 76 59 52
internal_count=128 76 59 52
is_linear=0
shrinkage=0.01


Tree=143
num_leaves=5
num_cat=0
split_feature=4 1 7 7
split_gain=38.9418 10.7036 4.74705 1.87965
threshold=0.16950000000000004 0.20250000000000004 0.43250000000000005 0.43750000000000006
decision_type=2 2 2 2
left_child=1 3 -2 -1
right_child=2 -3 -4 -5
leaf_value=0.0059000442508194183 6.8724666618638573e-05 0.00079428151296451687 -0.0061193844553475317 0.011475538278619449
leaf_weight=25 15.999999999999998 23 36 28
leaf_count=25 16 23 36 28
internal_value=0.00232404 0.00683877 -0.00419073 0.00924668
internal_weight=128 76 52 53
internal_count=128 76 52 53
is_linear=0
shrinkage=0.01


Tree=144
num_leaves=5
num_cat=0
split_feature=0 7 6 0
split_gain=21.6263 4.97913 5.93384 3.89108
threshold=0.33250000000000007 0.43750000000000006 0.52200000000000013 0.35750000000000004
decision_type=2 2 2 2
left_child=1 2 -1 -2
right_child=3 -3 -4 -5
leaf_value=0.0095347706314462873 -0.0017964819745975547 0.00040923841064795854 0.0010556818720172435 -0.0081637680530548089
leaf_weight=24 30 22 14.999999999999998 15.999999999999998
leaf_count=24 30 22 15 16
internal_value=0.000653551 0.00453448 0.00660611 -0.00436323
internal_weight=107 61 39 46
internal_count=107 61 39 46
is_linear=0
shrinkage=0.01


Tree=145
num_leaves=5
num_cat=0
split_feature=2 1 2 2
split_gain=15.5109 9.07961 2.13231 7.36236
threshold=0.25250000000000006 0.18750000000000003 0.22550000000000003 0.19850000000000004
decision_type=2 2 2 2
left_child=1 -1 3 -3
right_child=-2 2 -4 -5
leaf_value=0.0030699141837399581 0.0072618164646404762 -0.0060178155766888739 -0.0064640452003195169 0.0025035810274513142
leaf_weight=27 25 19 19 17
leaf_count=27 25 19 19 17
internal_value=0.000647207 -0.0014348 -0.00376405 -0.00194227
internal_weight=107 82 55 36
internal_count=107 82 55 36
is_linear=0
shrinkage=0.01


Tree=146
num_leaves=5
num_cat=0
split_feature=0 2 6 0
split_gain=21.1233 15.1647 6.69349 3.81782
threshold=0.33250000000000007 0.25250000000000006 0.46850000000000008 0.35750000000000004
decision_type=2 2 2 2
left_child=1 2 -1 -2
right_child=3 -3 -4 -5
leaf_value=-0.003570011676185661 -0.0017728194549999899 0.012275136187672616 0.0040436489393393836 -0.0080815555983119545
leaf_weight=15.999999999999998 30 15.999999999999998 29 15.999999999999998
leaf_count=16 30 16 29 16
internal_value=0.000640799 0.00447691 0.00119347 -0.00431663
internal_weight=107 61 45 46
internal_count=107 61 45 46
is_linear=0
shrinkage=0.01


Tree=147
num_leaves=5
num_cat=0
split_feature=7 3 5 3
split_gain=18.6312 10.5429 6.28584 6.3837
threshold=0.43750000000000006 0.59150000000000003 0.21750000000000003 0.56200000000000017
decision_type=2 2 2 2
left_child=1 -1 -2 -4
right_child=2 -3 3 -5
leaf_value=0.0090430551543831828 -0.0069902226717575731 -0.00066096119065251618 0.0025544927886221556 -0.0050576929323789144
leaf_weight=28 21 15.999999999999998 26 15.999999999999998
leaf_count=28 21 16 26 16
internal_value=0.000634005 0.00553031 -0.00277366 -0.000329834
internal_weight=107 44 63 42
internal_count=107 44 63 42
is_linear=0
shrinkage=0.01


Tree=148
num_leaves=5
num_cat=0
split_feature=7 2 4 7
split_gain=18.2853 9.79059 4.37961 2.25837
threshold=0.43750000000000006 0.23250000000000004 0.19600000000000004 0.46250000000000008
decision_type=2 2 2 2
left_child=1 -1 3 -2
right_child=2 -3 -4 -5
leaf_value=0.00057749339491128921 0.0014647678963162682 0.010110031110437021 -0.0065491229992005089 -0.0028218501662978755
leaf_weight=23 20 21 19 24
leaf_count=23 20 21 19 24
internal_value=0.000626544 0.00547757 -0.00274884 -0.000785722
internal_weight=107 44 63 44
internal_count=107 44 63 44
is_linear=0
shrinkage=0.01


Tree=149
num_leaves=5
num_cat=0
split_feature=0 0 1 1
split_gain=20.1917 3.71706 1.28995 4.26851
threshold=0.33250000000000007 0.35750000000000004 0.18250000000000002 0.20250000000000004
decision_type=2 2 2 2
left_child=2 -2 -1 -4
right_child=1 -3 3 -5
leaf_value=0.006578510986722034 -0.0017157925861829427 -0.0079381976028283438 0 0.0065187161912520731
leaf_weight=21 30 15.999999999999998 24 15.999999999999998
leaf_count=21 30 16 24 16
internal_value=0.000620789 -0.00422485 0.00437236 0.00283698
internal_weight=107 46 61 40
internal_count=107 46 61 40
is_linear=0
shrinkage=0.01


Tree=150
num_leaves=5
num_cat=0
split_feature=0 2 6 0
split_gain=19.8384 14.8009 6.66086 3.64888
threshold=0.33250000000000007 0.25250000000000006 0.46850000000000008 0.35750000000000004
decision_type=2 2 2 2
left_child=1 2 -1 -2
right_child=3 -3 -4 -5
leaf_value=-0.0036556955426931383 -0.0016997069664648735 0.012035057387418217 0.0039421251770709789 -0.0078676360017723521
leaf_weight=15.999999999999998 30 15.999999999999998 29 15.999999999999998
leaf_count=16 30 16 29 16
internal_value=0.00061492 0.00433388 0.00109369 -0.00418767
internal_weight=107 61 45 46
internal_count=107 61 45 46
is_linear=0
shrinkage=0.01


Tree=151
num_leaves=5
num_cat=0
split_feature=7 6 5 5
split_gain=17.5283 13.3582 6.01092 0.929338
threshold=0.43750000000000006 0.56300000000000006 0.21750000000000003 0.28650000000000003
decision_type=2 2 2 2
left_child=1 -1 -2 -4
right_child=2 -3 3 -5
leaf_value=0.0093308071916302047 -0.0068182089665661683 -0.0015788587337980666 0.0013418014823562568 -0.0015188297629356385
leaf_weight=28 21 15.999999999999998 15.999999999999998 26
leaf_count=28 21 16 16 26
internal_value=0.000608359 0.0053588 -0.00269529 -0.000303973
internal_weight=107 44 63 42
internal_count=107 44 63 42
is_linear=0
shrinkage=0.01


Tree=152
num_leaves=6
num_cat=0
split_feature=0 2 0 2 5
split_gain=19.21 14.485 3.56251 3.2716 3.78997
threshold=0.33250000000000007 0.25250000000000006 0.35750000000000004 0.23450000000000001 0.29050000000000004
decision_type=2 2 2 2 2
left_child=1 3 -2 4 -1
right_child=2 -3 -4 -5 -6
leaf_value=-0.00033878303571220701 -0.0016643337541609072 0.011879714636339083 -0.007759527332252927 -0.0023832804490538204 0.0062313853160423397
leaf_weight=15.000000000000002 30 15.999999999999998 15.999999999999998 14.999999999999998 14.999999999999998
leaf_count=15 30 16 16 15 15
internal_value=0.000601497 0.0042618 -0.00412355 0.00105656 0.00297419
internal_weight=107 61 46 45 30
internal_count=107 61 46 45 30
is_linear=0
shrinkage=0.01


Tree=153
num_leaves=6
num_cat=0
split_feature=6 5 5 5 1
split_gain=41.6128 9.13133 5.79713 2.19134 0.177213
threshold=0.53400000000000014 0.35200000000000004 0.25700000000000006 0.21750000000000003 0.20750000000000002
decision_type=2 2 2 2 2
left_child=1 2 -1 -2 -5
right_child=3 -3 -4 4 -6
leaf_value=0.0071637065336108202 -0.0063839563833815718 0.011721002751126372 -0.00089934447670684148 -0.00059643311973880324 -0.0028024849099548238
leaf_weight=16.000000000000004 26 27 14.999999999999998 14.999999999999998 17
leaf_count=16 26 27 15 15 17
internal_value=0.00166466 0.00755945 0.00329266 -0.00420229 -0.00201137
internal_weight=116 58 31 58 32
internal_count=116 58 31 58 32
is_linear=0
shrinkage=0.01


Tree=154
num_leaves=5
num_cat=0
split_feature=6 4 5 4
split_gain=40.8627 14.0462 13.8532 3.79007
threshold=0.53400000000000014 0.043500000000000004 0.36350000000000005 0.18550000000000003
decision_type=2 2 2 2
left_child=1 -1 -3 -2
right_child=3 2 -4 -5
leaf_value=0.015073403430481752 -0.0010683674647890289 -0.0011429568201303483 0.0098401734871523712 -0.0064826964293465475
leaf_weight=15.999999999999998 27 23 19 31
leaf_count=16 27 23 19 31
internal_value=0.00164813 0.00748985 0.0039334 -0.00416519
internal_weight=116 58 42 58
internal_count=116 58 42 58
is_linear=0
shrinkage=0.01


Tree=155
num_leaves=6
num_cat=0
split_feature=5 3 5 5 5
split_gain=28.6031 17.7221 4.33141 1.7902 0.797857
threshold=0.35200000000000004 0.48350000000000004 0.41700000000000004 0.21300000000000002 0.27450000000000008
decision_type=2 2 2 2 2
left_child=1 -1 -2 -3 -5
right_child=2 3 -4 4 -6
leaf_value=0.0063201832327814331 0.012833554421861966 -0.0064653887857611357 0.0045240433691512974 -0.00056450957166297101 -0.0038580469804860296
leaf_weight=19 15.999999999999998 24 19 19 19
leaf_count=19 16 24 19 19 19
internal_value=0.00163355 -0.00160542 0.00894619 -0.00423397 -0.00244684
internal_weight=116 81 35 62 38
internal_count=116 81 35 62 38
is_linear=0
shrinkage=0.01


Tree=156
num_leaves=5
num_cat=0
split_feature=4 2 4 4
split_gain=36.9559 28.8026 2.3116 1.9011
threshold=0.043500000000000004 0.23850000000000002 0.16950000000000004 0.25900000000000006
decision_type=2 2 2 2
left_child=-1 2 -2 -4
right_child=1 -3 3 -5
leaf_value=0.014024194739758968 -0.0015018662175646535 0.0071551184524451528 -0.0073963392327229182 -0.0021563812459094657
leaf_weight=18 25 29 28 15.999999999999998
leaf_count=18 25 29 28 16
internal_value=0.00161896 -0.000844468 -0.00438388 -0.0057762
internal_weight=116 98 69 44
internal_count=116 98 69 44
is_linear=0
shrinkage=0.01


Tree=157
num_leaves=6
num_cat=0
split_feature=5 7 5 5 1
split_gain=27.8442 7.8699 3.72142 7.12644 5.37739
threshold=0.35200000000000004 0.44750000000000006 0.19350000000000003 0.30050000000000004 0.20750000000000002
decision_type=2 2 2 2 2
left_child=2 -2 -1 4 -4
right_child=1 -3 3 -5 -6
leaf_value=-0.0049201334702471894 0.012728811302645639 0.0024277191565317264 0.0056963004180718034 -0.0053338808605545443 -0.0010908465772867203
leaf_weight=22 20 14.999999999999998 19 17 23
leaf_count=22 20 15 19 17 23
internal_value=0.00160364 0.00881906 -0.00159127 -0.00014742 0.00198525
internal_weight=116 35 81 59 42
internal_count=116 35 81 59 42
is_linear=0
shrinkage=0.01


Tree=158
num_leaves=5
num_cat=0
split_feature=4 2 4 4
split_gain=36.2164 28.1409 2.22951 1.81647
threshold=0.043500000000000004 0.23850000000000002 0.16950000000000004 0.25900000000000006
decision_type=2 2 2 2
left_child=-1 2 -2 -4
right_child=1 -3 3 -5
leaf_value=0.013869737777858973 -0.0015068591082537616 0.0070574251418152167 -0.0073071651359399165 -0.00215542481177383
leaf_weight=18 25 29 28 15.999999999999998
leaf_count=18 25 29 28 16
internal_value=0.00158879 -0.000849176 -0.00434786 -0.00571767
internal_weight=116 98 69 44
internal_count=116 98 69 44
is_linear=0
shrinkage=0.01


Tree=159
num_leaves=6
num_cat=0
split_feature=5 7 5 5 1
split_gain=27.101 7.75243 3.59666 7.01294 5.24931
threshold=0.35200000000000004 0.44750000000000006 0.19350000000000003 0.30050000000000004 0.20750000000000002
decision_type=2 2 2 2 2
left_child=2 -2 -1 4 -4
right_child=1 -3 3 -5 -6
leaf_value=-0.0048507466819137333 0.012570918988097797 0.0023569801931872087 0.0056263939255759834 -0.0053008325378361499 -0.0010779159031808377
leaf_weight=22 20 14.999999999999998 19 17 23
leaf_count=22 20 15 19 17 23
internal_value=0.00157374 0.00869267 -0.00157744 -0.000155893 0.00195924
internal_weight=116 35 81 59 42
internal_count=116 35 81 59 42
is_linear=0
shrinkage=0.01


Tree=160
num_leaves=4
num_cat=0
split_feature=0 0 7
split_gain=33.2031 15.4974 3.25595
threshold=0.32750000000000007 0.31250000000000006 0.46750000000000008
decision_type=2 2 2
left_child=1 -1 -2
right_child=2 -3 -4
leaf_value=0.0015214136783634463 -0.005027996125349472 0.012210326842192948 0
leaf_weight=29 41 27 19
leaf_count=29 41 27 19
internal_value=0.00155916 0.00700454 -0.00350455
internal_weight=116 56 60
internal_count=116 56 60
is_linear=0
shrinkage=0.01


Tree=161
num_leaves=6
num_cat=0
split_feature=6 3 5 6 3
split_gain=38.0926 11.0643 7.40749 0.692948 0.515229
threshold=0.48950000000000005 0.50300000000000011 0.27150000000000007 0.59150000000000003 0.56950000000000001
decision_type=2 2 2 2 2
left_child=1 -1 4 -4 -2
right_child=2 -3 3 -5 -6
leaf_value=0.014356948399827594 -0.0028166279904544354 0.0035013249665498737 0.0023835067100384652 -0.00030242910718216619 -0.0064560826375548329
leaf_weight=19 18 23 15.000000000000002 14.999999999999998 26
leaf_count=19 18 23 15 15 26
internal_value=0.00154495 0.00895521 -0.00272006 0.000949322 -0.00526311
internal_weight=116 42 74 30 44
internal_count=116 42 74 30 44
is_linear=0
shrinkage=0.01


Tree=162
num_leaves=6
num_cat=0
split_feature=6 3 3 2 6
split_gain=25.1573 10.2758 1.54224 0.991415 1.99869
threshold=0.38650000000000007 0.49050000000000005 0.5355000000000002 0.20250000000000004 0.59150000000000003
decision_type=2 2 2 2 2
left_child=-1 -2 -3 -4 -5
right_child=1 2 3 4 -6
leaf_value=0.0090237404859584321 0.0031592780537903309 -0.0073714239807689897 -0.0050675343303009865 -0.0040570407970385121 3.1488979964152625e-05
leaf_weight=21 22 14.999999999999998 22 20 21
leaf_count=21 22 15 22 20 21
internal_value=-0.000382902 -0.00254552 -0.00425582 -0.0032331 -0.00194257
internal_weight=121 100 78 63 41
internal_count=121 100 78 63 41
is_linear=0
shrinkage=0.01


Tree=163
num_leaves=7
num_cat=0
split_feature=7 3 5 3 5 5
split_gain=10.8509 10.7535 6.10265 4.72819 2.80066 3.29745
threshold=0.42750000000000005 0.47100000000000003 0.27750000000000008 0.5355000000000002 0.21750000000000003 0.31550000000000006
decision_type=2 2 2 2 2 2
left_child=2 -2 -1 -3 -5 -6
right_child=1 3 -4 4 5 -7
leaf_value=4.3465356741632733e-05 0.0041506925672292715 -0.0086984802327222301 0.0085706033820615087 -0.0053758875560015445 0.0022449269057251515 -0.0035314034513737025
leaf_weight=19 18 15.999999999999998 14.999999999999998 18 18 17
leaf_count=19 18 16 15 18 18 17
internal_value=-0.000379363 -0.00228399 0.00421147 -0.00410266 -0.00235847 -0.000464814
internal_weight=121 87 34 69 53 35
internal_count=121 87 34 69 53 35
is_linear=0
shrinkage=0.01


Tree=164
num_leaves=5
num_cat=0
split_feature=4 2 0 4
split_gain=21.1653 10.3734 4.09914 0.386229
threshold=0.048500000000000008 0.24650000000000002 0.32250000000000006 0.25050000000000006
decision_type=2 2 2 2
left_child=-1 2 -2 -4
right_child=1 -3 3 -5
leaf_value=0.007613466523516064 -0.0002150013942558032 0.0045649979219717146 -0.0060399881899356848 -0.0026066195964813232
leaf_weight=24 24 14.999999999999998 43 14.999999999999998
leaf_count=24 24 15 43 15
internal_value=-0.000375178 -0.00251613 -0.00394883 -0.00535187
internal_weight=121 97 82 58
internal_count=121 97 82 58
is_linear=0
shrinkage=0.01


Tree=165
num_leaves=4
num_cat=0
split_feature=6 5 6
split_gain=24.2843 9.8019 8.07805
threshold=0.38650000000000007 0.26750000000000007 0.47450000000000003
decision_type=2 2 2
left_child=-1 -2 -3
right_child=1 2 -4
leaf_value=0.0088702534374011602 -0.0050575561033653427 -0.0042100854656275588 0.0044802648614027671
leaf_weight=21 59 14.999999999999998 26
leaf_count=21 59 15 26
internal_value=-0.000370887 -0.00249642 0.00113665
internal_weight=121 100 41
internal_count=121 100 41
is_linear=0
shrinkage=0.01


Tree=166
num_leaves=5
num_cat=0
split_feature=4 2 0 4
split_gain=20.5469 10.1131 3.98042 0.342589
threshold=0.048500000000000008 0.24650000000000002 0.32250000000000006 0.25050000000000006
decision_type=2 2 2 2
left_child=-1 2 -2 -4
right_child=1 -3 3 -5
leaf_value=0.0075042571270695106 -0.00020905880329127495 0.0045136691191617184 -0.0059426114219758245 -0.0025894888819140548
leaf_weight=24 24 14.999999999999998 43 14.999999999999998
leaf_count=24 24 15 43 15
internal_value=-0.000366108 -0.00247618 -0.00389136 -0.00527398
internal_weight=121 97 82 58
internal_count=121 97 82 58
is_linear=0
shrinkage=0.01


Tree=167
num_leaves=6
num_cat=0
split_feature=6 3 7 3 6
split_gain=23.5479 9.84387 1.73977 0.799675 0.966794
threshold=0.38650000000000007 0.49050000000000005 0.42750000000000005 0.5525000000000001 0.60600000000000009
decision_type=2 2 2 2 2
left_child=-1 -2 -3 -4 -5
right_child=1 2 3 4 -6
leaf_value=0.0087373088543181831 0.0031247722171247007 -0.0010095235049015 -0.0075000768461648158 -0.0059294701937366934 -0.0021279286145563089
leaf_weight=21 22 19 14.999999999999998 14.999999999999998 29
leaf_count=21 22 19 15 15 29
internal_value=-0.000361914 -0.00245562 -0.00413085 -0.004988 -0.00373406
internal_weight=121 100 78 59 44
internal_count=121 100 78 59 44
is_linear=0
shrinkage=0.01


Tree=168
num_leaves=5
num_cat=0
split_feature=4 7 7 4
split_gain=19.9413 9.02752 2.85301 1.36814
threshold=0.048500000000000008 0.42750000000000005 0.43750000000000006 0.19350000000000003
decision_type=2 2 2 2
left_child=-1 -2 -3 -4
right_child=1 2 3 -5
leaf_value=0.0073933459789707117 0.0022380369028140758 -0.0077812245488166811 -0.00088038449914290984 -0.0044514375238644856
leaf_weight=24 27 18 27 25
leaf_count=24 27 18 27 25
internal_value=-0.000359467 -0.0024388 -0.00432423 -0.00279111
internal_weight=121 97 70 52
internal_count=121 97 70 52
is_linear=0
shrinkage=0.01


Tree=169
num_leaves=4
num_cat=0
split_feature=4 5 4
split_gain=19.5786 5.96365 8.0309
threshold=0.048500000000000008 0.23550000000000001 0.20900000000000002
decision_type=2 2 2
left_child=-1 -2 -3
right_child=1 2 -4
leaf_value=0.0073250997911852144 -0.0047994342413457004 0.0036038906795197519 -0.0043059196064005731
leaf_weight=24 49 27 21
leaf_count=24 49 27 21
internal_value=-0.000356438 -0.00241712 9.53358e-06
internal_weight=121 97 48
internal_count=121 97 48
is_linear=0
shrinkage=0.01


Tree=170
num_leaves=6
num_cat=0
split_feature=6 3 3 4 6
split_gain=22.6622 9.56115 1.44752 1.09139 2.10958
threshold=0.38650000000000007 0.49050000000000005 0.5355000000000002 0.19350000000000003 0.61250000000000016
decision_type=2 2 2 2 2
left_child=-1 -2 -3 4 -4
right_child=1 2 3 -5 -6
leaf_value=0.0085733894469297457 0.0030908087578912576 -0.0070735326058724351 0.00073918441016423075 -0.0046531667100498456 -0.0037398554491145271
leaf_weight=21 22 14.999999999999998 17 27 19
leaf_count=21 22 15 17 27 19
internal_value=-0.000352171 -0.00240691 -0.00405855 -0.00306822 -0.00156559
internal_weight=121 100 78 63 36
internal_count=121 100 78 63 36
is_linear=0
shrinkage=0.01


Tree=171
num_leaves=5
num_cat=0
split_feature=2 7 3 2
split_gain=15.5766 15.2537 4.93526 1.53859
threshold=0.20050000000000004 0.43250000000000005 0.56950000000000001 0.23450000000000001
decision_type=2 2 2 2
left_child=-1 -2 3 -3
right_child=1 2 -4 -5
leaf_value=-0.0068936723753296094 0.0076447404029646093 -0.0007843708290773279 -0.0046047781665737812 0.0033392319609137147
leaf_weight=27 26 15.000000000000002 24 14.999999999999998
leaf_count=27 26 15 24 15
internal_value=-0.000570233 0.00161904 -0.00136235 0.00120102
internal_weight=107 80 54 30
internal_count=107 80 54 30
is_linear=0
shrinkage=0.01


Tree=172
num_leaves=5
num_cat=0
split_feature=1 4 4 4
split_gain=26.3656 7.61864 4.18876 0.513247
threshold=0.18250000000000002 0.11750000000000001 0.053500000000000006 0.17650000000000002
decision_type=2 2 2 2
left_child=-1 2 -2 -3
right_child=1 3 -4 -5
leaf_value=0.0072219951619063652 -0.0031815115932156053 -0.0035333337711000983 0.003818398547523162 -0.0072845122640331581
leaf_weight=29 15.000000000000002 20 14.999999999999998 28
leaf_count=29 15 20 15 28
internal_value=-0.000564769 -0.00363052 0.000182096 -0.00602537
internal_weight=107 78 30 48
internal_count=107 78 30 48
is_linear=0
shrinkage=0.01


Tree=173
num_leaves=5
num_cat=0
split_feature=1 5 5 1
split_gain=25.8792 6.41948 3.20505 2.18656
threshold=0.18250000000000002 0.17650000000000002 0.35750000000000004 0.20250000000000004
decision_type=2 2 2 2
left_child=-1 -2 3 -3
right_child=1 2 -4 -5
leaf_value=0.0071544345047685406 -0.0091699193155064303 -0.0029286544152388452 -0.0050717261162671178 0.001440007577517203
leaf_weight=29 14.999999999999998 17 20 26
leaf_count=29 15 17 20 26
internal_value=-0.000559664 -0.00359739 -0.00195234 -0.000229427
internal_weight=107 78 63 43
internal_count=107 78 63 43
is_linear=0
shrinkage=0.01


Tree=174
num_leaves=5
num_cat=0
split_feature=2 7 2 0
split_gain=15.0418 14.5911 3.45575 2.67489
threshold=0.20050000000000004 0.43250000000000005 0.24750000000000003 0.34250000000000008
decision_type=2 2 2 2
left_child=-1 -2 3 -3
right_child=1 2 -4 -5
leaf_value=-0.0067703017887884177 0.0074884308209376676 0 0.0022263412343131173 -0.0054395942106133409
leaf_weight=27 26 19 15.999999999999998 19
leaf_count=27 26 19 16 19
internal_value=-0.000555641 0.0015948 -0.00131968 -0.00297441
internal_weight=107 80 54 38
internal_count=107 80 54 38
is_linear=0
shrinkage=0.01


Tree=175
num_leaves=5
num_cat=0
split_feature=2 7 3 2
split_gain=14.7613 14.3234 4.80739 1.50089
threshold=0.20050000000000004 0.43250000000000005 0.56950000000000001 0.23450000000000001
decision_type=2 2 2 2
left_child=-1 -2 3 -3
right_child=1 2 -4 -5
leaf_value=-0.0067072680823761846 0.0074188954023910424 -0.00073885423295638134 -0.0045100914740648411 0.0033292976722997781
leaf_weight=27 26 15.000000000000002 24 14.999999999999998
leaf_count=27 26 15 24 15
internal_value=-0.000550519 0.00157932 -0.00130759 0.00121992
internal_weight=107 80 54 30
internal_count=107 80 54 30
is_linear=0
shrinkage=0.01


Tree=176
num_leaves=5
num_cat=0
split_feature=4 4 6 4
split_gain=18.8317 12.7218 4.54097 0.18933
threshold=0.10300000000000001 0.038500000000000006 0.52200000000000013 0.21750000000000003
decision_type=2 2 2 2
left_child=1 -1 -2 -4
right_child=2 -3 3 -5
leaf_value=-0.0021108152913419825 0 0.0083907488707838391 -0.0035627669777551834 -0.0069479966206619373
leaf_weight=17 19 27 20 24
leaf_count=17 19 27 20 24
internal_value=-0.000545235 0.00430927 -0.00404087 -0.00573976
internal_weight=107 44 63 44
internal_count=107 44 63 44
is_linear=0
shrinkage=0.01


Tree=177
num_leaves=5
num_cat=0
split_feature=6 5 3 5
split_gain=17.9466 3.42063 5.53484 0.636536
threshold=0.71150000000000013 0.36350000000000005 0.50550000000000017 0.17750000000000002
decision_type=2 2 2 2
left_child=1 2 -1 -2
right_child=3 -3 -4 -5
leaf_value=0.0087068080902099609 -0.0080792444593766159 -0.00010440123329559961 0.0010069254219498751 -0.0037875075687654313
leaf_weight=14.999999999999998 14.999999999999998 28 26 23
leaf_count=15 15 28 26 23
internal_value=-0.000540892 0.00243771 0.00421418 -0.00592587
internal_weight=107 69 41 38
internal_count=107 69 41 38
is_linear=0
shrinkage=0.01


Tree=178
num_leaves=5
num_cat=0
split_feature=4 7 4 6
split_gain=18.2677 15.1942 4.44047 2.90149
threshold=0.10300000000000001 0.45250000000000007 0.21750000000000003 0.7835000000000002
decision_type=2 2 2 2
left_child=1 -1 3 -2
right_child=2 -3 -4 -5
leaf_value=0.0089164623072636989 0.0010008841133888134 -0.0024705639705061913 -0.0068590191788971419 -0.0044065499678254128
leaf_weight=26 20 18 28 14.999999999999998
leaf_count=26 20 18 28 15
internal_value=-0.000535897 0.00424456 -0.00397942 -0.00129438
internal_weight=107 44 63 35
internal_count=107 44 63 35
is_linear=0
shrinkage=0.01


Tree=179
num_leaves=6
num_cat=0
split_feature=0 7 0 3 7
split_gain=13.4206 2.44729 2.15348 0.393167 0.158863
threshold=0.33750000000000008 0.44250000000000006 0.32250000000000006 0.49550000000000005 0.46250000000000008
decision_type=2 2 2 2 2
left_child=1 2 3 -1 -2
right_child=4 -3 -4 -5 -6
leaf_value=0.0025452762009466391 -0.0062643777516980968 -0.00040267141211939894 4.0169123231488122e-06 0.0064746207927408464 -0.0031457589380443096
leaf_weight=15.000000000000002 19 21 14.999999999999998 14.999999999999998 22
leaf_count=15 19 21 15 15 22
internal_value=-0.000531239 0.00219331 0.00347673 0.00494807 -0.0049314
internal_weight=107 66 45 30 41
internal_count=107 66 45 30 41
is_linear=0
shrinkage=0.01


Tree=180
num_leaves=6
num_cat=0
split_feature=3 2 2 4 4
split_gain=30.0863 15.9906 12.8721 4.36631 0.340571
threshold=0.69450000000000001 0.23950000000000002 0.25650000000000006 0.15950000000000003 0.20650000000000002
decision_type=2 2 2 2 2
left_child=1 3 -3 -1 -2
right_child=4 2 -4 -5 -6
leaf_value=0.0024148901624848015 -0.0046529674353289674 0.013318636647679589 0.0013904519751667976 -0.0037092507452420563 -0.0091308581249581449
leaf_weight=21 20 20 18 21 15.999999999999998
leaf_count=21 20 20 18 21 16
internal_value=0.000163797 0.00361035 0.00814548 -0.000562961 -0.00715055
internal_weight=116 80 38 42 36
internal_count=116 80 38 42 36
is_linear=0
shrinkage=0.01


Tree=181
num_leaves=5
num_cat=0
split_feature=3 5 1 3
split_gain=29.5566 9.43579 1.34463 1.34615
threshold=0.69450000000000001 0.39950000000000008 0.20750000000000002 0.55800000000000016
decision_type=2 2 2 2
left_child=1 2 3 -1
right_child=-2 -3 -4 -5
leaf_value=0.0039049760072395719 -0.0070876105998544719 0.010050871653689279 -0.00029393435540524395 3.7532531117138116e-05
leaf_weight=27 36 15.999999999999998 20 17
leaf_count=27 36 16 20 17
internal_value=0.000161672 0.00357813 0.00162865 0.00258603
internal_weight=116 80 64 44
internal_count=116 80 64 44
is_linear=0
shrinkage=0.01


Tree=182
num_leaves=6
num_cat=0
split_feature=6 2 2 6 7
split_gain=24.2851 7.85465 6.86398 1.30381 0.553679
threshold=0.52200000000000013 0.25450000000000006 0.24350000000000002 0.38650000000000007 0.44750000000000006
decision_type=2 2 2 2 2
left_child=1 2 -1 -3 -2
right_child=4 3 -4 -5 -6
leaf_value=0.0027387963902826113 -0.0032057723971404906 -0.0017586913967833795 0.011962446009411532 0.0021402166871463553 -0.0066080168677338713
leaf_weight=22 27 15.000000000000002 14.999999999999998 14.999999999999998 22
leaf_count=22 27 15 15 15 22
internal_value=0.000161176 0.00406636 0.00702802 4.64353e-05 -0.00503058
internal_weight=116 67 37 30 49
internal_count=116 67 37 30 49
is_linear=0
shrinkage=0.01


Tree=183
num_leaves=6
num_cat=0
split_feature=2 1 7 2 1
split_gain=14.1407 12.9073 3.65949 7.28817 1.16287
threshold=0.23950000000000002 0.19250000000000003 0.44250000000000006 0.20050000000000004 0.20750000000000002
decision_type=2 2 2 2 2
left_child=2 -2 3 -1 -4
right_child=1 -3 4 -5 -6
leaf_value=-0.0050239264323479601 0.0090790868378602535 -0.00051667690773804986 -0.0022634950203492357 0.0038323281568131951 -0.007254227213561535
leaf_weight=15.999999999999998 24 28 15.000000000000002 17 15.999999999999998
leaf_count=16 24 28 15 17 16
internal_value=0.000160034 0.00399178 -0.00290412 -0.00036047 -0.00527441
internal_weight=116 52 64 33 31
internal_count=116 52 64 33 31
is_linear=0
shrinkage=0.01


Tree=184
num_leaves=6
num_cat=0
split_feature=4 7 0 0 0
split_gain=25.251 16.1741 6.03552 3.85212 1.99923
threshold=0.20300000000000004 0.46250000000000008 0.33250000000000007 0.32750000000000007 0.30250000000000005
decision_type=2 2 2 2 2
left_child=1 3 -2 4 -1
right_child=2 -3 -4 -5 -6
leaf_value=0.0039093205415540273 -0.010850891882651729 -0.0029518539612663204 -0.0017831472307443619 0.0017184886261820793 0.010109668728740265
leaf_weight=15.999999999999998 17 27 15.999999999999998 18 22
leaf_count=16 17 27 16 18 22
internal_value=0.000156799 0.00313842 -0.00695039 0.00616154 0.00795
internal_weight=116 83 33 56 38
internal_count=116 83 33 56 38
is_linear=0
shrinkage=0.01


Tree=185
num_leaves=5
num_cat=0
split_feature=3 5 3 1
split_gain=28.4909 9.07523 1.27561 1.98436
threshold=0.69450000000000001 0.39950000000000008 0.5525000000000001 0.20250000000000004
decision_type=2 2 2 2
left_child=1 2 3 -1
right_child=-2 -3 -4 -5
leaf_value=0.0044435706995427614 -0.0069617378105115346 0.0098589088519414267 -0.00015049889761333665 0
leaf_weight=23 36 15.999999999999998 22 19
leaf_count=23 36 16 22 19
internal_value=0.000154832 0.00350995 0.0015963 0.00259018
internal_weight=116 80 64 42
internal_count=116 80 64 42
is_linear=0
shrinkage=0.01


Tree=186
num_leaves=6
num_cat=0
split_feature=6 2 2 5 6
split_gain=23.0068 7.65091 6.72187 1.4407 1.30951
threshold=0.52200000000000013 0.25450000000000006 0.24350000000000002 0.22700000000000004 0.38650000000000007
decision_type=2 2 2 2 2
left_child=1 2 -1 -2 -3
right_child=3 4 -4 -5 -6
leaf_value=0.0026409993429357811 -0.0029727277013466159 -0.0018182203962522393 0.011757298182038701 -0.0073342893514782197 0.0020969183480038364
leaf_weight=22 31 15.000000000000002 14.999999999999998 18 14.999999999999998
leaf_count=22 31 15 15 18 15
internal_value=0.000154323 0.00395646 0.00687841 -0.00489776 0
internal_weight=116 67 37 49 30
internal_count=116 67 37 49 30
is_linear=0
shrinkage=0.01


Tree=187
num_leaves=5
num_cat=0
split_feature=3 5 5 1
split_gain=27.8072 8.83511 1.26593 1.20715
threshold=0.69450000000000001 0.39950000000000008 0.20050000000000004 0.20750000000000002
decision_type=2 2 2 2
left_child=1 2 -1 -4
right_child=-2 -3 3 -5
leaf_value=0.0037316424548625949 -0.0068770326052081622 0.0097335940019951921 0.0017825554305266949 -0.001352846944018414
leaf_weight=18 36 15.999999999999998 29 17
leaf_count=18 36 16 29 17
internal_value=0.000153097 0.0034682 0.00157861 0.000511565
internal_weight=116 80 64 46
internal_count=116 80 64 46
is_linear=0
shrinkage=0.01


Tree=188
num_leaves=6
num_cat=0
split_feature=3 2 2 4 4
split_gain=27.2947 14.6965 12.2519 4.08612 0.309905
threshold=0.69450000000000001 0.23950000000000002 0.25650000000000006 0.15950000000000003 0.20650000000000002
decision_type=2 2 2 2 2
left_child=1 3 -3 -1 -2
right_child=4 2 -4 -5 -6
leaf_value=0.0023183538303103136 -0.0044102802936157046 0.012828920646147296 0.0012102651149034501 -0.0036037849165175273 -0.0087125189602375031
leaf_weight=21 20 20 18 21 15.999999999999998
leaf_count=21 20 20 18 21 16
internal_value=0.000152755 0.00343752 0.00778604 -0.000558294 -0.00681188
internal_weight=116 80 38 42 36
internal_count=116 80 38 42 36
is_linear=0
shrinkage=0.01


Tree=189
num_leaves=5
num_cat=0
split_feature=3 1 7 7
split_gain=10.4351 12.9854 4.04829 1.83296
threshold=0.60550000000000004 0.19750000000000004 0.45750000000000007 0.43750000000000006
decision_type=2 2 2 2
left_child=1 -1 -3 -2
right_child=3 2 -4 -5
leaf_value=0.0081592430202572629 -0.0050288357762129686 0.0023811776307411494 -0.0037766603037322822 -0.00053477995957319552
leaf_weight=31 17 22 17 24
leaf_count=31 17 22 17 24
internal_value=0.00119641 0.00353676 -0.000234348 -0.00266168
internal_weight=111 70 39 41
internal_count=111 70 39 41
is_linear=0
shrinkage=0.01


Tree=190
num_leaves=5
num_cat=0
split_feature=2 0 0 7
split_gain=13.371 11.4872 2.86713 1.74608
threshold=0.23850000000000002 0.32750000000000007 0.31750000000000006 0.45250000000000007
decision_type=2 2 2 2
left_child=2 -2 -1 -4
right_child=1 -3 3 -5
leaf_value=0.0018964856608133568 0.010924226201715924 0.00019283625418725221 -0.0040059439465403562 -0.00015657678693532944
leaf_weight=17 19 21 31 23
leaf_count=17 19 21 31 23
internal_value=0.00118378 0.00568676 -0.00137092 -0.00251983
internal_weight=111 40 71 54
internal_count=111 40 71 54
is_linear=0
shrinkage=0.01


Tree=191
num_leaves=5
num_cat=0
split_feature=6 1 1 1
split_gain=13.5974 20.6346 3.99729 1.51078
threshold=0.61250000000000016 0.19250000000000003 0.23250000000000001 0.20750000000000002
decision_type=2 2 2 2
left_child=1 -1 -3 -2
right_child=3 2 -4 -5
leaf_value=0.010877312052029152 -0.0040695173648418858 0.0019928148836613848 -0.004213636460549691 -5.4644118798406497e-05
leaf_weight=25 30 24 14.999999999999998 17
leaf_count=25 30 24 15 17
internal_value=0.0011735 0.00414953 -0.00036143 -0.00278087
internal_weight=111 64 39 47
internal_count=111 64 39 47
is_linear=0
shrinkage=0.01


Tree=192
num_leaves=5
num_cat=0
split_feature=4 1 4 0
split_gain=14.5778 11.9646 4.50138 1.49535
threshold=0.16950000000000004 0.19250000000000003 0.22750000000000004 0.33750000000000008
decision_type=2 2 2 2
left_child=1 -1 -2 -3
right_child=2 3 -4 -5
leaf_value=0.0093158974890996307 -0.0055211357206658082 0.0024904908229493434 0.00012174443142222507 -0.0014370782990008593
leaf_weight=26 25 15.999999999999998 26 18
leaf_count=26 25 16 26 18
internal_value=0.00116169 0.00446665 -0.002654 0.00030798
internal_weight=111 60 51 34
internal_count=111 60 51 34
is_linear=0
shrinkage=0.01


Tree=193
num_leaves=5
num_cat=0
split_feature=5 5 1 3
split_gain=37.5813 7.45121 4.46892 7.11463
threshold=0.39100000000000007 0.20250000000000004 0.22250000000000003 0.52450000000000008
decision_type=2 2 2 2
left_child=1 -1 3 -3
right_child=-2 2 -4 -5
leaf_value=-0.0052768523462357062 0.01488353101646199 0.0064055964609851012 -0.0030789783520793375 -0.0010346974239551596
leaf_weight=29 14.999999999999998 21 20 26
leaf_count=29 15 21 20 26
internal_value=0.00115095 -0.0012037 0.000588691 0.00231341
internal_weight=111 96 67 47
internal_count=111 96 67 47
is_linear=0
shrinkage=0.01


Tree=194
num_leaves=5
num_cat=0
split_feature=6 1 1 1
split_gain=12.9835 19.8091 3.84778 1.49262
threshold=0.61250000000000016 0.19250000000000003 0.23250000000000001 0.20750000000000002
decision_type=2 2 2 2
left_child=1 -1 -3 -2
right_child=3 2 -4 -5
leaf_value=0.010641829211402823 -0.0040011787920957434 0.0019403159747330043 -0.004147449212477488 -1.7819203632442576e-05
leaf_weight=25 30 24 14.999999999999998 17
leaf_count=25 30 24 15 17
internal_value=0.00114066 0.00404956 -0.000367279 -0.00272197
internal_weight=111 64 39 47
internal_count=111 64 39 47
is_linear=0
shrinkage=0.01


Tree=195
num_leaves=5
num_cat=0
split_feature=5 5 1 3
split_gain=36.6864 7.22574 4.30428 6.94881
threshold=0.39100000000000007 0.20250000000000004 0.22250000000000003 0.52450000000000008
decision_type=2 2 2 2
left_child=1 -1 3 -3
right_child=-2 2 -4 -5
leaf_value=-0.0052075149455378137 0.014697718182030845 0.0063073810805445128 -0.0030300806640562688 -0.001044364153141422
leaf_weight=29 14.999999999999998 21 20 26
leaf_count=29 15 21 20 26
internal_value=0.00112915 -0.0011966 0.00056762 0.00226179
internal_weight=111 96 67 47
internal_count=111 96 67 47
is_linear=0
shrinkage=0.01


Tree=196
num_leaves=5
num_cat=0
split_feature=4 0 4 2
split_gain=13.817 11.3489 4.36134 1.01906
threshold=0.16950000000000004 0.33250000000000007 0.22750000000000004 0.24650000000000002
decision_type=2 2 2 2
left_child=1 3 -2 -1
right_child=2 -3 -4 -5
leaf_value=0.004929960061512563 -0.0054169304917256033 -0.00079724167831815216 0.00013474847456174238 0.01036917269229889
leaf_weight=21 25 24 26 14.999999999999998
leaf_count=21 25 24 26 15
internal_value=0.00111905 0.00433769 -0.00259404 0.00775434
internal_weight=111 60 51 36
internal_count=111 60 51 36
is_linear=0
shrinkage=0.01


Tree=197
num_leaves=6
num_cat=0
split_feature=5 5 1 5 7
split_gain=35.8726 7.04943 4.20406 0.550811 2.11368
threshold=0.39100000000000007 0.20250000000000004 0.22250000000000003 0.30550000000000005 0.44250000000000006
decision_type=2 2 2 2 2
left_child=1 -1 3 4 -3
right_child=-2 2 -4 -5 -6
leaf_value=-0.005151290326349197 0.014527170281199849 0.0054690656767171974 -0.0030022919635203753 0.00021077234955394969 0.0001365113924992712
leaf_weight=29 14.999999999999998 14.999999999999998 20 14.999999999999998 17
leaf_count=29 15 15 20 15 17
internal_value=0.00110949 -0.00118969 0.000552182 0.00222757 0.00295788
internal_weight=111 96 67 47 32
internal_count=111 96 67 47 32
is_linear=0
shrinkage=0.01


Tree=198
num_leaves=5
num_cat=0
split_feature=2 7 2 2
split_gain=8.23688 8.96312 3.13902 5.3887
threshold=0.19850000000000004 0.43250000000000005 0.25850000000000006 0.22750000000000004
decision_type=2 2 2 2
left_child=-1 -2 3 -3
right_child=1 2 -4 -5
leaf_value=-0.0055951199110131711 0.0061614756921136923 0.00033962361902619402 0.0019888104655240713 -0.006608042240142822
leaf_weight=26 20 22 17 18
leaf_count=26 20 22 17 18
internal_value=-0.000926984 0.000687721 -0.00129191 -0.00283357
internal_weight=103 77 57 40
internal_count=103 77 57 40
is_linear=0
shrinkage=0.01


Tree=199
num_leaves=5
num_cat=0
split_feature=6 7 6 7
split_gain=16.4507 8.98285 4.29716 2.16558
threshold=0.53900000000000015 0.43250000000000005 0.44150000000000006 0.45750000000000007
decision_type=2 2 2 2
left_child=1 -1 -3 -2
right_child=3 2 -4 -5
leaf_value=0.0084203400796181282 -0.0065358001986340454 -0.0028888293906398446 0.0037398718209827649 -0.0015619154879823328
leaf_weight=17 32 21 14.999999999999998 18
leaf_count=17 32 21 15 18
internal_value=-0.00091747 0.00285675 0 -0.0049703
internal_weight=103 53 36 50
internal_count=103 53 36 50
is_linear=0
shrinkage=0.01


Tree=200
num_leaves=5
num_cat=0
split_feature=2 7 2 2
split_gain=7.96328 8.64888 3.07921 5.31977
threshold=0.19850000000000004 0.43250000000000005 0.25850000000000006 0.22750000000000004
decision_type=2 2 2 2
left_child=-1 -2 3 -3
right_child=1 2 -4 -5
leaf_value=-0.0054984753612162809 0.0060561067086051809 0.00035760442415873209 0.0019829080449907401 -0.0065441140532493591
leaf_weight=26 20 22 17 18
leaf_count=26 20 22 17 18
internal_value=-0.000908071 0.000678605 -0.00126482 -0.00279285
internal_weight=103 77 57 40
internal_count=103 77 57 40
is_linear=0
shrinkage=0.01


Tree=201
num_leaves=6
num_cat=0
split_feature=3 7 3 3 5
split_gain=9.53019 4.86957 3.56432 2.89002 1.42086
threshold=0.68650000000000022 0.44750000000000006 0.75250000000000006 0.51500000000000012 0.32650000000000007
decision_type=2 2 2 2 2
left_child=1 4 -2 -3 -1
right_child=2 3 -4 -5 -6
leaf_value=0.0013262709970340916 -0.0081871216247479117 -0.0039700455100912793 -0.0016112922225147487 0.001610094421707532 0.0060851319796509217
leaf_weight=17 15.999999999999998 17 22 14.999999999999998 15.999999999999998
leaf_count=17 16 17 22 15 16
internal_value=-0.000898733 0.00136824 -0.00477598 -0.00126645 0.00399233
internal_weight=103 65 38 32 33
internal_count=103 65 38 32 33
is_linear=0
shrinkage=0.01


Tree=202
num_leaves=5
num_cat=0
split_feature=4 6 4 7
split_gain=22.428 6.2875 6.60796 0.90466
threshold=0.041500000000000009 0.53900000000000015 0.085500000000000007 0.45750000000000007
decision_type=2 2 2 2
left_child=-1 2 -2 -3
right_child=1 3 -4 -5
leaf_value=0.0092432382371690543 -0.0045890937331649999 -0.0064338220398434823 0.0033569049924612043 -0.002356415428221226
leaf_weight=15.999999999999998 15.999999999999998 32 23 15.999999999999998
leaf_count=16 16 32 23 16
internal_value=-0.000890173 -0.0029758 0 -0.00532331
internal_weight=103 87 39 48
internal_count=103 87 39 48
is_linear=0
shrinkage=0.01


Tree=203
num_leaves=5
num_cat=0
split_feature=6 7 6 7
split_gain=15.6687 8.57927 4.25533 2.08577
threshold=0.53900000000000015 0.43250000000000005 0.44150000000000006 0.45750000000000007
decision_type=2 2 2 2
left_child=1 -1 -3 -2
right_child=3 2 -4 -5
leaf_value=0.0082374788154112675 -0.0063732684913146145 -0.0028658014989417532 0.0037309378210236043 -0.0014941291818395259
leaf_weight=17 32 21 14.999999999999998 18
leaf_count=17 32 21 15 18
internal_value=-0.00088142 0.00280045 0 -0.00483796
internal_weight=103 53 36 50
internal_count=103 53 36 50
is_linear=0
shrinkage=0.01


Tree=204
num_leaves=6
num_cat=0
split_feature=4 0 4 0 2
split_gain=21.9398 5.61575 4.25027 7.26133 5.32801
threshold=0.041500000000000009 0.31250000000000006 0.20650000000000002 0.35250000000000004 0.22350000000000003
decision_type=2 2 2 2 2
left_child=-1 -2 3 4 -3
right_child=1 2 -4 -5 -6
leaf_value=0.0091493571632438233 0.0017035010033287106 -0.0033443424226168319 -0.0077879096552108734 -0.0072899469567669767 0.0044236297087950835
leaf_weight=15.999999999999998 18 15.000000000000002 22 15.999999999999998 15.999999999999998
leaf_count=16 18 15 22 16 16
internal_value=-0.000872371 -0.00293581 -0.00423039 -0.00221321 0.000538531
internal_weight=103 87 69 47 31
internal_count=103 87 69 47 31
is_linear=0
shrinkage=0.01


Tree=205
num_leaves=5
num_cat=0
split_feature=4 7 4 4
split_gain=21.5504 4.66932 0.576252 0.780963
threshold=0.041500000000000009 0.43250000000000005 0.20650000000000002 0.12750000000000003
decision_type=2 2 2 2
left_child=-1 -2 3 -3
right_child=1 2 -4 -5
leaf_value=0.0090680294401115843 0.00063437697585099016 -0.0041109555779645836 -0.0061424162983894351 -0.0007030790616922519
leaf_weight=15.999999999999998 24 28 20 14.999999999999998
leaf_count=16 24 28 20 15
internal_value=-0.00086377 -0.00290922 -0.00431406 -0.00311736
internal_weight=103 87 63 43
internal_count=103 87 63 43
is_linear=0
shrinkage=0.01


Tree=206
num_leaves=4
num_cat=0
split_feature=4 2 4
split_gain=21.1685 4.74217 3.56393
threshold=0.041500000000000009 0.22350000000000003 0.092500000000000013
decision_type=2 2 2
left_child=-1 -2 -3
right_child=1 2 -4
leaf_value=0.0089874247544341618 -0.0050740386270224412 -0.0036967171963892486 0.0019307347318088567
leaf_weight=15.999999999999998 45 17 25
leaf_count=16 45 17 25
internal_value=-0.000855371 -0.00288301 -0.000297904
internal_weight=103 87 42
internal_count=103 87 42
is_linear=0
shrinkage=0.01


Tree=207
num_leaves=6
num_cat=0
split_feature=3 5 7 7 7
split_gain=12.04 13.5247 10.0017 3.48245 0.978061
threshold=0.67500000000000016 0.39500000000000007 0.46750000000000008 0.43250000000000005 0.44250000000000006
decision_type=2 2 2 2 2
left_child=1 2 3 -1 -2
right_child=4 -3 -4 -5 -6
leaf_value=-2.207198787642562e-05 -0.0085742382862065963 0.0083669997488751129 0.0047611710272337264 -0.0053468917888638227 -0.0035476818916044739
leaf_weight=21 17 14.999999999999998 17 36 17
leaf_count=21 17 15 17 36 17
internal_value=-0.00165044 0.000263865 -0.00148983 -0.00353711 -0.00653657
internal_weight=123 89 74 57 34
internal_count=123 89 74 57 34
is_linear=0
shrinkage=0.01


Tree=208
num_leaves=6
num_cat=0
split_feature=7 0 1 7 7
split_gain=11.5638 13.7057 9.55789 2.90931 0.816675
threshold=0.46750000000000008 0.32250000000000006 0.19250000000000003 0.44250000000000006 0.45750000000000007
decision_type=2 2 2 2 2
left_child=1 2 -1 -3 -5
right_child=-2 3 -4 4 -6
leaf_value=0.0051354020282339602 0.0042702453755415403 -0.0088939050833384201 -0.0042975295748975536 -0.0015949965020020803 -0.0054670542029335223
leaf_weight=24 24 25 15.999999999999998 19 14.999999999999998
leaf_count=24 24 25 16 19 15
internal_value=-0.00163503 -0.00317233 0.00121821 -0.00617328 -0.00365097
internal_weight=123 99 40 59 34
internal_count=123 99 40 59 34
is_linear=0
shrinkage=0.01


Tree=209
num_leaves=6
num_cat=0
split_feature=2 5 3 3 3
split_gain=12.4943 4.67383 0.894105 0.980988 0.807343
threshold=0.25350000000000006 0.35650000000000004 0.67500000000000016 0.6080000000000001 0.49050000000000005
decision_type=2 2 2 2 2
left_child=1 2 3 4 -1
right_child=-2 -3 -4 -5 -6
leaf_value=-0.0019960099000794194 0.0045200969851933994 0.00095221069597062617 -0.006098964086600712 -0.00045212975319694075 -0.0057241923450247235
leaf_weight=22 24 19 26 14.999999999999998 17
leaf_count=22 24 19 26 15 17
internal_value=-0.00162082 -0.00321906 -0.00426977 -0.00311339 -0.00394302
internal_weight=123 99 80 54 39
internal_count=123 99 80 54 39
is_linear=0
shrinkage=0.01


Tree=210
num_leaves=6
num_cat=0
split_feature=7 7 6 4 4
split_gain=11.309 7.13513 6.38084 3.67517 3.17581
threshold=0.46750000000000008 0.43250000000000005 0.71150000000000013 0.19350000000000003 0.071500000000000008
decision_type=2 2 2 2 2
left_child=1 2 -1 4 -3
right_child=-2 3 -4 -5 -6
leaf_value=0.0034811558984220027 0.0042324616931951964 -0.0059059363691245804 -0.0044467911869287488 -0.0081475430092325923 0
leaf_weight=23 24 14.999999999999998 14.999999999999998 25 21
leaf_count=23 24 15 15 25 21
internal_value=-0.00160642 -0.00312719 0.000160836 -0.00519491 -0.002692
internal_weight=123 99 38 61 36
internal_count=123 99 38 61 36
is_linear=0
shrinkage=0.01


Tree=211
num_leaves=6
num_cat=0
split_feature=3 5 5 5 5
split_gain=11.5722 13.0903 4.25123 8.17039 0.0493901
threshold=0.67500000000000016 0.39500000000000007 0.22700000000000004 0.29050000000000004 0.17350000000000002
decision_type=2 2 2 2 2
left_child=1 2 4 -4 -1
right_child=-2 -3 3 -5 -6
leaf_value=-0.0022247781739993529 -0.0063831872679293161 0.0082546789418248574 0.0057065886886496298 -0.0033014529384672643 -0.0047356566116213798
leaf_weight=20 34 14.999999999999998 17 19 18
leaf_count=20 34 15 17 19 18
internal_value=-0.00159223 0.000283142 -0.00144163 0.000897228 -0.00371646
internal_weight=123 89 74 36 38
internal_count=123 89 74 36 38
is_linear=0
shrinkage=0.01


Tree=212
num_leaves=6
num_cat=0
split_feature=4 1 4 0 4
split_gain=7.37733 8.24578 3.61073 4.37263 2.12388
threshold=0.19350000000000003 0.21750000000000003 0.053500000000000006 0.32750000000000007 0.23350000000000004
decision_type=2 2 2 2 2
left_child=1 2 -1 -4 -2
right_child=4 -3 3 -5 -6
leaf_value=-0.0014940267898851916 -0.007949193242718193 -0.0054447193294763566 0.0073280898729960117 0.0007563710765492532 -0.0025746446129466805
leaf_weight=19 14.999999999999998 18 15.999999999999998 29 26
leaf_count=19 15 18 16 29 26
internal_value=-0.00157714 0.00012005 0.00187846 0.00341177 -0.0049355
internal_weight=123 82 64 45 41
internal_count=123 82 64 45 41
is_linear=0
shrinkage=0.01


Tree=213
num_leaves=5
num_cat=0
split_feature=5 4 5 4
split_gain=10.5065 8.84795 5.0001 2.15808
threshold=0.35650000000000004 0.19350000000000003 0.22700000000000004 0.12450000000000001
decision_type=2 2 2 2
left_child=1 2 3 -1
right_child=-2 -3 -4 -5
leaf_value=-0.0056163263916969297 0.0035673194502790768 -0.0074016130151170678 0.0021001182949791355 -0.00044258386082947257
leaf_weight=18 28 31 28 18
leaf_count=18 28 31 28 18
internal_value=-0.00156327 -0.00316936 -0.000881434 -0.00332048
internal_weight=123 95 64 36
internal_count=123 95 64 36
is_linear=0
shrinkage=0.01


Tree=214
num_leaves=5
num_cat=0
split_feature=2 6 2 6
split_gain=11.9722 4.71389 6.60092 1.64489
threshold=0.25350000000000006 0.45800000000000007 0.21250000000000002 0.56300000000000006
decision_type=2 2 2 2
left_child=1 -1 -3 -4
right_child=-2 2 3 -5
leaf_value=-0.0077332797764163262 0.0044604360484159907 -0.0042237651304287069 -0.00045749592408537862 0.0036419320544775796
leaf_weight=17 24 49 18 14.999999999999998
leaf_count=17 24 49 18 15
internal_value=-0.00154888 -0.00311467 -0.0019363 0.00136466
internal_weight=123 99 82 33
internal_count=123 99 82 33
is_linear=0
shrinkage=0.01


Tree=215
num_leaves=5
num_cat=0
split_feature=7 5 1 7
split_gain=10.944 11.9655 6.59079 1.07697
threshold=0.46750000000000008 0.39500000000000007 0.19750000000000004 0.43250000000000005
decision_type=2 2 2 2
left_child=1 2 3 -1
right_child=-2 -3 -4 -5
leaf_value=-0.00013129572495818137 0.004208197461871001 0.0041095842185773345 -0.0079390794908006986 -0.003339488645670591
leaf_weight=23 24 17 34 25
leaf_count=23 24 17 34 25
internal_value=-0.00153408 -0.00303142 -0.00463399 -0.00196897
internal_weight=123 99 82 48
internal_count=123 99 82 48
is_linear=0
shrinkage=0.01


Tree=216
num_leaves=5
num_cat=0
split_feature=0 0 6 6
split_gain=5.06523 6.07472 1.82571 3.61071
threshold=0.30250000000000005 0.32250000000000006 0.90550000000000008 0.58600000000000008
decision_type=2 2 2 2
left_child=-1 -2 3 -3
right_child=1 2 -4 -5
leaf_value=-0.0047967874394221743 0.0050006533802851383 -0.0018639407386737211 -0.0030907464295625688 0.003956766926190433
leaf_weight=20 21 26 23 14.999999999999998
leaf_count=20 21 26 23 15
internal_value=-0.000492601 0.000549667 -0.000942333 0.000234295
internal_weight=105 85 64 41
internal_count=105 85 64 41
is_linear=0
shrinkage=0.01


Tree=217
num_leaves=6
num_cat=0
split_feature=1 5 2 5 2
split_gain=4.46987 3.443 5.82968 0.53725 1.8639
threshold=0.21750000000000003 0.32650000000000007 0.24150000000000002 0.24650000000000002 0.17750000000000002
decision_type=2 2 2 2 2
left_child=1 3 -3 4 -1
right_child=-2 2 -4 -5 -6
leaf_value=-0.0024833695634323004 -0.0046489796521408215 0.0071814317037077512 -0.00079566132081182375 -0.0021052378237247471 0.0021284978753990597
leaf_weight=15.000000000000002 19 14.999999999999998 17 23 15.999999999999998
leaf_count=15 19 15 17 23 16
internal_value=-0.000487823 0.000459449 0.00299902 -0.00100956 0
internal_weight=105 86 32 54 31
internal_count=105 86 32 54 31
is_linear=0
shrinkage=0.01


Tree=218
num_leaves=6
num_cat=0
split_feature=4 4 4 7 4
split_gain=6.63592 6.04641 8.65524 2.92595 0.929672
threshold=0.23750000000000002 0.039500000000000007 0.071500000000000008 0.43250000000000005 0.15950000000000003
decision_type=2 2 2 2 2
left_child=1 -1 -3 -4 -5
right_child=-2 2 3 4 -6
leaf_value=-0.0044369076213075058 -0.0055542300925368361 0.0082483024413094793 0.0033062335358638511 -0.0031435063812467788 0
leaf_weight=15.999999999999998 19 14.999999999999998 17 15.999999999999998 22
leaf_count=16 19 15 17 16 22
internal_value=-0.000483547 0.000680674 0.00201061 0 -0.0014569
internal_weight=105 86 70 55 38
internal_count=105 86 70 55 38
is_linear=0
shrinkage=0.01


Tree=219
num_leaves=6
num_cat=0
split_feature=1 3 2 2 3
split_gain=4.38056 4.13069 4.08638 5.63223 1.29062
threshold=0.21750000000000003 0.57350000000000001 0.24150000000000002 0.20550000000000002 0.66900000000000015
decision_type=2 2 2 2 2
left_child=1 2 3 -1 -3
right_child=-2 4 -4 -5 -6
leaf_value=0 -0.0045989686534518284 -0.0037088323580591305 -0.0014247114518109491 0.0085288244310547327 0
leaf_weight=16.000000000000004 19 17 14.999999999999998 14.999999999999998 23
leaf_count=16 19 17 15 15 23
internal_value=-0.000479165 0.000458041 0.00249683 0.00451721 -0.00177477
internal_weight=105 86 46 31 40
internal_count=105 86 46 31 40
is_linear=0
shrinkage=0.01


Tree=220
num_leaves=6
num_cat=0
split_feature=4 4 4 0 3
split_gain=6.49403 5.93038 8.45168 2.4263 2.95019
threshold=0.23750000000000002 0.039500000000000007 0.071500000000000008 0.32750000000000007 0.54250000000000009
decision_type=2 2 2 2 2
left_child=1 -1 -3 -4 -5
right_child=-2 2 3 4 -6
leaf_value=-0.0043913241786261402 -0.00549168539189157 0.0081577095783808649 0.002807960944871108 0.0016254790477892933 -0.003771484973637954
leaf_weight=15.999999999999998 19 14.999999999999998 19 14.999999999999998 21
leaf_count=16 19 15 19 15 21
internal_value=-0.000475065 0.000676061 0.00199357 0 -0.00142397
internal_weight=105 86 70 55 36
internal_count=105 86 70 55 36
is_linear=0
shrinkage=0.01


Tree=221
num_leaves=6
num_cat=0
split_feature=1 6 6 6 6
split_gain=4.28829 4.05939 5.87204 2.2063 6.72972
threshold=0.21750000000000003 0.90550000000000008 0.41750000000000004 0.48150000000000004 0.58600000000000008
decision_type=2 2 2 2 2
left_child=1 2 -1 -4 -5
right_child=-2 -3 3 4 -6
leaf_value=-0.0031008505158954197 -0.0045466857332558857 -0.0031033217550619791 0.0064397211083107517 -0.0026845187611050075 0.0057780797642312557
leaf_weight=15.999999999999998 19 21 15.999999999999998 15.999999999999998 17
leaf_count=16 19 21 16 16 17
internal_value=-0.000470046 0.000456653 0.00173973 0.00347798 0.00161321
internal_weight=105 86 65 49 33
internal_count=105 86 65 49 33
is_linear=0
shrinkage=0.01


Tree=222
num_leaves=5
num_cat=0
split_feature=0 0 7 2
split_gain=5.08273 5.81536 1.6753 2.08825
threshold=0.30250000000000005 0.32250000000000006 0.44250000000000006 0.22150000000000003
decision_type=2 2 2 2
left_child=-1 -2 -3 -4
right_child=1 2 3 -5
leaf_value=-0.0047790405560623516 0.0049314837157726291 -0.0034862124361097814 -0.0016944486236777799 0.0023364888779495076
leaf_weight=20 21 15.999999999999998 27 21
leaf_count=20 21 16 27 21
internal_value=-0.000466041 0.000577845 -0.000881085 0
internal_weight=105 85 64 48
internal_count=105 85 64 48
is_linear=0
shrinkage=0.01


Tree=223
num_leaves=6
num_cat=0
split_feature=4 4 4 1 1
split_gain=6.34969 5.82615 8.19889 3.57349 1.84493
threshold=0.23750000000000002 0.039500000000000007 0.071500000000000008 0.19250000000000003 0.20250000000000004
decision_type=2 2 2 2 2
left_child=1 -1 -3 -4 -5
right_child=-2 2 3 4 -6
leaf_value=-0.0043461145315733217 -0.0054231193697168714 0.0080537832703660526 0.0035319587364792825 -0.0037104174281869617 0.00040296597965061668
leaf_weight=15.999999999999998 19 14.999999999999998 18 19 18
leaf_count=16 19 15 18 19 18
internal_value=-0.000461883 0.000675727 0.00198186 1.36794e-05 -0.00166306
internal_weight=105 86 70 55 37
internal_count=105 86 70 55 37
is_linear=0
shrinkage=0.01


Tree=224
num_leaves=6
num_cat=0
split_feature=4 4 4 1 1
split_gain=6.23622 5.72511 8.05297 3.50785 1.81321
threshold=0.23750000000000002 0.039500000000000007 0.071500000000000008 0.19250000000000003 0.20250000000000004
decision_type=2 2 2 2 2
left_child=1 -1 -3 -4 -5
right_child=-2 2 3 4 -6
leaf_value=-0.0043074823708997836 -0.005374052907739367 0.0079827205004060972 0.0035001712366938592 -0.0036768469711144763 0.00039933922141790389
leaf_weight=15.999999999999998 19 14.999999999999998 18 19 18
leaf_count=16 19 15 18 19 18
internal_value=-0.000457076 0.000669864 0.00196504 1.36215e-05 -0.00164685
internal_weight=105 86 70 55 37
internal_count=105 86 70 55 37
is_linear=0
shrinkage=0.01


Tree=225
num_leaves=4
num_cat=0
split_feature=3 7 5
split_gain=8.66067 8.59945 11.9051
threshold=0.69450000000000001 0.46250000000000008 0.20950000000000002
decision_type=2 2 2
left_child=1 2 -1
right_child=-2 -3 -4
leaf_value=-0.0013274163203804115 -0.003310367880621925 -0.0020391015894711019 0.0085088691543787724
leaf_weight=17 30 22 33
leaf_count=17 30 22 33
internal_value=0.000987686 0.00288718 0.00514595
internal_weight=102 72 50
internal_count=102 72 50
is_linear=0
shrinkage=0.01


Tree=226
num_leaves=5
num_cat=0
split_feature=6 0 6 0
split_gain=13.7236 5.98836 8.08022 0.414593
threshold=0.76800000000000013 0.32750000000000007 0.41750000000000004 0.33250000000000007
decision_type=2 2 2 2
left_child=1 2 -1 -2
right_child=3 -3 -4 -5
leaf_value=0.00072563366826877685 -0.0056230021599266268 0 0.0097096688952296971 -0.0020617432188656595
leaf_weight=20 15.999999999999998 28 22 15.999999999999998
leaf_count=20 16 28 22 16
internal_value=0.000976719 0.00347089 0.00577264 -0.00421545
internal_weight=102 70 42 32
internal_count=102 70 42 32
is_linear=0
shrinkage=0.01


Tree=227
num_leaves=5
num_cat=0
split_feature=2 3 2 3
split_gain=14.3725 7.26367 1.60789 1.22222
threshold=0.22350000000000003 0.50700000000000012 0.19450000000000003 0.64250000000000018
decision_type=2 2 2 2
left_child=2 -2 -1 -3
right_child=1 3 -4 -5
leaf_value=-0.0043448867314848406 0.0098750126121578633 0.0032707750898870553 -0.00047273633480072021 -7.5561304887135819e-05
leaf_weight=27 15.999999999999998 20 23 15.999999999999998
leaf_count=27 16 20 23 16
internal_value=0.000966606 0.00459902 -0.00274654 0.00172624
internal_weight=102 52 50 36
internal_count=102 52 50 36
is_linear=0
shrinkage=0.01


Tree=228
num_leaves=5
num_cat=0
split_feature=2 4 6 6
split_gain=14.117 4.08556 7.80827 2.64198
threshold=0.22350000000000003 0.12350000000000001 0.41900000000000004 0.80200000000000016
decision_type=2 2 2 2
left_child=3 2 -2 -1
right_child=1 -3 -4 -5
leaf_value=0 -0.0024006361926072525 0.0081328917826925008 0.0067192479429973497 -0.0047323165936716668
leaf_weight=23 17 19 15.999999999999998 27
leaf_count=23 17 19 16 27
internal_value=0.000957566 0.00455787 0.00200955 -0.00272189
internal_weight=102 52 33 50
internal_count=102 52 33 50
is_linear=0
shrinkage=0.01


Tree=229
num_leaves=5
num_cat=0
split_feature=5 7 7 1
split_gain=7.32581 6.19831 6.93849 6.90471
threshold=0.18050000000000002 0.46250000000000008 0.43750000000000006 0.18750000000000003
decision_type=2 2 2 2
left_child=-1 2 3 -2
right_child=1 -3 -4 -5
leaf_value=-0.0039895850436195085 -0.0015440524717861856 -0.0016689784395006989 0.009184991811451158 0.0065282824723159561
leaf_weight=21 25 24 17 14.999999999999998
leaf_count=21 25 24 17 15
internal_value=0.00094858 0.00235437 0.00413231 0.00153075
internal_weight=102 81 57 40
internal_count=102 81 57 40
is_linear=0
shrinkage=0.01


Tree=230
num_leaves=5
num_cat=0
split_feature=2 7 2 2
split_gain=13.8588 15.6188 1.54404 1.09332
threshold=0.22350000000000003 0.46250000000000008 0.19450000000000003 0.24650000000000002
decision_type=2 2 2 2
left_child=2 3 -1 -2
right_child=1 -3 -4 -5
leaf_value=-0.0042726808568013122 0.0051855695454869422 -0.0023717633883158363 -0.00047057322561740877 0.011147279318641215
leaf_weight=27 18 19 23 14.999999999999998
leaf_count=27 18 19 23 15
internal_value=0.00093977 0.00450756 -0.00270523 0.00852043
internal_weight=102 52 50 33
internal_count=102 52 50 33
is_linear=0
shrinkage=0.01


Tree=231
num_leaves=5
num_cat=0
split_feature=4 7 3 3
split_gain=10.6293 15.2604 4.55376 0.759286
threshold=0.20300000000000004 0.46250000000000008 0.50700000000000012 0.70950000000000013
decision_type=2 2 2 2
left_child=1 2 -1 -2
right_child=3 -3 -4 -5
leaf_value=0.01105314679115134 -0.0014636924844235184 -0.0027875436849340248 0.0036407103257313851 -0.0052579391638145727
leaf_weight=14.999999999999998 18 25 29 14.999999999999998
leaf_count=15 18 25 29 15
internal_value=0.000931183 0.00317608 0.00664708 -0.00353311
internal_weight=102 69 44 33
internal_count=102 69 44 33
is_linear=0
shrinkage=0.01


Tree=232
num_leaves=5
num_cat=0
split_feature=2 0 2 2
split_gain=13.5704 4.87849 3.00035 1.49252
threshold=0.22350000000000003 0.32750000000000007 0.25250000000000006 0.19450000000000003
decision_type=2 2 2 2
left_child=3 2 -2 -1
right_child=1 -3 -4 -5
leaf_value=-0.0042270348266024013 0.0029734842292964457 9.0989364045006887e-05 0.0099458378728698293 -0.00047989646792411807
leaf_weight=27 18 19 14.999999999999998 23
leaf_count=27 18 19 15 23
internal_value=0.000921907 0.00445296 0.00667283 -0.00268426
internal_weight=102 52 33 50
internal_count=102 52 33 50
is_linear=0
shrinkage=0.01


Tree=233
num_leaves=4
num_cat=0
split_feature=3 7 5
split_gain=8.26126 8.12119 10.9216
threshold=0.69450000000000001 0.46250000000000008 0.20950000000000002
decision_type=2 2 2
left_child=1 2 -1
right_child=-2 -3 -4
leaf_value=-0.0012248416117539532 -0.0032816373760579153 -0.0020105143077671526 0.0081892084197274281
leaf_weight=17 30 22 33
leaf_count=17 30 22 33
internal_value=0.000914284 0.00277159 0.00496828
internal_weight=102 72 50
internal_count=102 72 50
is_linear=0
shrinkage=0.01


Tree=234
num_leaves=5
num_cat=0
split_feature=6 0 6 6
split_gain=8.84554 2.16679 1.17222 0.81291
threshold=0.61250000000000016 0.33250000000000007 1.0130000000000001 0.43050000000000005
decision_type=2 2 2 2
left_child=1 3 -2 -1
right_child=2 -3 -4 -5
leaf_value=0.0018372246871391931 -0.0013878198224119842 0 -0.0055306085242944605 0.0059561167343666682
leaf_weight=15.999999999999998 22 14.999999999999998 14.999999999999998 17
leaf_count=16 22 15 15 17
internal_value=0.000120216 0.00295574 -0.00339303 0.00432104
internal_weight=85 48 37 33
internal_count=85 48 37 33
is_linear=0
shrinkage=0.01


Tree=235
num_leaves=4
num_cat=0
split_feature=6 3 6
split_gain=8.69237 6.75289 1.14911
threshold=0.61250000000000016 0.55550000000000022 1.0130000000000001
decision_type=2 2 2
left_child=1 -1 -2
right_child=2 -3 -4
leaf_value=0.0059711921699345119 -0.0013750981981866062 -0.0012570658190683883 -0.0054818090708816762
leaf_weight=28 22 20 14.999999999999998
leaf_count=28 22 20 15
internal_value=0.000118244 0.00292961 -0.00336393
internal_weight=85 48 37
internal_count=85 48 37
is_linear=0
shrinkage=0.01


Tree=236
num_leaves=4
num_cat=0
split_feature=4 0 0
split_gain=11.5962 17.1295 2.02454
threshold=0.14450000000000002 0.33750000000000008 0.33750000000000008
decision_type=2 2 2
left_child=1 -1 -2
right_child=2 -3 -4
leaf_value=0.0080301859067572704 -0.0057560988577703628 -0.0036291157560689111 -0.00056391057722708757
leaf_weight=29 22 19 14.999999999999998
leaf_count=29 22 19 15
internal_value=0.000114845 0.00335449 -0.00391623
internal_weight=85 48 37
internal_count=85 48 37
is_linear=0
shrinkage=0.01


Tree=237
num_leaves=4
num_cat=0
split_feature=5 1 1
split_gain=14.2191 6.01538 2.10546
threshold=0.26250000000000007 0.20250000000000004 0.19750000000000004
decision_type=2 2 2
left_child=2 -2 -1
right_child=1 -3 -4
leaf_value=-0.0064849167723547334 0.0062074878676371134 -0.00079814402288512184 -0.001174263977690747
leaf_weight=20 31 17 17
leaf_count=20 31 17 17
internal_value=0.000111531 0.00369365 -0.00435844
internal_weight=85 48 37
internal_count=85 48 37
is_linear=0
shrinkage=0.01


Tree=238
num_leaves=4
num_cat=0
split_feature=2 3 7
split_gain=9.25351 4.93103 1.63311
threshold=0.20550000000000002 0.55550000000000022 0.43750000000000006
decision_type=2 2 2
left_child=2 -2 -1
right_child=1 -3 -4
leaf_value=-0.0056253211984508911 0.00583476393150964 -0.00033857930613600694 -0.001056252419948578
leaf_weight=17 26 21 21
leaf_count=17 26 21 21
internal_value=0.000108174 0.00307319 -0.00340437
internal_weight=85 47 38
internal_count=85 47 38
is_linear=0
shrinkage=0.01


Tree=239
num_leaves=4
num_cat=0
split_feature=3 0 7
split_gain=7.37073 6.71943 1.73336
threshold=0.72950000000000015 0.34250000000000008 0.44250000000000006
decision_type=2 2 2
left_child=1 2 -1
right_child=-2 -3 -4
leaf_value=0.0016126014902773831 -0.0047117568098980454 -0.002952099829912186 0.0060006738531038816
leaf_weight=25 21 18 21
leaf_count=25 21 18 21
internal_value=0.000105096 0.00185627 0.00388658
internal_weight=85 64 46
internal_count=85 64 46
is_linear=0
shrinkage=0.01


Tree=240
num_leaves=4
num_cat=0
split_feature=4 0 0
split_gain=11.1 16.4457 1.98324
threshold=0.14450000000000002 0.33750000000000008 0.33750000000000008
decision_type=2 2 2
left_child=1 -1 -2
right_child=2 -3 -4
leaf_value=0.0078573769078620018 -0.0056585235272844639 -0.0035644168300288065 -0.00052473389927078695
leaf_weight=29 22 19 14.999999999999998
leaf_count=29 22 19 15
internal_value=0.000103459 0.00327452 -0.0038391
internal_weight=85 48 37
internal_count=85 48 37
is_linear=0
shrinkage=0.01


Tree=241
num_leaves=4
num_cat=0
split_feature=5 1 1
split_gain=13.5857 5.78825 2.0261
threshold=0.26250000000000007 0.20250000000000004 0.19750000000000004
decision_type=2 2 2
left_child=2 -2 -1
right_child=1 -3 -4
leaf_value=-0.0063540793955326079 0.0060700326248523638 -0.00079742831276043472 -0.0011393220173685176
leaf_weight=20 31 17 17
leaf_count=20 31 17 17
internal_value=0.000100265 0.0036032 -0.00426761
internal_weight=85 48 37
internal_count=85 48 37
is_linear=0
shrinkage=0.01


Tree=242
num_leaves=4
num_cat=0
split_feature=2 1 1
split_gain=8.76819 2.99256 1.31358
threshold=0.20550000000000002 0.19750000000000004 0.19750000000000004
decision_type=2 2 2
left_child=2 -2 -1
right_child=1 -3 -4
leaf_value=-0.0051329850707025762 0.0049526096120243888 0 -0.00095379481047746682
leaf_weight=19 28 19 19
leaf_count=19 28 19 19
internal_value=9.70279e-05 0.00298498 -0.00332056
internal_weight=85 47 38
internal_count=85 47 38
is_linear=0
shrinkage=0.01


Tree=243
num_leaves=6
num_cat=0
split_feature=3 7 5 5 3
split_gain=7.75991 12.1407 5.78065 6.17234 3.89021
threshold=0.77900000000000014 0.42250000000000004 0.27750000000000008 0.20950000000000002 0.52650000000000008
decision_type=2 2 2 2 2
left_child=1 -1 3 -3 -4
right_child=-2 2 4 -5 -6
leaf_value=0.0072363463938236242 -0.0063198710097507995 -0.0018322527817931148 -0.0074073934629559513 0.0053640722412321915 -0.00058557722903788089
leaf_weight=18 20 29 18 17 18
leaf_count=18 20 29 18 17 18
internal_value=-0.000934853 0.000195932 -0.0014255 0.000835782 -0.00433841
internal_weight=120 100 82 46 36
internal_count=120 100 82 46 36
is_linear=0
shrinkage=0.01


Tree=244
num_leaves=6
num_cat=0
split_feature=4 2 4 2 2
split_gain=9.76449 2.75241 2.01842 2.47617 1.28559
threshold=0.19350000000000003 0.26050000000000006 0.12250000000000001 0.23250000000000004 0.18350000000000002
decision_type=2 2 2 2 2
left_child=1 2 3 -1 -2
right_child=4 -3 -4 -5 -6
leaf_value=0.0007953719140799798 -0.0022670891800723775 0.0037905920948833227 0.0022658741139722142 -0.0037472763527994571 -0.007042258646161783
leaf_weight=21 17 22 20 21 19
leaf_count=21 17 22 20 21 19
internal_value=-0.000926496 0.000906159 -0.000125696 -0.0014294 -0.0051569
internal_weight=120 84 62 42 36
internal_count=120 84 62 42 36
is_linear=0
shrinkage=0.01


Tree=245
num_leaves=7
num_cat=0
split_feature=3 3 1 1 3 1
split_gain=7.62053 6.63654 10.3758 4.61054 2.84884 1.407
threshold=0.77900000000000014 0.47850000000000004 0.18250000000000002 0.20250000000000004 0.53150000000000019 0.20750000000000002
decision_type=2 2 2 2 2 2
left_child=1 3 -3 -1 -4 -6
right_child=-2 2 4 -5 5 -7
leaf_value=-0.0068074297108170062 -0.0062546637798236169 0.0083640197350790622 0.0030299716579782611 8.1040818477049465e-05 0 -0.0038909829325146144
leaf_weight=15.999999999999998 20 17 14.999999999999998 18 18 15.999999999999998
leaf_count=16 20 17 15 18 18 16
internal_value=-0.000917838 0.000202219 0.00208146 -0.0032198 -0.000242688 -0.00191352
internal_weight=120 100 66 34 49 34
internal_count=120 100 66 34 49 34
is_linear=0
shrinkage=0.01


Tree=246
num_leaves=6
num_cat=0
split_feature=7 5 5 7 2
split_gain=7.51019 4.98267 7.03078 2.33669 0.143612
threshold=0.42250000000000004 0.27750000000000008 0.20600000000000002 0.44250000000000006 0.18650000000000003
decision_type=2 2 2 2 2
left_child=-1 2 4 -3 -2
right_child=1 3 -4 -5 -6
leaf_value=0.0041965722549787681 -0.0012302782052138355 -0.0073715604860335598 0.0043436619072136562 -0.0019449007324874401 -0.0034466028780392975
leaf_weight=21 18 18 20 22 21
leaf_count=21 18 18 20 22 21
internal_value=-0.000909054 -0.00210322 -0.000136342 -0.00474069 -0.00265555
internal_weight=120 99 59 40 39
internal_count=120 99 59 40 39
is_linear=0
shrinkage=0.01


Tree=247
num_leaves=6
num_cat=0
split_feature=3 7 5 5 3
split_gain=7.46964 11.6864 5.52806 5.94214 3.80765
threshold=0.77900000000000014 0.42250000000000004 0.27750000000000008 0.20950000000000002 0.52650000000000008
decision_type=2 2 2 2 2
left_child=1 -1 3 -3 -4
right_child=-2 2 4 -5 -6
leaf_value=0.0071146183816017585 -0.0061853499854491517 -0.0017894310564283403 -0.0072661515250802044 0.0052701779366715962 -0.0005253608748316765
leaf_weight=18 20 29 18 17 18
leaf_count=18 20 29 18 17 18
internal_value=-0.000901267 0.00020709 -0.00138297 0.000826271 -0.00423237
internal_weight=120 100 82 46 36
internal_count=120 100 82 46 36
is_linear=0
shrinkage=0.01


Tree=248
num_leaves=6
num_cat=0
split_feature=0 2 0 2 1
split_gain=4.51907 5.89214 2.59259 1.15888 0.952065
threshold=0.31750000000000006 0.25650000000000006 0.33750000000000008 0.20950000000000002 0.17750000000000002
decision_type=2 2 2 2 2
left_child=4 2 -2 -4 -1
right_child=1 -3 3 -5 -6
leaf_value=0 -0.0062449978381395347 0.002954414131886819 -1.7986476421356202e-06 -0.0034449647121470085 0.0031230840333939898
leaf_weight=18 23 14.999999999999998 23 20 21
leaf_count=18 23 15 23 20 21
internal_value=-0.000893218 -0.00224981 -0.00355822 -0.00179632 0.00177467
internal_weight=120 81 66 43 39
internal_count=120 81 66 43 39
is_linear=0
shrinkage=0.01


Tree=249
num_leaves=6
num_cat=0
split_feature=6 1 5 6 1
split_gain=4.71534 2.99713 0.452314 0.476005 1.46899
threshold=0.46350000000000008 0.17750000000000002 0.32950000000000007 0.59450000000000014 0.19750000000000004
decision_type=2 2 2 2 2
left_child=1 -1 3 -2 -5
right_child=2 -3 -4 4 -6
leaf_value=-0.0008069375778237979 0 0.0040982952310393258 -0.0041931134243221851 -0.0039418792518787086 -0.0001288821866425375
leaf_weight=22 15.999999999999998 22 14.999999999999998 23 22
leaf_count=22 16 22 15 23 22
internal_value=-0.000884802 0.00160853 -0.00239665 -0.00175644 -0.00226894
internal_weight=120 44 76 61 45
internal_count=120 44 76 61 45
is_linear=0
shrinkage=0.01


Tree=250
num_leaves=6
num_cat=0
split_feature=4 2 4 2 2
split_gain=9.39409 2.62134 1.98443 2.42985 1.25996
threshold=0.19350000000000003 0.26050000000000006 0.12250000000000001 0.23250000000000004 0.18350000000000002
decision_type=2 2 2 2 2
left_child=1 2 3 -1 -2
right_child=4 -3 -4 -5 -6
leaf_value=0.00081880468288031611 -0.0021799801638055787 0.0037315297002593678 0.0022845120829614726 -0.0036811857249425808 -0.0068889349805457255
leaf_weight=21 17 22 20 21 19
leaf_count=21 17 22 20 21 19
internal_value=-0.000877918 0.000918386 -8.71172e-05 -0.00138261 -0.00502861
internal_weight=120 84 62 42 36
internal_count=120 84 62 42 36
is_linear=0
shrinkage=0.01


Tree=251
num_leaves=6
num_cat=0
split_feature=3 7 3 3 7
split_gain=7.27055 11.4177 4.84136 3.82703 2.94317
threshold=0.77900000000000014 0.42250000000000004 0.47850000000000004 0.5395000000000002 0.45250000000000007
decision_type=2 2 2 2 2
left_child=1 -1 -3 -4 -5
right_child=-2 2 3 4 -6
leaf_value=0.0070502137560397382 -0.0060837490975179454 -0.0046673465250381112 0.0036636613233184275 -0.0046952053658006823 0.00074117789214307619
leaf_weight=18 20 27 20 14.999999999999998 20
leaf_count=18 20 27 20 15 20
internal_value=-0.000869699 0.000222933 -0.00134839 0.000299789 -0.00158142
internal_weight=120 100 82 55 35
internal_count=120 100 82 55 35
is_linear=0
shrinkage=0.01


Tree=252
num_leaves=5
num_cat=0
split_feature=4 7 6 4
split_gain=16.818 4.27261 6.55682 0.123131
threshold=0.18550000000000003 0.46250000000000008 0.50950000000000017 0.25450000000000006
decision_type=2 2 2 2
left_child=1 2 -1 -2
right_child=3 -3 -4 -5
leaf_value=-8.7083181831985713e-05 -0.0066305686806639036 -0.0021145056784152984 0.006521964580591383 -0.0036069172263145451
leaf_weight=28 28 18 27 23
leaf_count=28 28 18 27 23
internal_value=-0.00122901 0.00178979 0.00318464 -0.00554887
internal_weight=124 73 55 51
internal_count=124 73 55 51
is_linear=0
shrinkage=0.01


Tree=253
num_leaves=6
num_cat=0
split_feature=6 7 1 6 6
split_gain=8.88709 7.8116 5.09773 8.75889 1.02169
threshold=0.80200000000000016 0.41750000000000004 0.21750000000000003 0.47150000000000003 0.54400000000000015
decision_type=2 2 2 2 2
left_child=1 -1 3 -3 -5
right_child=-2 2 -4 4 -6
leaf_value=0.0065657733030178968 -0.0054287430074893761 -0.0047400708703531158 -0.0044447913931475744 0.0057470147077487233 0.0015677420227300555
leaf_weight=14.999999999999998 34 15.999999999999998 25 14.999999999999998 19
leaf_count=15 34 16 25 15 19
internal_value=-0.00121846 0.000401188 -0.000905309 0.000871165 0.00376727
internal_weight=124 90 75 50 34
internal_count=124 90 75 50 34
is_linear=0
shrinkage=0.01


Tree=254
num_leaves=6
num_cat=0
split_feature=4 6 6 6 2
split_gain=16.3949 3.68723 10.2967 8.25863 0.47977
threshold=0.18550000000000003 0.7835000000000002 0.50950000000000017 0.41450000000000004 0.21850000000000003
decision_type=2 2 2 2 2
left_child=1 2 3 -1 -2
right_child=4 -3 -4 -5 -6
leaf_value=0.0041969717568472818 -0.0063152104890660237 -0.0022538743255769507 0.0078535722672939297 -0.004986246986780316 -0.0026481058317072252
leaf_weight=17 36 14.999999999999998 23 18 14.999999999999998
leaf_count=17 36 15 23 18 15
internal_value=-0.00120599 0.00177388 0.00293928 -0.000404932 -0.00547162
internal_weight=124 73 58 35 51
internal_count=124 73 58 35 51
is_linear=0
shrinkage=0.01


Tree=255
num_leaves=7
num_cat=0
split_feature=7 3 1 7 1 7
split_gain=8.63012 5.55286 5.18552 1.75376 2.35206 1.98038
threshold=0.41750000000000004 0.83100000000000007 0.19250000000000003 0.43750000000000006 0.22250000000000003 0.45750000000000007
decision_type=2 2 2 2 2 2
left_child=-1 2 -2 -4 5 -5
right_child=1 -3 3 4 -6 -7
leaf_value=0.0051694577849573566 0.0021912937266752126 -0.0075883954237489139 -0.0054889346737610669 0.0026018906297052601 -0.0042975708920704693 -0.0021468446817662981
leaf_weight=15.999999999999998 28 14.999999999999998 17 15.000000000000002 17 15.999999999999998
leaf_count=16 28 15 17 15 17 16
internal_value=-0.00119499 -0.00226017 -0.00120648 -0.00276649 -0.0015213 1.78466e-05
internal_weight=124 108 93 65 48 31
internal_count=124 108 93 65 48 31
is_linear=0
shrinkage=0.01


Tree=256
num_leaves=5
num_cat=0
split_feature=4 0 3 4
split_gain=15.9944 5.73665 1.34501 0.129479
threshold=0.18550000000000003 0.33750000000000008 0.58100000000000007 0.25450000000000006
decision_type=2 2 2 2
left_child=1 2 -1 -2
right_child=3 -3 -4 -5
leaf_value=0.0018526672872168752 -0.0064631598765651386 -0.0017973772941955498 0.005838603522967209 -0.0034883638978004455
leaf_weight=27 28 26 20 23
leaf_count=27 28 26 20 23
internal_value=-0.00118455 0.001758 0.00381993 -0.00539819
internal_weight=124 73 47 51
internal_count=124 73 47 51
is_linear=0
shrinkage=0.01


Tree=257
num_leaves=7
num_cat=0
split_feature=2 5 5 5 1 2
split_gain=5.24139 3.33535 1.39928 4.26022 1.1965 0.495422
threshold=0.25250000000000006 0.35650000000000004 0.21750000000000003 0.29350000000000004 0.20750000000000002 0.19250000000000003
decision_type=2 2 2 2 2 2
left_child=1 2 5 4 -4 -1
right_child=-2 -3 3 -5 -6 -7
leaf_value=-0.0024574186581940876 0.0029818499367684128 0.0015610857935328233 0.0021127071902155878 -0.005542478210085796 -0.0014365794290514553 -0.0060804932721351323
leaf_weight=19 22 17 18 15.999999999999998 14.999999999999998 17
leaf_count=19 22 17 18 16 15 17
internal_value=-0.00117335 -0.00215776 -0.00297779 -0.00160652 0.000366637 -0.00452987
internal_weight=124 102 85 49 33 36
internal_count=124 102 85 49 33 36
is_linear=0
shrinkage=0.01


Tree=258
num_leaves=6
num_cat=0
split_feature=6 7 6 0 6
split_gain=8.39426 7.43877 2.72622 5.93302 0.694977
threshold=0.80200000000000016 0.41750000000000004 0.50950000000000017 0.32750000000000007 0.41900000000000004
decision_type=2 2 2 2 2
left_child=1 -1 4 -4 -3
right_child=-2 2 3 -5 -6
leaf_value=0.0064249837661490717 -0.0052557800234191944 -0.00056187284781652341 0.0055081994656254263 -0.0020994578868150713 -0.0038816248106498582
leaf_weight=14.999999999999998 34 14.999999999999998 14.999999999999998 23 22
leaf_count=15 34 15 15 23 22
internal_value=-0.00116303 0.000409422 -0.000864388 0.000903824 -0.00276182
internal_weight=124 90 75 38 37
internal_count=124 90 75 38 37
is_linear=0
shrinkage=0.01


Tree=259
num_leaves=6
num_cat=0
split_feature=7 3 5 3 7
split_gain=8.2312 5.43569 3.11465 7.40216 3.88384
threshold=0.41750000000000004 0.83100000000000007 0.21750000000000003 0.56700000000000006 0.44250000000000006
decision_type=2 2 2 2 2
left_child=-1 2 -2 4 -4
right_child=1 -3 3 -5 -6
leaf_value=0.0050619305339124464 -0.0037559860175655738 -0.0074624222429359663 -0.0061516636130464677 0.0039281943594587261 0
leaf_weight=15.999999999999998 29 14.999999999999998 15.999999999999998 27 21
leaf_count=16 29 15 16 27 21
internal_value=-0.00115177 -0.00219307 -0.00115133 3.11947e-05 -0.00273997
internal_weight=124 108 93 64 37
internal_count=124 108 93 64 37
is_linear=0
shrinkage=0.01


Tree=260
num_leaves=6
num_cat=0
split_feature=4 5 4 2 2
split_gain=15.4831 3.36844 3.92126 3.46692 0.478415
threshold=0.18550000000000003 0.21750000000000003 0.12250000000000001 0.23850000000000002 0.21850000000000003
decision_type=2 2 2 2 2
left_child=1 -1 3 -3 -2
right_child=4 2 -4 -5 -6
leaf_value=-0.0012828323834886155 -0.0061175146385243065 0.0040721994808272403 0.0065540987537020734 -0.0020850343139548052 -0.0025173576526782092
leaf_weight=22 36 14.999999999999998 19 17 14.999999999999998
leaf_count=22 36 15 19 17 15
internal_value=-0.00114128 0.0017528 0.00315562 0.000723875 -0.00528794
internal_weight=124 73 51 32 51
internal_count=124 73 51 32 51
is_linear=0
shrinkage=0.01


Tree=261
num_leaves=5
num_cat=0
split_feature=1 5 1 5
split_gain=5.74915 8.97009 1.60125 1.17817
threshold=0.17750000000000002 0.23650000000000002 0.19750000000000004 0.17150000000000001
decision_type=2 2 2 2
left_child=-1 3 -3 -2
right_child=1 2 -4 -5
leaf_value=-0.0037265547771345485 -0.0033774604470304709 0.0077966090686903853 0.0028396197580374204 0
leaf_weight=20 14.999999999999998 15.999999999999998 24 22
leaf_count=20 15 16 24 22
internal_value=0.000734386 0.00202137 0.00521831 -0.00139694
internal_weight=97 77 40 37
internal_count=97 77 40 37
is_linear=0
shrinkage=0.01


Tree=262
num_leaves=4
num_cat=0
split_feature=0 0 2
split_gain=4.69853 4.29951 3.47298
threshold=0.34250000000000008 0.30750000000000005 0.22450000000000003
decision_type=2 2 2
left_child=1 -1 -3
right_child=-2 2 -4
leaf_value=-0.0011053609132766723 -0.002456481052983192 0.00033085522774074761 0.0062094345565752267
leaf_weight=23 29 19 26
leaf_count=23 29 19 26
internal_value=0.000727547 0.00218826 0.00395345
internal_weight=97 68 45
internal_count=97 68 45
is_linear=0
shrinkage=0.01


Tree=263
num_leaves=5
num_cat=0
split_feature=5 5 3 3
split_gain=4.44518 3.22785 1.95282 0.807134
threshold=0.23550000000000001 0.30800000000000005 0.5395000000000002 0.61650000000000016
decision_type=2 2 2 2
left_child=3 -2 -3 -1
right_child=1 2 -4 -5
leaf_value=-0.00013626683354377747 0.0057169456425167266 0.0031097837713443574 -0.0012252983062163642 -0.0031563472151756289
leaf_weight=23 19 15.999999999999998 21 18
leaf_count=23 19 16 21 18
internal_value=0.000720369 0.00254914 0.000584468 -0.00166357
internal_weight=97 56 37 41
internal_count=97 56 37 41
is_linear=0
shrinkage=0.01


Tree=264
num_leaves=4
num_cat=0
split_feature=0 0 6
split_gain=4.57317 4.2104 1.46945
threshold=0.34250000000000008 0.30750000000000005 0.59150000000000003
decision_type=2 2 2
left_child=1 -1 -3
right_child=-2 2 -4
leaf_value=-0.0011026711225509643 -0.0024272404190513394 0.0051607363205403087 0.00077983372954323004
leaf_weight=23 29 30 14.999999999999998
leaf_count=23 29 30 15
internal_value=0.000713025 0.00215477 0.00390214
internal_weight=97 68 45
internal_count=97 68 45
is_linear=0
shrinkage=0.01


Tree=265
num_leaves=5
num_cat=0
split_feature=1 5 1 5
split_gain=5.64684 8.59469 1.59182 1.14672
threshold=0.17750000000000002 0.23650000000000002 0.19750000000000004 0.17150000000000001
decision_type=2 2 2 2
left_child=-1 3 -3 -2
right_child=1 2 -4 -5
leaf_value=-0.0037146541273052041 -0.0033164399911594744 0.007672415267055234 0.0027540058671281886 0
leaf_weight=20 14.999999999999998 15.999999999999998 24 22
leaf_count=20 15 16 24 22
internal_value=0.000705877 0.00198233 0.00511209 -0.00136163
internal_weight=97 77 40 37
internal_count=97 77 40 37
is_linear=0
shrinkage=0.01


Tree=266
num_leaves=6
num_cat=0
split_feature=4 7 4 6 4
split_gain=6.24312 15.5077 8.88026 7.64977 1.61034
threshold=0.12250000000000001 0.44750000000000006 0.061500000000000006 0.61250000000000016 0.037000000000000005
decision_type=2 2 2 2 2
left_child=2 3 4 -2 -1
right_child=1 -3 -4 -5 -6
leaf_value=0.0035290189876275896 0.012111052660381091 -0.0037635198421776296 -0.0072028388926073132 0.0017664301126367515 -0.00062883083191182885
leaf_weight=15.000000000000002 15.000000000000002 18 17 15.999999999999998 15.999999999999998
leaf_count=15 15 18 17 16 16
internal_value=0.00069933 0.00318457 -0.00176359 0.00735405 0.00132347
internal_weight=97 49 48 31 31
internal_count=97 49 48 31 31
is_linear=0
shrinkage=0.01


Tree=267
num_leaves=5
num_cat=0
split_feature=1 7 1 3
split_gain=5.54357 6.77221 3.2243 2.32732
threshold=0.17750000000000002 0.43250000000000005 0.21750000000000003 0.5395000000000002
decision_type=2 2 2 2
left_child=-1 -2 3 -3
right_child=1 2 -4 -5
leaf_value=-0.0036862480098550972 0.0063906787397960824 0.004291626061830256 -0.0035054670315649772 -0.00031288534700870513
leaf_weight=20 22 15.999999999999998 15.999999999999998 23
leaf_count=20 22 16 16 23
internal_value=0.000693006 0.00195829 0 0.00157139
internal_weight=97 77 55 39
internal_count=97 77 55 39
is_linear=0
shrinkage=0.01


Tree=268
num_leaves=6
num_cat=0
split_feature=4 7 2 4 4
split_gain=6.09216 15.1609 13.4892 8.71739 1.57747
threshold=0.12250000000000001 0.44750000000000006 0.20550000000000002 0.061500000000000006 0.037000000000000005
decision_type=2 2 2 2 2
left_child=3 2 -2 4 -1
right_child=1 -3 -4 -5 -6
leaf_value=0.0034942573396598586 0 -0.0037264634892344474 0.013103315548764333 -0.0071360013830034357 -0.00061891680790318387
leaf_weight=15.000000000000002 15.000000000000002 18 15.999999999999998 17 15.999999999999998
leaf_count=15 15 18 16 17 16
internal_value=0.000685707 0.00314132 0.00726474 -0.00174644 0.00131097
internal_weight=97 49 31 48 31
internal_count=97 49 31 48 31
is_linear=0
shrinkage=0.01


Tree=269
num_leaves=5
num_cat=0
split_feature=1 5 1 5
split_gain=5.44138 8.23549 1.58252 1.12953
threshold=0.17750000000000002 0.23650000000000002 0.19750000000000004 0.17150000000000001
decision_type=2 2 2 2
left_child=-1 3 -3 -2
right_child=1 2 -4 -5
leaf_value=-0.0036587704650380393 -0.0032785793577375655 0.0075393656382544173 0.0026615114395435041 0
leaf_weight=20 14.999999999999998 15.999999999999998 24 22
leaf_count=20 15 16 24 22
internal_value=0.000679265 0.00193342 0.00499781 -0.00133763
internal_weight=97 77 40 37
internal_count=97 77 40 37
is_linear=0
shrinkage=0.01


Tree=270
num_leaves=6
num_cat=0
split_feature=2 4 4 4 2
split_gain=5.35571 17.7458 4.44623 2.07298 0.168281
threshold=0.24650000000000002 0.066500000000000017 0.10300000000000001 0.22950000000000004 0.20450000000000002
decision_type=2 2 2 2 2
left_child=2 -2 -1 4 -4
right_child=1 -3 3 -5 -6
leaf_value=0.0019851624892781609 -0.0035241119642006723 0.01049289601690629 -0.0060237082797620035 -0.00040326113610163981 -0.0026383771229949262
leaf_weight=21 17 14.999999999999998 15.999999999999998 21 15.999999999999998
leaf_count=21 17 15 16 21 16
internal_value=-0.000121414 0.00313003 -0.0016386 -0.00318532 -0.00473287
internal_weight=106 32 74 53 32
internal_count=106 32 74 53 32
is_linear=0
shrinkage=0.01


Tree=271
num_leaves=5
num_cat=0
split_feature=1 1 3 7
split_gain=7.90809 4.91011 1.1508 4.82776
threshold=0.20750000000000002 0.23250000000000001 0.61900000000000011 0.44750000000000006
decision_type=2 2 2 2
left_child=2 -2 3 -1
right_child=1 -3 -4 -5
leaf_value=0.0053464381087438345 -0.0074505116574858365 0 1.1105515062808992e-05 -0.0012062120996415616
leaf_weight=26 17 19 28 15.999999999999998
leaf_count=26 17 19 28 16
internal_value=-0.000120683 -0.00385146 0.00178224 0.00279519
internal_weight=106 36 70 42
internal_count=106 36 70 42
is_linear=0
shrinkage=0.01


Tree=272
num_leaves=5
num_cat=0
split_feature=1 2 1 0
split_gain=7.76853 11.7994 4.81936 3.37704
threshold=0.20750000000000002 0.24650000000000002 0.23250000000000001 0.32250000000000006
decision_type=2 2 2 2
left_child=1 3 -2 -1
right_child=2 -3 -4 -5
leaf_value=0.0017548165354749252 -0.0073838492208405547 0.0085462596541956842 0 -0.0030766853537144406
leaf_weight=27 17 17 19 26
leaf_count=27 17 17 19 26
internal_value=-0.000120069 0.00176558 -0.00381813 -0.000550137
internal_weight=106 70 36 53
internal_count=106 70 36 53
is_linear=0
shrinkage=0.01


Tree=273
num_leaves=4
num_cat=0
split_feature=5 1 5
split_gain=9.50994 5.46104 6.02247
threshold=0.19350000000000003 0.20750000000000002 0.32650000000000007
decision_type=2 2 2
left_child=-1 2 -2
right_child=1 -3 -4
leaf_value=-0.0053137158326528686 0 -0.0020443747019661322 0.0066048838278012613
leaf_weight=25 29 26 26
leaf_count=25 29 26 26
internal_value=-0.000118878 0.00151363 0.00329603
internal_weight=106 81 55
internal_count=106 81 55
is_linear=0
shrinkage=0.01


Tree=274
num_leaves=5
num_cat=0
split_feature=7 6 6 7
split_gain=7.27421 4.66729 7.08173 0.0781529
threshold=0.42750000000000005 0.42150000000000004 0.53900000000000015 0.45750000000000007
decision_type=2 2 2 2
left_child=-1 -2 -3 -4
right_child=1 2 3 -5
leaf_value=0.0042357543060955192 -0.0058749553337693215 0.0041865149788234543 -0.0015369440734386444 -0.0035832221256569029
leaf_weight=26 18 21 23 18
leaf_count=26 18 21 23 18
internal_value=-0.000117557 -0.00166216 -0.000215597 -0.00267647
internal_weight=106 80 62 41
internal_count=106 80 62 41
is_linear=0
shrinkage=0.01


Tree=275
num_leaves=5
num_cat=0
split_feature=5 4 4 3
split_gain=9.31876 6.7484 13.5426 5.71618
threshold=0.19350000000000003 0.071500000000000008 0.20900000000000002 0.58100000000000007
decision_type=2 2 2 2
left_child=-1 -2 3 -3
right_child=1 2 -4 -5
leaf_value=-0.0052596636282073129 -0.0023625469413296931 0.0025003818455426124 -0.0018417134795051355 0.011957774279529558
leaf_weight=25 27 15.000000000000002 24 14.999999999999998
leaf_count=25 27 15 24 15
internal_value=-0.000116858 0.00149868 0.003534 0.00783715
internal_weight=106 81 54 30
internal_count=106 81 54 30
is_linear=0
shrinkage=0.01


Tree=276
num_leaves=5
num_cat=0
split_feature=7 4 3 4
split_gain=7.14717 8.02192 1.91432 3.62211
threshold=0.42750000000000005 0.071500000000000008 0.52450000000000008 0.21750000000000003
decision_type=2 2 2 2
left_child=-1 -2 -3 -4
right_child=1 2 3 -5
leaf_value=0.004199941483426041 -0.0065189099436004962 -0.002380146177278625 0.0036238799687346506 -0.0021052349577931799
leaf_weight=26 22 15.999999999999998 27 14.999999999999998
leaf_count=26 22 16 27 15
internal_value=-0.000114765 -0.00164626 0.000274348 0.00146144
internal_weight=106 80 58 42
internal_count=106 80 58 42
is_linear=0
shrinkage=0.01


Tree=277
num_leaves=5
num_cat=0
split_feature=1 6 6 1
split_gain=7.46125 6.25435 6.44112 4.70757
threshold=0.20750000000000002 0.61250000000000016 0.41750000000000004 0.23250000000000001
decision_type=2 2 2 2
left_child=1 2 -1 -2
right_child=3 -3 -4 -5
leaf_value=-0.00097671476357123429 -0.0072623899088878384 -0.0019387638249567577 0.0066339040657265045 0
leaf_weight=14.999999999999998 17 26 29 19
leaf_count=15 17 26 29 19
internal_value=-0.000114206 0.0017328 0.00400102 -0.00373936
internal_weight=106 70 44 36
internal_count=106 70 44 36
is_linear=0
shrinkage=0.01


Tree=278
num_leaves=6
num_cat=0
split_feature=2 0 0 2 6
split_gain=5.1648 10.8802 5.60627 2.75966 0.653043
threshold=0.24650000000000002 0.32250000000000006 0.31750000000000006 0.19250000000000003 0.50750000000000017
decision_type=2 2 2 2 2
left_child=1 4 -2 -3 -1
right_child=2 3 -4 -5 -6
leaf_value=0.00074613256927798764 -0.0010820764303207397 -0.0010263002173681009 0.0067385253859193707 -0.0066542719619284421 0.0042811627598369822
leaf_weight=15.000000000000002 14.999999999999998 17 17 27 14.999999999999998
leaf_count=15 15 17 17 27 15
internal_value=-0.000114564 -0.00160539 0.00307755 -0.00472769 0.002827
internal_weight=106 74 32 44 30
internal_count=106 74 32 44 30
is_linear=0
shrinkage=0.01


Tree=279
num_leaves=5
num_cat=0
split_feature=5 7 3 7
split_gain=9.20969 5.01319 3.14286 10.4875
threshold=0.26250000000000007 0.43250000000000005 0.51500000000000012 0.45750000000000007
decision_type=2 2 2 2
left_child=1 -1 -2 -4
right_child=2 -3 3 -5
leaf_value=0.0018884510978272088 0.0069827982783317571 -0.0043820428351561231 -0.0020304582454264163 0.0078734978167887999
leaf_weight=17 17 34 26 14.999999999999998
leaf_count=17 17 34 26 15
internal_value=0.000790962 -0.00220515 0.0034945 0.00167434
internal_weight=109 51 58 41
internal_count=109 51 58 41
is_linear=0
shrinkage=0.01


Tree=280
num_leaves=6
num_cat=0
split_feature=2 0 0 6 2
split_gain=11.7476 4.65454 2.72882 2.14746 0.250004
threshold=0.22650000000000003 0.32250000000000006 0.31750000000000006 0.49450000000000005 0.19650000000000004
decision_type=2 2 2 2 2
left_child=1 -1 -2 -4 -3
right_child=2 4 3 -5 -6
leaf_value=0.0014934814646840094 0.0071870110407471653 -0.0026977747407120963 0 0.0045774545820636879 -0.0058998208240989385
leaf_weight=18 18 22 20 15.999999999999998 14.999999999999998
leaf_count=18 18 22 20 16 15
internal_value=0.000784914 -0.00237147 0.00405892 0.00206735 -0.00436009
internal_weight=109 55 54 36 37
internal_count=109 55 54 36 37
is_linear=0
shrinkage=0.01


Tree=281
num_leaves=4
num_cat=0
split_feature=4 7 5
split_gain=15.9135 8.04004 7.58735
threshold=0.12750000000000003 0.44250000000000006 0.33800000000000008
decision_type=2 2 2
left_child=1 -1 -2
right_child=2 -3 -4
leaf_value=0.0098963896327075515 -0.0048824532633257468 0.0012044444893087659 0.0019882388137280943
leaf_weight=19 41 26 23
leaf_count=19 41 26 23
internal_value=0.00077756 0.00524572 -0.00235211
internal_weight=109 45 64
internal_count=109 45 64
is_linear=0
shrinkage=0.01


Tree=282
num_leaves=6
num_cat=0
split_feature=2 6 2 1 2
split_gain=11.3863 3.49635 6.53375 1.5772 0.925881
threshold=0.22650000000000003 0.98850000000000005 0.20550000000000002 0.20750000000000002 0.25450000000000006
decision_type=2 2 2 2 2
left_child=1 2 -1 4 -2
right_child=3 -3 -4 -5 -6
leaf_value=0.0038490702290284009 0.0027316217763083323 -0.0055951949288802483 -0.0042248375993221999 0.0010464267907664179 0.0071292581526856674
leaf_weight=17 19 19 19 18 17
leaf_count=17 19 19 19 18 17
internal_value=0.000771713 -0.00233488 -0.000278665 0.00399551 0.00520579
internal_weight=109 55 36 54 36
internal_count=109 55 36 54 36
is_linear=0
shrinkage=0.01


Tree=283
num_leaves=6
num_cat=0
split_feature=5 3 3 3 3
split_gain=8.76793 3.73685 8.257 0.397435 0.369601
threshold=0.17150000000000001 0.51500000000000012 0.64800000000000013 0.56200000000000017 0.46050000000000008
decision_type=2 2 2 2 2
left_child=-1 4 3 -3 -2
right_child=1 2 -4 -5 -6
leaf_value=-0.0055792082101106645 0.0024612309257773788 -0.0011362392437599953 0.0043172801496280779 -0.004027796514770564 0.0062961752756553538
leaf_weight=15.999999999999998 15.000000000000002 19 29 14.999999999999998 14.999999999999998
leaf_count=16 15 19 29 15 15
internal_value=0.000765336 0.00200398 0.000484648 -0.00270371 0.00480862
internal_weight=109 93 63 34 30
internal_count=109 93 63 34 30
is_linear=0
shrinkage=0.01


Tree=284
num_leaves=4
num_cat=0
split_feature=4 7 7
split_gain=15.4072 7.86728 5.37049
threshold=0.12750000000000003 0.44250000000000006 0.46250000000000008
decision_type=2 2 2
left_child=1 -1 -2
right_child=2 -3 -4
leaf_value=0.0097542808240368255 -0.0041190863171747579 0.0011585517680006367 0.0019768090588040649
leaf_weight=19 46 26 18
leaf_count=19 46 26 18
internal_value=0.000757652 0.00515488 -0.00232091
internal_weight=109 45 64
internal_count=109 45 64
is_linear=0
shrinkage=0.01


Tree=285
num_leaves=4
num_cat=0
split_feature=4 5 5
split_gain=15.1243 7.30638 2.16299
threshold=0.12750000000000003 0.33800000000000008 0.26250000000000007
decision_type=2 2 2
left_child=2 -2 -1
right_child=1 -3 -4
leaf_value=0.0017460079193115235 -0.0047815891216660654 0.0019586931154131891 0.0069036087881902165
leaf_weight=18 41 23 27
leaf_count=18 41 23 27
internal_value=0.000752106 -0.00229759 0.00510904
internal_weight=109 64 45
internal_count=109 64 45
is_linear=0
shrinkage=0.01


Tree=286
num_leaves=6
num_cat=0
split_feature=2 6 2 7 6
split_gain=10.7951 3.36325 6.41904 3.08533 0.838869
threshold=0.22650000000000003 0.98850000000000005 0.20550000000000002 0.44250000000000006 0.49450000000000005
decision_type=2 2 2 2 2
left_child=1 2 -1 -2 -5
right_child=3 -3 -4 4 -6
leaf_value=0.0038307946881181317 0.0070400534570217131 -0.0054745341593488341 -0.0041726262932172088 8.5835362022573304e-05 0.0034053683894522055
leaf_weight=17 19 19 19 20 14.999999999999998
leaf_count=17 19 19 19 20 15
internal_value=0.000746086 -0.00227729 -0.000258949 0.00388609 0.0017508
internal_weight=109 55 36 54 35
internal_count=109 55 36 54 35
is_linear=0
shrinkage=0.01


Tree=287
num_leaves=6
num_cat=0
split_feature=6 7 7 3 3
split_gain=9.96662 4.23998 4.16878 2.04707 0.813474
threshold=0.98850000000000005 0.43250000000000005 0.45750000000000007 0.57350000000000001 0.55550000000000022
decision_type=2 2 2 2 2
left_child=1 3 -3 -1 -4
right_child=-2 2 4 -5 -6
leaf_value=0.0076569945847286885 -0.0054250026871228508 -0.0021503648956616721 0.00082069800804472615 0.001795141990813944 0.0046066830504466506
leaf_weight=15.000000000000002 19 28 16.000000000000004 15.999999999999998 14.999999999999998
leaf_count=15 19 28 16 16 15
internal_value=0.000739925 0.0021854 0.000468446 0.0050752 0.00297231
internal_weight=109 90 59 31 31
internal_count=109 90 59 31 31
is_linear=0
shrinkage=0.01


Tree=288
num_leaves=6
num_cat=0
split_feature=6 0 6 6 6
split_gain=3.38804 5.44851 6.08703 2.36335 0.135521
threshold=0.36950000000000005 0.34750000000000003 0.77300000000000013 0.50950000000000017 0.43300000000000005
decision_type=2 2 2 2 2
left_child=-1 2 3 4 -2
right_child=1 -3 -4 -5 -6
leaf_value=-0.0051429695884386692 0 -0.0040283336119803911 -0.0032179174905953307 0.0049315254179829798 0.0012370533211266293
leaf_weight=15.999999999999998 16.000000000000004 28 22 25 14.999999999999998
leaf_count=16 16 28 22 25 15
internal_value=-0.00110663 -0.000367119 0.000952515 0.00273157 0.000614546
internal_weight=122 106 78 56 31
internal_count=122 106 78 56 31
is_linear=0
shrinkage=0.01


Tree=289
num_leaves=6
num_cat=0
split_feature=5 2 2 5 7
split_gain=5.82619 2.91336 3.35498 4.50066 1.03974
threshold=0.19050000000000003 0.20750000000000002 0.23050000000000004 0.34950000000000003 0.43750000000000006
decision_type=2 2 2 2 2
left_child=4 -2 -3 -4 -1
right_child=1 2 3 -5 -6
leaf_value=-0.0017368030009998214 0.0032004779756069184 -0.0038167256419546903 0.0038302591163665058 -0.0023836075514554978 -0.0060769944436227285
leaf_weight=15.999999999999998 23 22 22 20 19
leaf_count=16 23 22 22 20 19
internal_value=-0.00109663 0.000257274 -0.000789615 0.000783792 -0.00442917
internal_weight=122 87 64 42 35
internal_count=122 87 64 42 35
is_linear=0
shrinkage=0.01


Tree=290
num_leaves=6
num_cat=0
split_feature=5 6 6 6 5
split_gain=5.72406 8.69212 3.20527 2.70792 0.393613
threshold=0.19050000000000003 0.41750000000000004 0.79550000000000021 0.50950000000000017 0.16350000000000003
decision_type=2 2 2 2 2
left_child=4 -2 3 -3 -1
right_child=1 2 -4 -5 -6
leaf_value=-0.0022604428839526677 -0.0042084276907402894 0.00034311489015817639 -0.0012310033379232183 0.0056463511196639515 -0.0057249203505925841
leaf_weight=17 27 18 14.999999999999998 27 18
leaf_count=17 27 18 15 27 18
internal_value=-0.00108719 0.000254326 0.00241418 0.00373631 -0.00439045
internal_weight=122 87 60 45 35
internal_count=122 87 60 45 35
is_linear=0
shrinkage=0.01


Tree=291
num_leaves=6
num_cat=0
split_feature=3 7 4 7 3
split_gain=4.32283 12.6155 3.76917 2.79185 1.75291
threshold=0.50300000000000011 0.43250000000000005 0.077500000000000013 0.46250000000000008 0.73850000000000005
decision_type=2 2 2 2 2
left_child=1 -1 -2 4 -4
right_child=2 -3 3 -5 -6
leaf_value=0.0082546688440968009 -0.0062395214363932605 -0.0027764297162110991 -0.00017253265336707787 0.0022174385810891785 -0.0041257565583174048
leaf_weight=14.999999999999998 18 24 25 15.999999999999998 24
leaf_count=15 18 24 25 16 24
internal_value=-0.00107792 0.00154005 -0.00237417 -0.00107484 -0.00229271
internal_weight=122 39 83 65 49
internal_count=122 39 83 65 49
is_linear=0
shrinkage=0.01


Tree=292
num_leaves=5
num_cat=0
split_feature=0 4 2 4
split_gain=2.90972 4.20824 6.54211 9.49566
threshold=0.34750000000000003 0.041500000000000009 0.22850000000000004 0.14450000000000002
decision_type=2 2 2 2
left_child=1 -1 3 -3
right_child=-2 2 -4 -5
leaf_value=-0.0043415088284956783 -0.0036169207065055772 0.0043536513377177089 0.0048015613720885347 -0.004477231873368675
leaf_weight=17 31 17 26 31
leaf_count=17 31 17 26 31
internal_value=-0.001068 -8.68196e-05 0.000913348 -0.00120059
internal_weight=122 91 74 48
internal_count=122 91 74 48
is_linear=0
shrinkage=0.01


Tree=293
num_leaves=6
num_cat=0
split_feature=7 1 7 1 0
split_gain=3.05271 2.0449 4.13016 3.86807 3.315
threshold=0.47250000000000003 0.20250000000000004 0.43250000000000005 0.17750000000000002 0.33250000000000007
decision_type=2 2 2 2 2
left_child=1 2 3 -1 -4
right_child=-2 -3 4 -5 -6
leaf_value=0.0039757106131450698 -0.0042748503503389655 0.0019669504335214352 -0.0066381225693557004 -0.0021142965908113281 -0.00038303814701397314
leaf_weight=20 22 27 15.999999999999998 17 20
leaf_count=20 22 27 16 17 20
internal_value=-0.00105785 -0.000231152 -0.00114159 0.00108446 -0.00349771
internal_weight=122 100 73 37 36
internal_count=122 100 73 37 36
is_linear=0
shrinkage=0.01


Tree=294
num_leaves=6
num_cat=0
split_feature=3 7 3 3 7
split_gain=4.22105 12.2701 3.44108 3.59447 2.27449
threshold=0.50300000000000011 0.43250000000000005 0.63700000000000012 0.79400000000000015 0.43750000000000006
decision_type=2 2 2 2 2
left_child=1 -1 4 -4 -2
right_child=2 -3 3 -5 -6
leaf_value=0.0081592769482556511 -0.0071578063541337068 -0.0027184864133596421 0.0019243432604707778 -0.0033818647071071294 -0.0015804274202812286
leaf_weight=14.999999999999998 17 24 26 21 19
leaf_count=15 17 24 26 21 19
internal_value=-0.00104888 0.00153725 -0.00233045 -0.00038574 -0.00458388
internal_weight=122 39 83 47 36
internal_count=122 39 83 47 36
is_linear=0
shrinkage=0.01


Tree=295
num_leaves=6
num_cat=0
split_feature=5 6 6 6 7
split_gain=5.5677 8.41044 3.10363 2.6447 1.00728
threshold=0.19050000000000003 0.41750000000000004 0.79550000000000021 0.50950000000000017 0.43750000000000006
decision_type=2 2 2 2 2
left_child=4 -2 3 -3 -1
right_child=1 2 -4 -5 -6
leaf_value=-0.0016558391166230043 -0.004106298864915453 0.0003484844863414764 -0.0011774503132876229 0.0055955393146723507 -0.0059162803836876445
leaf_weight=15.999999999999998 27 18 14.999999999999998 27 19
leaf_count=16 27 18 15 27 19
internal_value=-0.00103956 0.000282483 0.00240683 0.00370724 -0.00429857
internal_weight=122 87 60 45 35
internal_count=122 87 60 45 35
is_linear=0
shrinkage=0.01


Tree=296
num_leaves=6
num_cat=0
split_feature=3 7 0 3 3
split_gain=4.14719 12.0004 3.87203 3.18221 1.23227
threshold=0.50300000000000011 0.43250000000000005 0.32250000000000006 0.65950000000000009 0.79400000000000015
decision_type=2 2 2 2 2
left_child=1 -1 -2 -4 -5
right_child=2 -3 3 4 -6
leaf_value=0.0080810720714576106 -0.0052973989474362337 -0.0026754766416091187 -0.0033093952788756445 0.0031377946637156941 -0.00041291418588823743
leaf_weight=14.999999999999998 27 24 24 15.999999999999998 15.999999999999998
leaf_count=15 27 24 24 16 16
internal_value=-0.00103069 0.00153209 -0.00230142 -0.000637869 0.00129552
internal_weight=122 39 83 56 32
internal_count=122 39 83 56 32
is_linear=0
shrinkage=0.01


Tree=297
num_leaves=6
num_cat=0
split_feature=3 6 6 5 6
split_gain=4.30022 5.21895 5.14134 4.2115 0.497448
threshold=0.70250000000000001 0.89100000000000013 0.50950000000000017 0.30550000000000005 0.7835000000000002
decision_type=2 2 2 2 2
left_child=1 2 3 -1 -2
right_child=4 -3 -4 -5 -6
leaf_value=0.0033778192323667034 -0.0040703211277723309 -0.0035327469060818357 0.0064880452398210766 -0.0021741788473877092 -0.0010045758183849485
leaf_weight=25 18 15.999999999999998 20 25 17
leaf_count=25 18 16 20 25 17
internal_value=0 0.00121188 0.00243382 0.000528813 -0.00285117
internal_weight=121 86 70 50 35
internal_count=121 86 70 50 35
is_linear=0
shrinkage=0.01


Tree=298
num_leaves=6
num_cat=0
split_feature=0 6 6 2 0
split_gain=4.24821 3.82355 6.57187 4.81247 2.9977
threshold=0.34750000000000003 0.80800000000000016 0.50950000000000017 0.23650000000000002 0.31750000000000006
decision_type=2 2 2 2 2
left_child=1 2 3 -1 -5
right_child=-2 -3 -4 4 -6
leaf_value=-0.0041846303564185899 -0.0035039823681667997 -0.0025341138834862604 0.0064068957107762496 -0.00062937746942043305 0.0046695326410588767
leaf_weight=15.999999999999998 25 21 22 18 19
leaf_count=16 25 21 22 18 19
internal_value=0 0.000975818 0.00206383 2.71436e-06 0.0020634
internal_weight=121 96 75 53 37
internal_count=121 96 75 53 37
is_linear=0
shrinkage=0.01


Tree=299
num_leaves=5
num_cat=0
split_feature=3 0 3 0
split_gain=4.1959 2.50397 1.48883 2.6276
threshold=0.70250000000000001 0.34250000000000008 0.47250000000000003 0.32250000000000006
decision_type=2 2 2 2
left_child=1 2 -1 -4
right_child=-2 -3 3 -5
leaf_value=0.00018329084443394095 -0.0028181586313892055 -0.0019404572503347146 0.0007547602832317352 0.0062401742322577367
leaf_weight=30 35 17 23 15.999999999999998
leaf_count=30 35 17 23 16
internal_value=0 0.00119533 0.00207123 0.00332176
internal_weight=121 86 69 39
internal_count=121 86 69 39
is_linear=0
shrinkage=0.01


Tree=300
num_leaves=6
num_cat=0
split_feature=4 4 4 4 0
split_gain=8.21009 2.36549 5.50259 1.06428 0.489904
threshold=0.063000000000000014 0.095500000000000015 0.15950000000000003 0.23200000000000004 0.31250000000000006
decision_type=2 2 2 2 2
left_child=4 -2 -3 -4 -1
right_child=1 2 3 -5 -6
leaf_value=0.0019675362022484049 -0.0049519158724476309 0.002734152014720543 -0.0042534212812781339 -0.00089787206991955081 0.0057237914370165937
leaf_weight=15.000000000000002 14.999999999999998 27 23 25 15.999999999999998
leaf_count=15 15 27 23 25 16
internal_value=0 -0.00152685 -0.000666074 -0.00271156 0.00428716
internal_weight=121 90 75 48 31
internal_count=121 90 75 48 31
is_linear=0
shrinkage=0.01


Tree=301
num_leaves=6
num_cat=0
split_feature=1 1 5 5 7
split_gain=2.83557 3.7802 3.59021 3.18517 0.946786
threshold=0.19250000000000003 0.21250000000000002 0.25400000000000006 0.21750000000000003 0.44250000000000006
decision_type=2 2 2 2 2
left_child=3 -2 -3 -1 -5
right_child=1 2 -4 4 -6
leaf_value=-0.0013842865359038115 -0.0041860965955681333 0.0040613117025179012 -0.0022900750984748207 0.0012519437015056612 0.004825131922960281
leaf_weight=22 27 15.000000000000002 15.999999999999998 23 18
leaf_count=22 27 15 16 23 18
internal_value=0 -0.0015596 0.000691544 0.00145505 0.0030884
internal_weight=121 58 31 63 41
internal_count=121 58 31 63 41
is_linear=0
shrinkage=0.01


Tree=302
num_leaves=6
num_cat=0
split_feature=3 2 2 2 2
split_gain=4.08261 5.39894 0.584956 1.26503 0.124315
threshold=0.70250000000000001 0.25350000000000006 0.21250000000000002 0.23650000000000002 0.21150000000000002
decision_type=2 2 2 2 2
left_child=1 2 -1 -4 -2
right_child=4 -3 3 -5 -6
leaf_value=0.00072928854746037513 -0.0013739368218230084 0.0052367485004166762 -0.002669226153875175 0.00074520746866861987 -0.0037018995928136929
leaf_weight=27 18 22 21 15.999999999999998 17
leaf_count=27 18 22 21 16 17
internal_value=0 0.00118015 -0.000254986 -0.00110201 -0.00277878
internal_weight=121 86 64 37 35
internal_count=121 86 64 37 35
is_linear=0
shrinkage=0.01


Tree=303
num_leaves=5
num_cat=0
split_feature=3 7 7 3
split_gain=4.01277 1.96808 5.18221 1.37414
threshold=0.70250000000000001 0.43250000000000005 0.45250000000000007 0.47250000000000003
decision_type=2 2 2 2
left_child=1 3 -3 -1
right_child=-2 2 -4 -5
leaf_value=0.0004901847926278909 -0.0027550863507329617 -0.0031096941924520899 0.0028720231149345636 0.005001810909145408
leaf_weight=15.999999999999998 35 26 28 15.999999999999998
leaf_count=16 35 26 28 16
internal_value=0 0.00116983 0 0.00305459
internal_weight=121 86 54 32
internal_count=121 86 54 32
is_linear=0
shrinkage=0.01


Tree=304
num_leaves=6
num_cat=0
split_feature=0 2 0 7 0
split_gain=4.05177 2.85297 0.868832 1.30784 0.213851
threshold=0.34750000000000003 0.25350000000000006 0.30750000000000005 0.45250000000000007 0.32750000000000007
decision_type=2 2 2 2 2
left_child=1 2 -1 4 -4
right_child=-2 -3 3 -5 -6
leaf_value=0.0017797179402489411 -0.003421219031787822 0.003794963285326958 -0.0023740508159001668 0.0015386840651797897 -0.00040971453860402107
leaf_weight=17 25 24 22 14.999999999999998 18
leaf_count=17 25 24 22 15 18
internal_value=0 0.000953774 -2.69244e-06 -0.000684454 -0.00167075
internal_weight=121 96 72 55 40
internal_count=121 96 72 55 40
is_linear=0
shrinkage=0.01


Tree=305
num_leaves=7
num_cat=0
split_feature=6 6 7 7 7 5
split_gain=3.62933 6.46939 7.62654 3.5919 0.154268 0.125484
threshold=0.80200000000000016 0.50950000000000017 0.43250000000000005 0.45250000000000007 0.43750000000000006 0.26750000000000007
decision_type=2 2 2 2 2 2
left_child=1 2 -1 -4 -2 -3
right_child=4 5 3 -5 -6 -7
leaf_value=0.0037791959534991871 -0.0012754724152824457 0.0024247156083583832 -0.0062399505078792571 -2.532827135707651e-05 -0.0038816774852902577 0.0056433670144332079
leaf_weight=20 15.000000000000002 14.999999999999998 20 19 14.999999999999998 17
leaf_count=20 15 15 20 19 15 17
internal_value=0 0.00100834 -0.000896205 -0.00348319 -0.00289599 0.00451306
internal_weight=121 91 59 39 30 32
internal_count=121 91 59 39 30 32
is_linear=0
shrinkage=0.01


Tree=306
num_leaves=6
num_cat=0
split_feature=2 5 2 2 6
split_gain=9.72646 14.1978 3.53129 1.8028 0.125972
threshold=0.25850000000000006 0.26250000000000007 0.21850000000000003 0.19650000000000004 0.69100000000000006
decision_type=2 2 2 2 2
left_child=1 3 -3 -1 -5
right_child=-2 2 -4 4 -6
leaf_value=-0.0016696636723699393 0.0061582040817787257 0.0065378939556448084 0.00065726612508296969 -0.0073240668173221984 -0.0035242041318040147
leaf_weight=25 22 17 28 14.999999999999998 17
leaf_count=25 22 17 28 15 17
internal_value=0.000398293 -0.0008905 0.00316889 -0.00417881 -0.0057785
internal_weight=124 102 45 57 32
internal_count=124 102 45 57 32
is_linear=0
shrinkage=0.01


Tree=307
num_leaves=7
num_cat=0
split_feature=7 5 5 5 3 3
split_gain=11.5645 12.9465 4.33961 4.34954 2.51011 3.10677
threshold=0.44750000000000006 0.35750000000000004 0.20600000000000002 0.28850000000000003 0.67500000000000016 0.55550000000000022
decision_type=2 2 2 2 2 2
left_child=1 2 -1 -4 5 -2
right_child=4 -3 3 -5 -6 -7
leaf_value=-0.0026150571244458361 -0.0014744071383029223 0.010696696073693389 0.00652870411382002 -0.00017878049541087378 2.7523376047611238e-06 -0.0077252952053266412
leaf_weight=22 22 14.999999999999998 14.999999999999998 19 15.999999999999998 14.999999999999998
leaf_count=22 22 15 15 19 16 15
internal_value=0.000394046 0.00303173 0.000594348 0.00283982 -0.0030303 -0.00440297
internal_weight=124 71 56 34 53 37
internal_count=124 71 56 34 53 37
is_linear=0
shrinkage=0.01


Tree=308
num_leaves=5
num_cat=0
split_feature=0 4 6 6
split_gain=10.3462 5.30818 11.5672 2.68555
threshold=0.34750000000000003 0.21250000000000002 0.46350000000000008 0.40050000000000008
decision_type=2 2 2 2
left_child=1 2 3 -1
right_child=-2 -3 -4 -5
leaf_value=0.0023905963755466724 -0.0042029190302959518 -0.0013533745140864931 0.0084485550905609962 -0.0027417472475453424
leaf_weight=20 33 27 27 17
leaf_count=20 33 27 27 17
internal_value=0.000390143 0.00216409 0.00371982 0
internal_weight=124 91 64 37
internal_count=124 91 64 37
is_linear=0
shrinkage=0.01


Tree=309
num_leaves=7
num_cat=0
split_feature=7 4 1 7 7 4
split_gain=11.2731 7.22074 3.87376 1.66081 3.8183 0.0985277
threshold=0.44750000000000006 0.19600000000000004 0.19750000000000004 0.45750000000000007 0.46750000000000008 0.092500000000000013
decision_type=2 2 2 2 2 2
left_child=1 2 5 -2 -5 -1
right_child=3 -3 -4 4 -6 -7
leaf_value=0.0010834131521337169 -0.005528051735539186 -0.0012464751303195953 0.0089361440017819409 0.0020530502180404523 -0.004111537939828375 0.0033833724128849371
leaf_weight=15.000000000000002 17 24 17 14.999999999999998 21 14.999999999999998
leaf_count=15 17 24 17 15 21 15
internal_value=0.000385851 0.0029906 0.00521882 -0.00299448 -0.00143851 0.00252923
internal_weight=124 71 47 53 36 30
internal_count=124 71 47 53 36 30
is_linear=0
shrinkage=0.01


Tree=310
num_leaves=6
num_cat=0
split_feature=0 2 2 2 1
split_gain=10.0589 5.60277 7.61054 6.67977 1.42878
threshold=0.34750000000000003 0.25850000000000006 0.23950000000000002 0.20350000000000004 0.19250000000000003
decision_type=2 2 2 2 2
left_child=1 2 3 4 -1
right_child=-2 -3 -4 -5 -6
leaf_value=0.0012248861395260863 -0.004145452302481447 0.0067121587604993876 -0.0051163117850528041 0.0058915522180754566 -0.0027848721558556837
leaf_weight=15.000000000000002 33 19 14.999999999999998 27 14.999999999999998
leaf_count=15 33 19 15 27 15
internal_value=0.000382718 0.0021324 0.00070754 0.00244636 -0.000672493
internal_weight=124 91 72 57 30
internal_count=124 91 72 57 30
is_linear=0
shrinkage=0.01


Tree=311
num_leaves=7
num_cat=0
split_feature=7 3 6 3 3 6
split_gain=10.9669 6.13022 6.14913 2.48297 3.04051 0.695063
threshold=0.44750000000000006 0.74700000000000011 0.51500000000000012 0.67500000000000016 0.55550000000000022 0.43300000000000005
decision_type=2 2 2 2 2 2
left_child=1 2 5 4 -2 -1
right_child=3 -3 -4 -5 -6 -7
leaf_value=0.0042186462630828215 -0.0014264068690439066 -0.0022918943622533016 0.00047044104241110663 5.7618091296818517e-05 -0.0076065782150801491 0.0094446469580425942
leaf_weight=16.000000000000004 22 14.999999999999998 25 15.999999999999998 14.999999999999998 14.999999999999998
leaf_count=16 22 15 25 16 15 15
internal_value=0.000378777 0.00294842 0.00446891 -0.0029547 -0.00432168 0.00731802
internal_weight=124 71 56 53 37 31
internal_count=124 71 56 53 37 31
is_linear=0
shrinkage=0.01


Tree=312
num_leaves=5
num_cat=0
split_feature=0 2 6 2
split_gain=9.75216 5.50081 11.9305 10.5761
threshold=0.34750000000000003 0.25850000000000006 0.46350000000000008 0.20350000000000004
decision_type=2 2 2 2
left_child=1 2 -1 -4
right_child=-2 -3 3 -5
leaf_value=-0.0054569168219512154 -0.0040823971123567651 0.0066362465066569188 -0.00065153806680633174 0.008043140432238579
leaf_weight=20 33 19 29 23
leaf_count=20 33 19 29 23
internal_value=0.000375444 0.00209882 0.000686874 0.00325705
internal_weight=124 91 72 52
internal_count=124 91 72 52
is_linear=0
shrinkage=0.01


Tree=313
num_leaves=6
num_cat=0
split_feature=5 6 6 6 1
split_gain=8.0746 6.10292 8.65097 8.59548 0.605616
threshold=0.20600000000000002 0.46350000000000008 0.37650000000000006 0.62750000000000006 0.19750000000000004
decision_type=2 2 2 2 2
left_child=4 2 -2 -3 -1
right_child=1 3 -4 -5 -6
leaf_value=-0.0014775041927798434 0.004792820596519639 0.0088241767076154554 -0.0044231615275144576 0 -0.0045562848281115297
leaf_weight=24 14.999999999999998 22 23 22 18
leaf_count=24 15 22 23 22 18
internal_value=0.000371608 0.00221861 -0.000602527 0.00468401 -0.00305775
internal_weight=124 82 38 44 42
internal_count=124 82 38 44 42
is_linear=0
shrinkage=0.01


Tree=314
num_leaves=6
num_cat=0
split_feature=7 4 6 7 7
split_gain=10.6519 7.00062 2.21944 1.6889 3.63537
threshold=0.44750000000000006 0.19600000000000004 0.46350000000000008 0.45750000000000007 0.46750000000000008
decision_type=2 2 2 2 2
left_child=1 2 -1 -2 -5
right_child=3 -3 -4 4 -6
leaf_value=0.0024355987031702644 -0.0054605168339453246 -0.0012672283844305918 0.0074566424451768401 0.0020411603141795185 -0.003972525609576184
leaf_weight=25 17 24 22 14.999999999999998 21
leaf_count=25 17 24 22 15 21
internal_value=0.000367893 0.002901 0.00509634 -0.00291669 -0.00135969
internal_weight=124 71 47 53 36
internal_count=124 71 47 53 36
is_linear=0
shrinkage=0.01


Tree=315
num_leaves=7
num_cat=0
split_feature=1 3 2 1 1 3
split_gain=6.91416 6.63942 11.074 3.52248 0.529292 0.378215
threshold=0.21750000000000003 0.61650000000000016 0.21250000000000002 0.18750000000000003 0.19250000000000003 0.5525000000000001
decision_type=2 2 2 2 2 2
left_child=1 2 -1 -4 -3 -2
right_child=5 4 3 -5 -6 -7
leaf_value=-0.0004108651932971231 -0.0037575800456106662 0 0.0035401904857472371 0.011103248188370152 -0.00241669490105576 -0.0010842992839488117
leaf_weight=27 18 15.000000000000002 17 17 15.999999999999998 20
leaf_count=27 18 15 17 17 16 20
internal_value=0.000839398 0.00233837 0.00422715 0.00786737 -0.00125768 -0.00260015
internal_weight=130 92 61 34 31 38
internal_count=130 92 61 34 31 38
is_linear=0
shrinkage=0.01


Tree=316
num_leaves=6
num_cat=0
split_feature=7 4 4 4 4
split_gain=8.35864 8.8218 2.23307 6.53659 0.400019
threshold=0.41750000000000004 0.043500000000000004 0.095500000000000015 0.16750000000000004 0.23200000000000004
decision_type=2 2 2 2 2
left_child=-1 -2 -3 -4 -5
right_child=1 2 3 4 -6
leaf_value=0.0069746703262391838 0.0052051282177368796 -0.0048140573470542829 0.00319913556592332 -0.0037426492931942148 -0.0012576666381210089
leaf_weight=17 22 15.999999999999998 25 28 22
leaf_count=17 22 16 25 28 22
internal_value=0.000831075 -0.000154928 -0.0015886 -0.0007284 -0.00283584
internal_weight=130 113 91 75 50
internal_count=130 113 91 75 50
is_linear=0
shrinkage=0.01


Tree=317
num_leaves=7
num_cat=0
split_feature=7 1 1 5 5 1
split_gain=8.21066 5.77102 9.35726 2.14876 2.09196 0.36806
threshold=0.41750000000000004 0.21750000000000003 0.20250000000000004 0.32150000000000006 0.28850000000000003 0.19250000000000003
decision_type=2 2 2 2 2 2
left_child=-1 2 3 5 -3 -2
right_child=1 4 -4 -5 -6 -7
leaf_value=0.0069122653336901423 -0.0029040303826332091 -0.00074065590898195904 0.0072599736684933304 0.001634800036251545 -0.0059594348404142595 -0.00036564435152446523
leaf_weight=17 22 19 18 23 15.999999999999998 14.999999999999998
leaf_count=17 22 19 18 23 16 15
internal_value=0.000823229 -0.000153624 0.00131446 -0.000565205 -0.00345469 -0.00207468
internal_weight=130 113 78 60 35 37
internal_count=130 113 78 60 35 37
is_linear=0
shrinkage=0.01


Tree=318
num_leaves=8
num_cat=0
split_feature=3 2 4 2 3 3 4
split_gain=6.39588 8.58147 5.07401 3.25732 1.6026 1.33857 1.01274
threshold=0.60350000000000004 0.25350000000000006 0.052500000000000005 0.23050000000000004 0.53050000000000008 0.75050000000000006 0.18900000000000003
decision_type=2 2 2 2 2 2 2
left_child=1 2 -1 5 6 -2 -4
right_child=3 -3 4 -5 -6 -7 -8
leaf_value=0.0050861221395040812 0.0022027686238288873 0.0084901709129151549 -2.1968052229460544e-05 -0.0048190447959032927 0.0013875153091023951 -0.0017425244827480877 -0.003909595683217049
leaf_weight=17 15.000000000000002 17 15.000000000000002 20 14.999999999999998 14.999999999999998 15.999999999999998
leaf_count=17 15 17 15 20 15 15 16
internal_value=0.000815124 0.00257062 0.000684275 -0.00188836 -0.000982467 8.82547e-05 -0.00229534
internal_weight=130 80 63 50 46 30 31
internal_count=130 80 63 50 46 30 31
is_linear=0
shrinkage=0.01


Tree=319
num_leaves=7
num_cat=0
split_feature=7 1 1 6 6 6
split_gain=8.07506 5.66009 9.19905 0.935516 3.05903 0.535533
threshold=0.41750000000000004 0.21750000000000003 0.20250000000000004 0.87650000000000017 0.49800000000000005 0.61250000000000016
decision_type=2 2 2 2 2 2
left_child=-1 2 3 4 -2 -3
right_child=1 5 -4 -5 -6 -7
leaf_value=0.0068465512285107053 -0.0019242491785969055 -0.0047460468783974644 0.007188415271230042 -0.0025077573872274821 0.0031837579738348723 -0.0014202407198516944
leaf_weight=17 26 18 18 15.999999999999998 18 17
leaf_count=17 26 18 18 16 18 17
internal_value=0.000807605 -0.000160701 0.00129281 -0.000570056 0.000104265 -0.00342988
internal_weight=130 113 78 60 44 35
internal_count=130 113 78 60 44 35
is_linear=0
shrinkage=0.01


Tree=320
num_leaves=7
num_cat=0
split_feature=4 0 0 4 6 6
split_gain=5.77623 4.50432 17.0747 3.62175 2.59447 3.53524
threshold=0.16750000000000004 0.31750000000000006 0.33250000000000007 0.05050000000000001 0.65200000000000014 0.89100000000000013
decision_type=2 2 2 2 2 2
left_child=1 3 -3 -1 -2 -6
right_child=4 2 -4 -5 5 -7
leaf_value=-0.0034074213107426962 -0.0042672645554623825 0.012195931557152007 -0.00018975921874416285 0.0029211818457891541 0.0035300027338020941 -0.0025377943637696181
leaf_weight=15.999999999999998 20 15.999999999999998 27 15.999999999999998 14.999999999999998 20
leaf_count=16 20 16 27 16 15 20
internal_value=0.000799774 0.00260093 0.00464497 -0.000110362 -0.00157371 0
internal_weight=130 75 43 32 55 35
internal_count=130 75 43 32 55 35
is_linear=0
shrinkage=0.01


Tree=321
num_leaves=7
num_cat=0
split_feature=1 5 5 3 5 5
split_gain=6.53152 8.23548 3.6351 2.9323 1.53298 1.52795
threshold=0.21750000000000003 0.32950000000000007 0.28850000000000003 0.60050000000000014 0.39950000000000008 0.20950000000000002
decision_type=2 2 2 2 2 2
left_child=1 3 -2 5 -3 -1
right_child=2 4 -4 -5 -6 -7
leaf_value=-0.00033452700166141286 0 0.0084114712280117798 -0.0058851834800508285 -0.0026341444955995451 0.0029947804845869542 0.0035437178895587015
leaf_weight=14.999999999999998 22 15.999999999999998 15.999999999999998 24 18 19
leaf_count=15 22 16 16 24 18 19
internal_value=0.000792268 0.00225048 -0.00254915 0 0.00600839 0.00177031
internal_weight=130 92 38 58 34 34
internal_count=130 92 38 58 34 34
is_linear=0
shrinkage=0.01


Tree=322
num_leaves=7
num_cat=0
split_feature=0 0 6 2 6 6
split_gain=4.95442 4.15299 6.50693 1.36723 1.13788 0.574605
threshold=0.32750000000000007 0.31750000000000006 0.50750000000000017 0.24450000000000002 0.71600000000000008 0.93350000000000011
decision_type=2 2 2 2 2 2
left_child=1 2 -1 4 -2 -6
right_child=3 -3 -4 -5 5 -7
leaf_value=-0.0019420424778142881 -0.0036669192888907028 0.0066558073163032533 0.005667217568390899 0.0012910944554540846 0.00074806746971957828 -0.0016244370845102129
leaf_weight=27 19 18 15.999999999999998 15.999999999999998 14.999999999999998 19
leaf_count=27 19 18 16 16 15 19
internal_value=0.000785191 0.0028382 0.000904237 -0.000988192 -0.00178912 -0.000455445
internal_weight=130 61 43 69 53 34
internal_count=130 61 43 69 53 34
is_linear=0
shrinkage=0.01


Tree=323
num_leaves=7
num_cat=0
split_feature=7 3 0 0 0 3
split_gain=7.78951 8.29472 6.78093 13.255 4.254 1.21714
threshold=0.41750000000000004 0.60350000000000004 0.33250000000000007 0.31750000000000006 0.33750000000000008 0.52450000000000008
decision_type=2 2 2 2 2 2
left_child=-1 2 3 -2 -3 -4
right_child=1 4 5 -5 -6 -7
leaf_value=0.0067103382945060729 -0.00076488390310921464 -0.0070155733898282051 -0.0031801640490690865 0.010469141855835916 -0.00058620249386876822 0.00039221098317819482
leaf_weight=17 20 18 16.000000000000004 18 26 14.999999999999998
leaf_count=17 20 18 16 18 26 15
internal_value=0.000778419 -0.000171697 0.0019293 0.00468888 -0.00351576 -0.00138107
internal_weight=130 113 69 38 44 31
internal_count=130 113 69 38 44 31
is_linear=0
shrinkage=0.01


Tree=324
num_leaves=6
num_cat=0
split_feature=0 6 0 6 4
split_gain=25.7399 7.38188 11.4691 2.50123 0.158354
threshold=0.32750000000000007 0.59150000000000003 0.31250000000000006 0.54400000000000015 0.15650000000000003
decision_type=2 2 2 2 2
left_child=1 2 -1 -2 -5
right_child=3 -3 -4 4 -6
leaf_value=0.0037422461419001868 -0.0053542466426179528 0.0010127244379959609 0.015731254079762627 0 -0.0012802158266305924
leaf_weight=21 19 17 14.999999999999998 14.999999999999998 23
leaf_count=21 19 17 15 15 23
internal_value=0.00204103 0.006959 0.00943429 -0.00252796 -0.000792754
internal_weight=110 53 36 57 38
internal_count=110 53 36 57 38
is_linear=0
shrinkage=0.01


Tree=325
num_leaves=5
num_cat=0
split_feature=0 3 3 0
split_gain=25.2957 14.9005 1.15484 1.13552
threshold=0.32750000000000007 0.50300000000000011 0.54250000000000009 0.35250000000000004
decision_type=2 2 2 2
left_child=1 -1 -2 -4
right_child=2 -3 3 -5
leaf_value=0.012041119706950017 -0.00038513122747341791 0.0012853675746712192 -0.0056856340608176063 -0.001451757766983726
leaf_weight=26 22 27 14.999999999999998 20
leaf_count=26 22 27 15 20
internal_value=0.00202312 0.00689867 -0.00250572 -0.00361066
internal_weight=110 53 57 35
internal_count=110 53 57 35
is_linear=0
shrinkage=0.01


Tree=326
num_leaves=6
num_cat=0
split_feature=4 6 2 6 4
split_gain=12.8431 5.5709 2.49115 2.44698 0.800242
threshold=0.058500000000000003 0.45800000000000007 0.21550000000000002 0.80200000000000016 0.23350000000000004
decision_type=2 2 2 2 2
left_child=-1 -2 3 -3 -5
right_child=1 2 -4 4 -6
leaf_value=0.0076019100000460941 0.0050836245058213962 0.0028367932846671655 -0.0040836173118176788 -0.003179172575473785 0
leaf_weight=28 14.999999999999998 17 20 15.000000000000002 14.999999999999998
leaf_count=28 15 17 20 15 15
internal_value=0.00200303 0 -0.00130637 0 -0.00169371
internal_weight=110 82 67 47 30
internal_count=110 82 67 47 30
is_linear=0
shrinkage=0.01


Tree=327
num_leaves=6
num_cat=0
split_feature=7 4 5 5 5
split_gain=20.4718 19.1702 6.43593 0.307219 0.0562535
threshold=0.44750000000000006 0.063000000000000014 0.34450000000000003 0.19850000000000004 0.20950000000000002
decision_type=2 2 2 2 2
left_child=1 -1 4 -2 -3
right_child=3 2 -4 -5 -6
leaf_value=0.013789134643971921 -0.0011759483565886816 0 0.0068386697769165037 -0.0037819813312061374 -0.0010290011929141151
leaf_weight=18 15.999999999999998 15.999999999999998 14.999999999999998 29 15.999999999999998
leaf_count=18 16 16 15 29 16
internal_value=0.00198446 0.00553236 0.0018344 -0.00305124 -0.00062858
internal_weight=110 65 47 45 32
internal_count=110 65 47 45 32
is_linear=0
shrinkage=0.01


Tree=328
num_leaves=6
num_cat=0
split_feature=0 4 0 4 0
split_gain=24.2943 6.66818 9.80884 0.469078 0.614215
threshold=0.32750000000000007 0.17100000000000001 0.31250000000000006 0.23750000000000002 0.35750000000000004
decision_type=2 2 2 2 2
left_child=1 2 -1 4 -2
right_child=3 -3 -4 -5 -6
leaf_value=0.0036100555826788362 -0.0039588507579575325 0.00084013623081975524 0.014601092942886883 -0.00044014219852054823 -0.00079310117837260753
leaf_weight=21 27 15.999999999999998 15.999999999999998 14.999999999999998 14.999999999999998
leaf_count=21 27 16 16 15 15
internal_value=0.00196609 0.00674497 0.00899618 -0.00247071 -0.0030293
internal_weight=110 53 37 57 42
internal_count=110 53 37 57 42
is_linear=0
shrinkage=0.01


Tree=329
num_leaves=6
num_cat=0
split_feature=7 5 6 6 6
split_gain=19.9925 14.2728 4.45453 3.11395 0.253058
threshold=0.44750000000000006 0.35750000000000004 0.46350000000000008 0.51500000000000012 0.93350000000000011
decision_type=2 2 2 2 2
left_child=1 2 -1 -2 -4
right_child=3 -3 4 -5 -6
leaf_value=0.006744988332776463 -0.0061954458724511295 0.013480851957026649 0.0010852366211739452 -0.00065179350413382053 -0.00042473225142149364
leaf_weight=14.999999999999998 17 14.999999999999998 20 28 14.999999999999998
leaf_count=15 17 15 20 28 15
internal_value=0.00194845 0.00545513 0.00252538 -0.00302696 0.000314993
internal_weight=110 65 50 45 35
internal_count=110 65 50 45 35
is_linear=0
shrinkage=0.01


Tree=330
num_leaves=6
num_cat=0
split_feature=0 2 2 2 0
split_gain=23.6059 8.34331 8.78166 3.1568 1.15986
threshold=0.32750000000000007 0.25350000000000006 0.21850000000000003 0.18650000000000003 0.35750000000000004
decision_type=2 2 2 2 2
left_child=1 2 -1 -2 -5
right_child=3 -3 -4 4 -6
leaf_value=0.0076928838115671409 0.00087127056119865487 0.012691919523126939 -0.001440909544104024 -0.0054266131103038783 -0.0013123800742783046
leaf_weight=21 17 14.999999999999998 17 23 17
leaf_count=21 17 15 17 23 17
internal_value=0.00193103 0.00664221 0.00361398 -0.00244146 -0.00394287
internal_weight=110 53 38 57 40
internal_count=110 53 38 57 40
is_linear=0
shrinkage=0.01


Tree=331
num_leaves=5
num_cat=0
split_feature=0 3 3 0
split_gain=23.1836 14.1999 1.10654 1.15235
threshold=0.32750000000000007 0.50300000000000011 0.54250000000000009 0.35250000000000004
decision_type=2 2 2 2
left_child=1 -1 -2 -4
right_child=2 -3 3 -5
leaf_value=0.011599480146542192 -0.00034369716575990121 0.0011124795366977823 -0.005573903883204741 -0.0013508272437717428
leaf_weight=26 22 27 14.999999999999998 20
leaf_count=26 22 27 15 20
internal_value=0.00191361 0.00658268 -0.00241904 -0.00349931
internal_weight=110 53 57 35
internal_count=110 53 57 35
is_linear=0
shrinkage=0.01


Tree=332
num_leaves=6
num_cat=0
split_feature=0 4 0 4 0
split_gain=22.7734 6.49233 9.65492 0.457242 0.598982
threshold=0.32750000000000007 0.17100000000000001 0.31250000000000006 0.23750000000000002 0.35750000000000004
decision_type=2 2 2 2 2
left_child=1 2 -1 4 -2
right_child=3 -3 -4 -5 -6
leaf_value=0.0034199834453022999 -0.0038640623491514349 0.00071265634977155264 0.014291315459542804 -0.00040001586079597474 -0.00074607950744821742
leaf_weight=21 27 15.999999999999998 15.999999999999998 14.999999999999998 14.999999999999998
leaf_count=21 27 16 16 15 15
internal_value=0.00189455 0.00652238 0.00874111 -0.00239901 -0.00294866
internal_weight=110 53 37 57 42
internal_count=110 53 37 57 42
is_linear=0
shrinkage=0.01


Tree=333
num_leaves=6
num_cat=0
split_feature=4 4 5 5 5
split_gain=5.16893 1.75117 2.95849 1.99554 1.92264
threshold=0.046500000000000007 0.12350000000000001 0.32650000000000007 0.20600000000000002 0.30800000000000005
decision_type=2 2 2 2 2
left_child=-1 4 3 -3 -2
right_child=1 2 -4 -5 -6
leaf_value=0.0033059242257365475 -0.00073640806600451471 0 0.0027408968549417823 -0.0042777085192501549 -0.0059150872883551265
leaf_weight=25 18 24 17 18 14.999999999999998
leaf_count=25 18 24 17 18 15
internal_value=-0.000500165 -0.00163595 -0.00046713 -0.00194482 -0.0034367
internal_weight=117 92 59 42 33
internal_count=117 92 59 42 33
is_linear=0
shrinkage=0.01


Tree=334
num_leaves=6
num_cat=0
split_feature=2 7 2 2 0
split_gain=4.52835 16.9107 7.96458 1.0085 0.879501
threshold=0.23450000000000001 0.43250000000000005 0.21650000000000003 0.25450000000000006 0.34750000000000003
decision_type=2 2 2 2 2
left_child=2 -2 4 -3 -1
right_child=1 3 -4 -5 -6
leaf_value=0.0011968284547328948 0.0092889244854450232 0 -0.0072134943670508532 -0.0034526590444147586 -0.0016306517141706804
leaf_weight=28 17 14.999999999999998 20 22 14.999999999999998
leaf_count=28 17 15 20 22 15
internal_value=-0.000495986 0.00154448 -0.00231559 -0.00217945 7.07505e-05
internal_weight=117 54 63 37 43
internal_count=117 54 63 37 43
is_linear=0
shrinkage=0.01


Tree=335
num_leaves=5
num_cat=0
split_feature=3 6 6 7
split_gain=19.1038 12.8428 11.7345 0.370017
threshold=0.55800000000000016 0.49800000000000005 0.47150000000000003 0.45250000000000007
decision_type=2 2 2 2
left_child=2 -2 -1 -3
right_child=1 3 -4 -5
leaf_value=0.0080069856594006221 -0.009696733768169697 -0.0013080752964900889 -0.00087635452634301689 0.00046925795730203392
leaf_weight=28 24 21 27 17
leaf_count=28 24 21 27 17
internal_value=-0.000491509 -0.00427008 0.00368062 -0.000404246
internal_weight=117 62 55 38
internal_count=117 62 55 38
is_linear=0
shrinkage=0.01


Tree=336
num_leaves=6
num_cat=0
split_feature=3 7 3 0 3
split_gain=18.7475 7.91905 1.89131 2.35981 0.0431856
threshold=0.55800000000000016 0.44250000000000006 0.61900000000000011 0.32750000000000007 0.46650000000000008
decision_type=2 2 2 2 2
left_child=1 -1 -2 -4 -3
right_child=2 4 3 -5 -6
leaf_value=0.0075752784863666262 -0.00075769523986511764 -0.00024746773435788989 -0.0081309564709663405 -0.0028168374712889393 0.00043908131911474116
leaf_weight=25 15.999999999999998 15.000000000000002 18 28 14.999999999999998
leaf_count=25 16 15 18 28 15
internal_value=-0.000487167 0.00364544 -0.00423067 -0.00525259 0
internal_weight=117 55 62 46 30
internal_count=117 55 62 46 30
is_linear=0
shrinkage=0.01


Tree=337
num_leaves=5
num_cat=0
split_feature=3 5 3 1
split_gain=18.4124 3.01069 2.95448 1.30261
threshold=0.55800000000000016 0.19050000000000003 0.47250000000000003 0.18750000000000003
decision_type=2 2 2 2
left_child=2 -2 -1 -3
right_child=1 3 -4 -5
leaf_value=0.0010728963368361996 -0.00023943407755149039 -0.0078495811093598593 0.0059859856989766874 -0.0033395995151508473
leaf_weight=29 17 18 26 27
leaf_count=29 17 18 26 27
internal_value=-0.000483377 -0.00419358 0.00361171 -0.00550723
internal_weight=117 62 55 45
internal_count=117 62 55 45
is_linear=0
shrinkage=0.01


Tree=338
num_leaves=6
num_cat=0
split_feature=6 2 2 7 2
split_gain=5.78216 2.30216 5.23735 4.87583 0.429622
threshold=0.36150000000000004 0.23450000000000001 0.21650000000000003 0.44250000000000006 0.18350000000000002
decision_type=2 2 2 2 2
left_child=-1 2 4 -3 -2
right_child=1 3 -4 -5 -6
leaf_value=0.0046962721976968984 0.00046246507763862612 0.0038999818904059277 -0.0068856948974425902 -0.0026763477719699341 -0.0013757547363638879
leaf_weight=15.999999999999998 18 19 18 22 24
leaf_count=16 18 19 18 22 24
internal_value=-0.000479278 -0.00142298 -0.00264894 0.000294588 -0.000489098
internal_weight=117 101 60 41 42
internal_count=117 101 60 41 42
is_linear=0
shrinkage=0.01


Tree=339
num_leaves=6
num_cat=0
split_feature=3 7 3 0 3
split_gain=18.0434 7.70897 1.87283 2.31342 0.0382432
threshold=0.55800000000000016 0.44250000000000006 0.61900000000000011 0.32750000000000007 0.46650000000000008
decision_type=2 2 2 2 2
left_child=1 -1 -2 -4 -3
right_child=2 4 3 -5 -6
leaf_value=0.0074560588763819807 -0.00070204697601083249 -0.00024690774872022513 -0.0080102595686912543 -0.0027536604561222097 0.00040496504043831548
leaf_weight=25 15.999999999999998 15.000000000000002 18 28 14.999999999999998
leaf_count=25 16 15 18 28 15
internal_value=-0.000474381 0.00357896 -0.00414769 -0.00516281 0
internal_weight=117 55 62 46 30
internal_count=117 55 62 46 30
is_linear=0
shrinkage=0.01


Tree=340
num_leaves=6
num_cat=0
split_feature=4 4 5 5 5
split_gain=4.89078 1.833 2.86654 1.88235 1.87966
threshold=0.046500000000000007 0.12350000000000001 0.32650000000000007 0.20600000000000002 0.30800000000000005
decision_type=2 2 2 2 2
left_child=-1 4 3 -3 -2
right_child=1 2 -4 -5 -6
leaf_value=0.0032301131387551625 -0.00073770071566104896 0 0.0027675535755330013 -0.004114704079926014 -0.0058654711044886535
leaf_weight=25 18 24 17 18 14.999999999999998
leaf_count=25 18 24 17 18 15
internal_value=-0.000470704 -0.00157688 -0.000389506 -0.00184871 -0.00341334
internal_weight=117 92 59 42 33
internal_count=117 92 59 42 33
is_linear=0
shrinkage=0.01


Tree=341
num_leaves=6
num_cat=0
split_feature=2 2 1 5 5
split_gain=4.32616 7.69956 3.07531 1.51538 1.45561
threshold=0.23450000000000001 0.21650000000000003 0.18250000000000002 0.33500000000000008 0.18050000000000002
decision_type=2 2 2 2 2
left_child=1 4 -2 -4 -1
right_child=2 -3 3 -5 -6
leaf_value=-0.0015894268874240957 0.0044541099100289024 -0.007063270536547696 0.0015493748970329764 -0.0024162871307796901 0.0019135605140278736
leaf_weight=21 20 20 18 15.999999999999998 22
leaf_count=21 20 20 18 16 22
internal_value=-0.000466711 -0.00224651 0.00152651 -0.000208491 9.70808e-05
internal_weight=117 63 54 34 43
internal_count=117 63 54 34 43
is_linear=0
shrinkage=0.01


Tree=342
num_leaves=6
num_cat=0
split_feature=2 2 7 7 2
split_gain=2.57882 2.17403 2.09653 1.17242 2.17391
threshold=0.20650000000000002 0.18350000000000002 0.42750000000000005 0.46250000000000008 0.23950000000000002
decision_type=2 2 2 2 2
left_child=1 -1 -2 4 -4
right_child=2 -3 3 -5 -6
leaf_value=-0.0010570688151261382 -0.0044816698587459066 0.0038117814643515479 0.0030662838238127094 -0.0027196459886100555 -0.0017560384273529054
leaf_weight=15.000000000000002 21 15.999999999999998 14.999999999999998 15.999999999999998 18
leaf_count=15 21 16 15 16 18
internal_value=-0.000867807 0.00138309 -0.00194481 -0.000626423 0.00034303
internal_weight=101 31 70 49 33
internal_count=101 31 70 49 33
is_linear=0
shrinkage=0.01


Tree=343
num_leaves=6
num_cat=0
split_feature=6 6 7 7 6
split_gain=2.55015 6.09756 2.66394 1.56408 0.244118
threshold=0.43300000000000005 0.39650000000000007 0.44250000000000006 0.42750000000000005 0.87650000000000017
decision_type=2 2 2 2 2
left_child=1 -1 3 -2 -4
right_child=2 -3 4 -5 -6
leaf_value=0.00067253258079290389 0 -0.007393507933353677 -0.0027711520387845873 0.0038772926160267423 -0.00044851909081141154
leaf_weight=18 18 14.999999999999998 15.000000000000002 19 15.999999999999998
leaf_count=18 18 15 15 19 16
internal_value=-0.000860223 -0.00306397 0.0001948 0.002021 -0.00182373
internal_weight=101 33 68 37 31
internal_count=101 33 68 37 31
is_linear=0
shrinkage=0.01


Tree=344
num_leaves=6
num_cat=0
split_feature=0 2 2 2 2
split_gain=4.74074 5.6606 2.19772 1.94475 0.419879
threshold=0.31250000000000006 0.24750000000000003 0.23850000000000002 0.20750000000000002 0.23050000000000004
decision_type=2 2 2 2 2
left_child=2 3 -1 -2 -5
right_child=1 -3 -4 4 -6
leaf_value=-0.00084528738425837611 0.0010434237323128262 0.0056378315652118004 -0.0065739904957659101 -0.0036985506945186185 -0.00072291046709698783
leaf_weight=16.000000000000004 24 14.999999999999998 14.999999999999998 16.000000000000004 14.999999999999998
leaf_count=16 24 15 15 16 15
internal_value=-0.000853051 0.000543177 -0.00399918 -0.000907621 -0.00254131
internal_weight=101 70 31 55 31
internal_count=101 70 31 55 31
is_linear=0
shrinkage=0.01


Tree=345
num_leaves=5
num_cat=0
split_feature=5 5 5 6
split_gain=14.2192 2.93895 2.38149 5.06806
threshold=0.35750000000000004 0.18350000000000002 0.22450000000000003 0.49800000000000005
decision_type=2 2 2 2
left_child=1 -1 -3 -4
right_child=-2 2 3 -5
leaf_value=-0.0021491161798653396 -0.0086870012628404714 0.0052317865806467394 -0.0026133352688824138 0.0036115563341549469
leaf_weight=21 17 14.999999999999998 22 26
leaf_count=21 17 15 22 26
internal_value=-0.000846008 0.00084784 0.00195914 0.000668071
internal_weight=101 84 63 48
internal_count=101 84 63 48
is_linear=0
shrinkage=0.01


Tree=346
num_leaves=5
num_cat=0
split_feature=5 0 0 5
split_gain=13.9651 3.14683 1.80678 0.817147
threshold=0.35750000000000004 0.32750000000000007 0.31250000000000006 0.26450000000000007
decision_type=2 2 2 2
left_child=1 2 -1 -3
right_child=-2 3 -4 -5
leaf_value=7.5823661117326651e-05 -0.008609275386521691 -0.0021423467910952039 0.0044281297420653018 0.00046313332186804877
leaf_weight=19 17 25 24 15.999999999999998
leaf_count=19 17 25 24 16
internal_value=-0.000838442 0.000839729 0.00270497 -0.00103505
internal_weight=101 84 43 41
internal_count=101 84 43 41
is_linear=0
shrinkage=0.01


Tree=347
num_leaves=6
num_cat=0
split_feature=6 6 7 7 6
split_gain=2.43603 5.85793 2.60619 1.51466 0.223884
threshold=0.43300000000000005 0.39650000000000007 0.44250000000000006 0.42750000000000005 0.87650000000000017
decision_type=2 2 2 2 2
left_child=1 -1 3 -2 -4
right_child=2 -3 4 -5 -6
leaf_value=0.00067191017419099806 0 -0.0072297437708167466 -0.0027135331753422227 0.0038321558563482196 -0.00045254145231511862
leaf_weight=18 18 14.999999999999998 15.000000000000002 19 15.999999999999998
leaf_count=18 18 15 15 19 16
internal_value=-0.00083021 -0.00298478 0.000199369 0.00200594 -0.00179624
internal_weight=101 33 68 37 31
internal_count=101 33 68 37 31
is_linear=0
shrinkage=0.01


Tree=348
num_leaves=5
num_cat=0
split_feature=5 4 5 0
split_gain=13.634 4.89947 5.28311 1.43468
threshold=0.35750000000000004 0.23750000000000002 0.18350000000000002 0.32750000000000007
decision_type=2 2 2 2
left_child=1 2 -1 -4
right_child=-2 -3 3 -5
leaf_value=-0.0021929442845284937 -0.0085019070380612429 -0.0035919351993422763 0.0051030333740918919 0.0010222504176199436
leaf_weight=18 17 17 31 18
leaf_count=18 17 17 31 18
internal_value=-0.00082327 0.00083418 0.00210125 0.00380088
internal_weight=101 84 67 49
internal_count=101 84 67 49
is_linear=0
shrinkage=0.01


Tree=349
num_leaves=5
num_cat=0
split_feature=1 7 1 3
split_gain=2.06119 2.89182 5.22909 0.840407
threshold=0.22750000000000004 0.42750000000000005 0.18750000000000003 0.66600000000000015
decision_type=2 2 2 2
left_child=1 -1 -3 -4
right_child=-2 2 3 -5
leaf_value=-0.0040598084283029216 0.0021792769059538844 0.0043638909939262603 -0.0006415340407141324 -0.0038558899567407725
leaf_weight=27 15.999999999999998 15.999999999999998 27 14.999999999999998
leaf_count=27 16 16 27 15
internal_value=-0.000816622 -0.00147516 -9.34096e-05 -0.00202624
internal_weight=101 85 58 42
internal_count=101 85 58 42
is_linear=0
shrinkage=0.01


Tree=350
num_leaves=5
num_cat=0
split_feature=2 2 2 4
split_gain=2.39198 2.10306 2.07245 2.66946
threshold=0.20650000000000002 0.18350000000000002 0.23650000000000002 0.082500000000000018
decision_type=2 2 2 2
left_child=1 -1 -2 -4
right_child=2 -3 3 -5
leaf_value=-0.0010400455182089524 -0.0038138109073042872 0.003746095663971371 -0.0023083971771928999 0.0026385950297117232
leaf_weight=15.000000000000002 29 15.999999999999998 25 15.999999999999998
leaf_count=15 29 16 25 16
internal_value=-0.000808847 0.00135603 -0.00184806 -0.000228651
internal_weight=101 31 70 41
internal_count=101 31 70 41
is_linear=0
shrinkage=0.01


Tree=351
num_leaves=6
num_cat=0
split_feature=3 0 3 0 0
split_gain=12.9782 9.86161 4.26949 3.56405 0.94509
threshold=0.50300000000000011 0.33750000000000008 0.46650000000000008 0.35250000000000004 0.31750000000000006
decision_type=2 2 2 2 2
left_child=2 4 -1 -3 -2
right_child=1 3 -4 -5 -6
leaf_value=0.0010655888443191848 -0.0075922684687311235 0.0042503861455540906 0.0076695358215106858 -0.0017218941599130631 -0.0035483697917440844
leaf_weight=28 21 17 15.999999999999998 18 27
leaf_count=28 21 17 16 18 27
internal_value=-0.000435551 -0.00277889 0.00380477 0.00111674 -0.0056505
internal_weight=127 83 44 35 48
internal_count=127 83 44 35 48
is_linear=0
shrinkage=0.01


Tree=352
num_leaves=6
num_cat=0
split_feature=0 0 6 6 7
split_gain=3.27297 4.28751 1.81172 0.955574 0.385114
threshold=0.33750000000000008 0.35250000000000004 0.41550000000000004 0.59150000000000003 0.43250000000000005
decision_type=2 2 2 2 2
left_child=2 -2 -1 -4 -5
right_child=1 -3 3 4 -6
leaf_value=-0.0036903760614323206 0.0043082123222174468 -0.0015616141733798114 0.00093263784386217593 -0.0025519828812072157 -2.0317917360978968e-05
leaf_weight=27 25 20 23 17 14.999999999999998
leaf_count=27 25 20 23 17 15
internal_value=-0.000430789 0.00163758 -0.00163736 -0.000447669 -0.00158333
internal_weight=127 45 82 55 32
internal_count=127 45 82 55 32
is_linear=0
shrinkage=0.01


Tree=353
num_leaves=7
num_cat=0
split_feature=3 5 3 3 3 3
split_gain=12.7675 4.24843 4.17096 1.11358 3.05483 1.23819
threshold=0.50300000000000011 0.34450000000000003 0.46650000000000008 0.61900000000000011 0.76350000000000018 0.54950000000000021
decision_type=2 2 2 2 2 2
left_child=2 3 -1 5 -5 -2
right_child=1 -3 -4 4 -6 -7
leaf_value=0.0010666633918881415 -0.0017561420617515546 -0.0064927859069860505 0.0075995921053820187 -0.0051862249366546936 0.00052818508709178249 0.0020492521059863708
leaf_weight=28 15.000000000000002 21 15.999999999999998 17 14.999999999999998 14.999999999999998
leaf_count=28 15 21 16 17 15 15
internal_value=-0.00042727 -0.00275189 0.0037781 -0.00124338 -0.00248703 0
internal_weight=127 83 44 62 32 30
internal_count=127 83 44 62 32 30
is_linear=0
shrinkage=0.01


Tree=354
num_leaves=7
num_cat=0
split_feature=5 4 6 5 4 4
split_gain=4.04268 6.35587 3.59304 2.87701 2.61711 1.22326
threshold=0.39950000000000008 0.12750000000000003 0.6665000000000002 0.21950000000000003 0.055500000000000008 0.22950000000000004
decision_type=2 2 2 2 2 2
left_child=1 3 -3 -1 -5 -4
right_child=-2 2 5 4 -6 -7
leaf_value=-0.00046748741219441092 -0.0049808288475169859 -0.0052905616501257536 -0.0019310480977098147 0.0013175697353753177 0.0071481766572429077 0.0013574389833956957
leaf_weight=15.999999999999998 14.999999999999998 19 19 20 15.999999999999998 22
leaf_count=16 15 19 19 20 16 22
internal_value=-0.000422561 0.000220734 -0.00192057 0.00276368 0.00428036 -6.91506e-05
internal_weight=127 112 60 52 36 41
internal_count=127 112 60 52 36 41
is_linear=0
shrinkage=0.01


Tree=355
num_leaves=6
num_cat=0
split_feature=3 3 7 7 3
split_gain=12.4531 4.1036 3.05893 1.08054 2.6214
threshold=0.50300000000000011 0.46650000000000008 0.43750000000000006 0.46750000000000008 0.58100000000000007
decision_type=2 2 2 2 2
left_child=1 -1 -2 4 -4
right_child=2 -3 3 -5 -6
leaf_value=0.0010442917204151552 -0.0053462086071570719 0.0075239709930287474 -0.0029324200409738457 -0.0028213702368995418 0.0023498306778215227
leaf_weight=28 28 15.999999999999998 14.999999999999998 21 19
leaf_count=28 28 16 15 21 19
internal_value=-0.000418777 0.00373392 -0.00271509 -0.0011473 0
internal_weight=127 44 83 55 34
internal_count=127 44 83 55 34
is_linear=0
shrinkage=0.01


Tree=356
num_leaves=6
num_cat=0
split_feature=0 0 4 4 4
split_gain=3.21182 4.16706 3.17025 5.30607 2.03152
threshold=0.33750000000000008 0.35250000000000004 0.13150000000000003 0.055500000000000008 0.23200000000000004
decision_type=2 2 2 2 2
left_child=2 -2 3 -1 -4
right_child=1 -3 4 -5 -6
leaf_value=-0.002591013515988986 0.0042668905909414648 -0.0015177570215680384 -0.0057744122719900169 0.0039593788129942756 -0.00050767849473392257
leaf_weight=28 25 20 20 19 14.999999999999998
leaf_count=28 25 20 20 19 15
internal_value=-0.00041423 0.00163437 -0.00161013 8.50101e-06 -0.00380183
internal_weight=127 45 82 47 35
internal_count=127 45 82 47 35
is_linear=0
shrinkage=0.01


Tree=357
num_leaves=6
num_cat=0
split_feature=3 0 3 0 0
split_gain=12.2113 9.44036 4.01401 3.38409 0.906091
threshold=0.50300000000000011 0.33750000000000008 0.46650000000000008 0.35250000000000004 0.31750000000000006
decision_type=2 2 2 2 2
left_child=2 4 -1 -3 -2
right_child=1 3 -4 -5 -6
leaf_value=0.0010378586662312349 -0.0073962785303592687 0.0041759323211092696 0.007450341106288963 -0.0016393698044121266 -0.0034371520399019634
leaf_weight=28 21 17 15.999999999999998 18 27
leaf_count=28 21 17 16 18 27
internal_value=-0.000410811 -0.00268514 0.00370091 0.00112312 -0.00549584
internal_weight=127 83 44 35 48
internal_count=127 83 44 35 48
is_linear=0
shrinkage=0.01


Tree=358
num_leaves=6
num_cat=0
split_feature=4 0 2 0 2
split_gain=3.19207 4.7428 5.94786 3.50726 0.147337
threshold=0.20650000000000002 0.31250000000000006 0.21750000000000003 0.32750000000000007 0.24550000000000002
decision_type=2 2 2 2 2
left_child=1 -1 -3 -2 -4
right_child=3 2 4 -5 -6
leaf_value=-0.0027133697768052419 -0.005432248809798197 -0.0010703733776296889 0.0064224568733738533 0 0.0029106511837906309
leaf_weight=25 20 26 15.999999999999998 24 15.999999999999998
leaf_count=25 20 26 16 24 16
internal_value=-0.000406285 0.000703112 0.00230042 -0.00254729 0.00508812
internal_weight=127 83 58 44 32
internal_count=127 83 58 44 32
is_linear=0
shrinkage=0.01


Tree=359
num_leaves=6
num_cat=0
split_feature=3 5 3 7 3
split_gain=11.9444 4.08591 3.92429 2.13556 1.40508
threshold=0.50300000000000011 0.34450000000000003 0.46650000000000008 0.43750000000000006 0.66150000000000009
decision_type=2 2 2 2 2
left_child=2 3 -1 -2 -5
right_child=1 -3 -4 4 -6
leaf_value=0.0010282316803932191 -0.0037025148252194579 -0.006318547181461168 0.0073721051133341263 -0.0011955085396766663 0.0024144581486197077
leaf_weight=28 20 21 15.999999999999998 27 14.999999999999998
leaf_count=28 20 21 16 27 15
internal_value=-0.000402023 -0.00265183 0.00366402 -0.00117311 3.12737e-05
internal_weight=127 83 44 62 42
internal_count=127 83 44 62 42
is_linear=0
shrinkage=0.01


Tree=360
num_leaves=7
num_cat=0
split_feature=2 1 1 2 0 0
split_gain=3.41464 2.60036 4.04299 3.84887 0.243221 0.0257497
threshold=0.25350000000000006 0.18750000000000003 0.21250000000000002 0.20250000000000004 0.34750000000000003 0.31750000000000006
decision_type=2 2 2 2 2 2
left_child=1 5 3 -3 -4 -1
right_child=-2 2 4 -5 -6 -7
leaf_value=-0.0061458006187489157 0.0014441195937494437 -0.0023958069560202685 -0.0050650527290999892 0.0033571433279818547 -0.0019756732549932269 -0.0029231246519419887
leaf_weight=17 22 20 18 22 15.999999999999998 15.999999999999998
leaf_count=17 22 20 18 22 16 16
internal_value=-0.00190772 -0.00264312 -0.00146153 0.000519629 -0.00394064 -0.00498247
internal_weight=131 109 76 42 34 33
internal_count=131 109 76 42 34 33
is_linear=0
shrinkage=0.01


Tree=361
num_leaves=8
num_cat=0
split_feature=5 5 6 6 5 3 3
split_gain=6.55903 12.6727 1.77602 2.87507 1.57479 0.205029 0.0876075
threshold=0.41700000000000004 0.35750000000000004 0.80200000000000016 0.49800000000000005 0.23650000000000002 0.52650000000000008 0.6080000000000001
decision_type=2 2 2 2 2 2 2
left_child=1 2 3 5 -5 -1 -4
right_child=-2 -3 6 4 -6 -7 -8
leaf_value=-0.0015427172666086866 -0.0077454381041667042 0.0064699761726354299 -0.0054868946881855242 -0.0011851093219593168 0.0029064757790830398 -0.0044593743103391991 -0.0026455339913566906
leaf_weight=15.000000000000002 14.999999999999998 17 14.999999999999998 15.999999999999998 15.999999999999998 14.999999999999998 22
leaf_count=15 15 17 15 16 16 15 22
internal_value=-0.00189146 -0.000973656 -0.00240417 -0.0011883 0.000764253 -0.00334486 -0.00414795
internal_weight=131 116 99 62 32 30 37
internal_count=131 116 99 62 32 30 37
is_linear=0
shrinkage=0.01


Tree=362
num_leaves=6
num_cat=0
split_feature=5 5 6 6 0
split_gain=6.44062 12.4518 1.74238 2.8257 1.78416
threshold=0.41700000000000004 0.35750000000000004 0.80200000000000016 0.49800000000000005 0.34250000000000008
decision_type=2 2 2 2 2
left_child=1 2 3 -1 -5
right_child=-2 -3 -4 4 -6
leaf_value=-0.00331672617001459 -0.0076770962029695513 0.0064120867691541969 -0.0041119223011609838 0.0031615657359361647 -0.0012124969903379679
leaf_weight=30 14.999999999999998 17 37 14.999999999999998 17
leaf_count=30 15 17 37 15 17
internal_value=-0.00187573 -0.000965774 -0.00238407 -0.00117853 0.000756152
internal_weight=131 116 99 62 32
internal_count=131 116 99 62 32
is_linear=0
shrinkage=0.01


Tree=363
num_leaves=6
num_cat=0
split_feature=2 3 2 2 2
split_gain=3.32933 4.09649 1.79471 3.98112 0.712498
threshold=0.25350000000000006 0.44200000000000006 0.23450000000000001 0.21850000000000003 0.18000000000000002
decision_type=2 2 2 2 2
left_child=1 -1 3 4 -3
right_child=-2 2 -4 -5 -6
leaf_value=0.0018714405464775423 0.0014495977448920408 -0.0012517808416956349 -0.0059691840875893834 0.001668477455774943 -0.0044330578492727223
leaf_weight=14.999999999999998 22 17 22 15.999999999999998 39
leaf_count=15 22 17 22 16 39
internal_value=-0.00185836 -0.00258516 -0.00337257 -0.00237171 -0.00362999
internal_weight=131 109 94 72 56
internal_count=131 109 94 72 56
is_linear=0
shrinkage=0.01


Tree=364
num_leaves=6
num_cat=0
split_feature=7 7 4 4 4
split_gain=6.53296 5.69838 5.70726 0.939518 0.590541
threshold=0.42250000000000004 0.47250000000000003 0.12450000000000001 0.20650000000000002 0.039500000000000007
decision_type=2 2 2 2 2
left_child=-1 2 4 -4 -2
right_child=1 -3 3 -5 -6
leaf_value=-0.0059684279188513753 0.001331151636207805 -0.0047743738591670996 0 -0.0028735572730119413 0.0048336138914931905
leaf_weight=28 14.999999999999998 23 21 24 20
leaf_count=28 15 23 21 24 20
internal_value=-0.0018404 -0.000578295 0.000654126 -0.00160278 0.00362079
internal_weight=131 103 80 45 35
internal_count=131 103 80 45 35
is_linear=0
shrinkage=0.01


Tree=365
num_leaves=6
num_cat=0
split_feature=7 7 4 1 1
split_gain=6.41124 5.59494 5.60737 3.99342 3.0218
threshold=0.42250000000000004 0.47250000000000003 0.12450000000000001 0.19250000000000003 0.19250000000000003
decision_type=2 2 2 2 2
left_child=-1 2 4 -4 -2
right_child=1 -3 3 -5 -6
leaf_value=-0.0059127226819594703 0.00046401205871786388 -0.0047304496660828593 0.0017650345526635646 -0.0039635102139336286 0.0065588020367754827
leaf_weight=28 19 23 18 27 15.999999999999998
leaf_count=28 19 23 18 27 16
internal_value=-0.00182317 -0.000572378 0.000648312 -0.00158811 0.00358926
internal_weight=131 103 80 45 35
internal_count=131 103 80 45 35
is_linear=0
shrinkage=0.01


Tree=366
num_leaves=7
num_cat=0
split_feature=2 1 1 2 0 0
split_gain=3.2441 2.53676 3.88596 3.62399 0.287851 0.0326468
threshold=0.25350000000000006 0.18750000000000003 0.21250000000000002 0.20250000000000004 0.34750000000000003 0.31750000000000006
decision_type=2 2 2 2 2 2
left_child=1 5 3 -3 -4 -1
right_child=-2 2 4 -5 -6 -7
leaf_value=-0.0059712203709702738 0.00145816703637441 -0.002246856868944385 -0.0049333466291427612 0.0033297499191636843 -0.0018282975753148398 -0.0028095875142349134
leaf_weight=17 22 20 18 22 15.999999999999998 15.999999999999998
leaf_count=17 22 20 18 22 16 16
internal_value=-0.00180544 -0.00252359 -0.00136017 0.000579162 -0.00379379 -0.00482931
internal_weight=131 109 76 42 34 33
internal_count=131 109 76 42 34 33
is_linear=0
shrinkage=0.01


Tree=367
num_leaves=6
num_cat=0
split_feature=7 7 7 7 7
split_gain=6.24444 5.49547 1.76616 1.7153 2.90158
threshold=0.42250000000000004 0.47250000000000003 0.45750000000000007 0.44750000000000006 0.43750000000000006
decision_type=2 2 2 2 2
left_child=-1 2 3 4 -2
right_child=1 -3 -4 -5 -6
leaf_value=-0.005825971782207489 -0.0011727643528809913 -0.0046769876301288602 0.0029523103187481564 -0.0026721391044557097 0.0039834087755944991
leaf_weight=28 24 23 22 18 15.999999999999998
leaf_count=28 24 23 22 18 16
internal_value=-0.00179009 -0.000555262 0.000653929 -0.000203888 0.000862131
internal_weight=131 103 80 58 40
internal_count=131 103 80 58 40
is_linear=0
shrinkage=0.01


Tree=368
num_leaves=7
num_cat=0
split_feature=2 6 2 2 0 0
split_gain=3.18756 5.33096 5.73708 1.21973 0.381192 2.39174
threshold=0.25350000000000006 0.42300000000000004 0.21150000000000002 0.22650000000000003 0.32750000000000007 0.34250000000000008
decision_type=2 2 2 2 2 2
left_child=1 -1 4 -4 -3 -6
right_child=-2 2 3 -5 5 -7
leaf_value=-0.0073908380850365284 0.0014602054034670196 -0.005275190279764288 0.0032584458158204433 0 0.00022959137956301374 -0.0044648951101892934
leaf_weight=17 22 14.999999999999998 17 22 15.999999999999998 22
leaf_count=17 22 15 17 22 16 22
internal_value=-0.00177368 -0.00248598 -0.00138849 0.00139475 -0.00350369 -0.00245062
internal_weight=131 109 92 39 53 38
internal_count=131 109 92 39 53 38
is_linear=0
shrinkage=0.01


Tree=369
num_leaves=6
num_cat=0
split_feature=5 7 5 5 5
split_gain=6.79646 8.08761 3.84466 3.41218 2.83682
threshold=0.21750000000000003 0.44750000000000006 0.32950000000000007 0.29350000000000004 0.18550000000000003
decision_type=2 2 2 2 2
left_child=4 2 -2 -3 -1
right_child=1 3 -4 -5 -6
leaf_value=5.862980221326535e-05 0.0012137100249528885 0.0024985767487022614 0.0076086477535621576 -0.0032088631453613442 -0.0047142787688327107
leaf_weight=24 18 15.999999999999998 28 22 20
leaf_count=24 18 16 28 22 20
internal_value=0.000948504 0.00262204 0.00536528 -0.000675958 -0.00211282
internal_weight=128 84 46 38 44
internal_count=128 84 46 38 44
is_linear=0
shrinkage=0.01


Tree=370
num_leaves=7
num_cat=0
split_feature=0 2 2 6 2 6
split_gain=8.19879 13.093 3.92768 4.27418 2.04393 1.85642
threshold=0.32250000000000006 0.21550000000000002 0.24650000000000002 0.77300000000000013 0.25650000000000006 1.1975000000000002
decision_type=2 2 2 2 2 2
left_child=1 -1 3 -2 -3 -5
right_child=2 4 -4 5 -6 -7
leaf_value=0.010308265507221222 -0.0057176413692533968 0.0020656064278087938 0.0024492630586028098 0.0022317056489341396 -0.0023665527709047585 -0.0024371347444898943
leaf_weight=18 23 24 18 15.000000000000002 14.999999999999998 14.999999999999998
leaf_count=18 23 24 18 15 15 15
internal_value=0.000939935 0.00372271 -0.00126641 -0.00266242 0.000206692 0
internal_weight=128 57 71 53 39 30
internal_count=128 57 71 53 39 30
is_linear=0
shrinkage=0.01


Tree=371
num_leaves=7
num_cat=0
split_feature=3 7 3 3 3 7
split_gain=7.84173 7.42645 3.0751 4.44549 2.41826 0.611473
threshold=0.43600000000000005 0.41750000000000004 0.50550000000000017 0.75250000000000006 0.70250000000000001 0.44750000000000006
decision_type=2 2 2 2 2 2
left_child=-1 -2 -3 4 5 -4
right_child=1 2 3 -5 -6 -7
leaf_value=0.0066949226348660884 0.0059808321209514851 0.0018624041912456354 -0.00037051294160925826 0.0020924763133128486 -0.0068711629334618062 -0.0031088234597574111
leaf_weight=18 14.999999999999998 22 21 15.999999999999998 14.999999999999998 21
leaf_count=18 15 22 21 16 15 21
internal_value=0.000931541 -6.96258e-05 -0.00118013 -0.00218893 -0.00350567 -0.00193238
internal_weight=128 110 95 73 57 42
internal_count=128 110 95 73 57 42
is_linear=0
shrinkage=0.01


Tree=372
num_leaves=6
num_cat=0
split_feature=4 7 4 5 4
split_gain=6.65753 10.9998 6.86596 7.11746 2.63608
threshold=0.043500000000000004 0.41750000000000004 0.082500000000000018 0.33800000000000008 0.22950000000000004
decision_type=2 2 2 2 2
left_child=-1 -2 -3 4 -4
right_child=1 2 3 -5 -6
leaf_value=0.0053504844323766457 0.0068945905855960325 -0.0073973940444343233 -0.0035915021297450249 0.0048116199076175693 0.00084427103400230407
leaf_weight=25 15.999999999999998 14.999999999999998 37 18 17
leaf_count=25 16 15 37 18 17
internal_value=0.000923192 -0.00018522 -0.00166911 -0.000240473 -0.00212549
internal_weight=128 103 87 72 54
internal_count=128 103 87 72 54
is_linear=0
shrinkage=0.01


Tree=373
num_leaves=6
num_cat=0
split_feature=0 7 7 1 0
split_gain=7.8289 9.26166 4.32834 4.1783 3.24404
threshold=0.32250000000000006 0.44250000000000006 0.44750000000000006 0.17750000000000002 0.35750000000000004
decision_type=2 2 2 2 2
left_child=1 3 -2 -1 -4
right_child=2 -3 4 -5 -6
leaf_value=0.0021089506459732853 -0.0044411154532874074 -0.0021639049620563655 0.0024845927557908 0.0091872239372004644 -0.0027818720622195137
leaf_weight=19 25 17 30 21 15.999999999999998
leaf_count=19 25 17 30 21 16
internal_value=0.000915408 0.00363525 -0.00123941 0.00620462 0.000509026
internal_weight=128 57 71 40 46
internal_count=128 57 71 40 46
is_linear=0
shrinkage=0.01


Tree=374
num_leaves=6
num_cat=0
split_feature=5 5 5 5 5
split_gain=6.44453 8.0775 11.2361 7.02321 2.76189
threshold=0.21750000000000003 0.38800000000000007 0.33800000000000008 0.27750000000000008 0.18550000000000003
decision_type=2 2 2 2 2
left_child=4 2 3 -2 -1
right_child=1 -3 -4 -5 -6
leaf_value=6.6758411434980541e-05 0.005361244325404582 -0.0023726274259388449 0.0106432256186381 -0.0022410694243386385 -0.0046403700435026125
leaf_weight=24 21 22 18 23 20
leaf_count=24 21 22 18 23 20
internal_value=0.000906546 0.00253725 0.00437729 0.00135395 -0.00207288
internal_weight=128 84 62 44 44
internal_count=128 84 62 44 44
is_linear=0
shrinkage=0.01


Tree=375
num_leaves=7
num_cat=0
split_feature=3 7 3 3 3 7
split_gain=7.57995 7.09003 3.00866 4.37626 2.35631 0.62013
threshold=0.43600000000000005 0.41750000000000004 0.50550000000000017 0.75250000000000006 0.70250000000000001 0.44750000000000006
decision_type=2 2 2 2 2 2
left_child=-1 -2 -3 4 5 -4
right_child=1 2 3 -5 -6 -7
leaf_value=0.0065652405153959993 0.0058250974907594569 0.0018373789017399153 -0.000352929451138429 0.002077591878672441 -0.0068009138633223143 -0.0031014589236482331
leaf_weight=18 14.999999999999998 22 21 15.999999999999998 14.999999999999998 21
leaf_count=18 15 22 21 16 15 21
internal_value=0.000898144 -8.52327e-05 -0.00117085 -0.00216893 -0.0034757 -0.00191934
internal_weight=128 110 95 73 57 42
internal_count=128 110 95 73 57 42
is_linear=0
shrinkage=0.01


Tree=376
num_leaves=6
num_cat=0
split_feature=0 5 5 7 0
split_gain=7.58646 11.9789 13.3349 4.24113 3.14391
threshold=0.32250000000000006 0.38800000000000007 0.32950000000000007 0.44750000000000006 0.35750000000000004
decision_type=2 2 2 2 2
left_child=1 2 -1 -2 -5
right_child=3 -3 -4 4 -6
leaf_value=0.0012731506331608846 -0.0043995589100652276 -0.0030271167719834731 0.013051800477939348 0.0024458238633815201 -0.0027380683811174499
leaf_weight=24 25 17 15.999999999999998 30 15.999999999999998
leaf_count=24 25 17 16 30 16
internal_value=0.000890093 0.00356812 0.00650082 -0.00123023 0.000499607
internal_weight=128 57 40 71 46
internal_count=128 57 40 71 46
is_linear=0
shrinkage=0.01


Tree=377
num_leaves=7
num_cat=0
split_feature=4 7 4 5 4 5
split_gain=6.35582 10.4527 6.70829 6.8673 2.55368 0.0330299
threshold=0.043500000000000004 0.41750000000000004 0.082500000000000018 0.33800000000000008 0.22950000000000004 0.21150000000000002
decision_type=2 2 2 2 2 2
left_child=-1 -2 -3 4 5 -4
right_child=1 2 3 -5 -6 -7
leaf_value=0.0052085216496898625 0.0066999768382973151 -0.0073092258327147538 -0.001996872207149863 0.0047269018553197381 0.00083246336171501566 -0.004416813066317922
leaf_weight=25 15.999999999999998 14.999999999999998 18 18 17 19
leaf_count=25 16 15 18 18 17 19
internal_value=0.000881824 -0.000199933 -0.00164711 -0.000234266 -0.00208703 -0.00353053
internal_weight=128 103 87 72 54 37
internal_count=128 103 87 72 54 37
is_linear=0
shrinkage=0.01


Tree=378
num_leaves=6
num_cat=0
split_feature=6 5 5 5 0
split_gain=9.50909 8.18498 7.07472 2.11526 1.07178
threshold=0.61250000000000016 0.24650000000000002 0.32650000000000007 0.38250000000000006 0.33750000000000008
decision_type=2 2 2 2 2
left_child=1 -1 -3 -4 -2
right_child=4 2 3 -5 -6
leaf_value=0.0091942036979728269 -0.004253420881927014 -0.0027883764088153839 0.006762214224128163 0.0014682396796221533 -0.00085480909434057051
leaf_weight=15.999999999999998 18 23 14.999999999999998 22 29
leaf_count=16 18 23 15 22 29
internal_value=0.00103531 0.00321771 0.00129816 0.00397937 -0.00237893
internal_weight=123 76 60 37 47
internal_count=123 76 60 37 47
is_linear=0
shrinkage=0.01


Tree=379
num_leaves=7
num_cat=0
split_feature=2 2 1 2 2 3
split_gain=19.8987 8.18972 2.95132 4.14632 2.42907 0.926503
threshold=0.24650000000000002 0.25950000000000006 0.18750000000000003 0.22750000000000004 0.22150000000000003 0.60550000000000004
decision_type=2 2 2 2 2 2
left_child=2 -2 4 5 -1 -4
right_child=1 -3 3 -5 -6 -7
leaf_value=-0.0014728022081887018 0.012003748314945321 0.0014545304459684036 0.00050497253353779133 -0.0062609579875355674 0.0037770427588154289 -0.0022679460346698762
leaf_weight=15.000000000000002 17 14.999999999999998 24 19 14.999999999999998 18
leaf_count=15 17 15 24 19 15 18
internal_value=0.00102608 0.0075823 -0.00133911 -0.00259857 0.00106788 -0.000618855
internal_weight=123 32 91 61 30 42
internal_count=123 32 91 61 30 42
is_linear=0
shrinkage=0.01


Tree=380
num_leaves=7
num_cat=0
split_feature=4 1 1 7 7 4
split_gain=10.5245 7.3428 5.31318 5.8995 2.90886 0.650351
threshold=0.20300000000000004 0.20250000000000004 0.18750000000000003 0.42750000000000005 0.45250000000000007 0.25450000000000006
decision_type=2 2 2 2 2 2
left_child=1 2 3 -1 -3 -2
right_child=5 4 -4 -5 -6 -7
leaf_value=-0.0010747515278704026 -0.0047468930269990647 0.0097956082400153643 -0.0026168804408775439 0.0068598249852657323 0.0026067953973132017 -0.0012385184152258768
leaf_weight=14.999999999999998 19 15.000000000000002 25 18 14.999999999999998 15.999999999999998
leaf_count=15 19 15 25 18 15 16
internal_value=0.00101706 0.00287901 0.000637833 0.00325502 0.00674503 -0.00343184
internal_weight=123 88 58 33 30 35
internal_count=123 88 58 33 30 35
is_linear=0
shrinkage=0.01


Tree=381
num_leaves=5
num_cat=0
split_feature=6 3 6 3
split_gain=9.15189 3.79233 4.61855 0.575045
threshold=0.61250000000000016 0.6140000000000001 0.43450000000000005 0.76350000000000018
decision_type=2 2 2 2
left_child=1 2 -1 -2
right_child=3 -3 -4 -5
leaf_value=0.0070464999112300579 -0.0031746936892159284 -0.0002412390384985053 0.00095219234211577314 -0.00042659958334345573
leaf_weight=30 30 21 25 17
leaf_count=30 30 21 25 17
internal_value=0.00100762 0.00314934 0.00449469 -0.00234073
internal_weight=123 76 55 47
internal_count=123 76 55 47
is_linear=0
shrinkage=0.01


Tree=382
num_leaves=6
num_cat=0
split_feature=2 2 4 1 2
split_gain=19.2209 8.0316 2.88288 1.64876 1.70472
threshold=0.24650000000000002 0.25950000000000006 0.07350000000000001 0.18750000000000003 0.20350000000000004
decision_type=2 2 2 2 2
left_child=2 -2 -1 -4 -5
right_child=1 -3 3 4 -6
leaf_value=0.0021902391148938072 0.011817927268382751 0.0013809353726751664 0 -0.00084628771417416071 -0.0048503240493351016
leaf_weight=15.999999999999998 17 14.999999999999998 24 24 27
leaf_count=16 17 15 24 24 27
internal_value=0.000997414 0.00744166 -0.00132623 -0.00217875 -0.00316345
internal_weight=123 32 91 75 51
internal_count=123 32 91 75 51
is_linear=0
shrinkage=0.01


Tree=383
num_leaves=6
num_cat=0
split_feature=0 1 1 7 1
split_gain=6.55137 8.17401 2.74597 0.42655 0.962064
threshold=0.32750000000000007 0.20250000000000004 0.17750000000000002 0.46250000000000008 0.19750000000000004
decision_type=2 2 2 2 2
left_child=1 2 -1 4 -2
right_child=3 -3 -4 -5 -6
leaf_value=-0.0018188982581098876 -0.00014580857194960116 0.0089689932184086902 0.0028008862813153576 -0.00013484127819538117 -0.0038092932280372172
leaf_weight=19 18 15.999999999999998 29 26 14.999999999999998
leaf_count=19 18 16 29 26 15
internal_value=0.000988982 0.00318292 0.000872612 -0.00133524 -0.0020764
internal_weight=123 64 48 59 33
internal_count=123 64 48 59 33
is_linear=0
shrinkage=0.01


Tree=384
num_leaves=6
num_cat=0
split_feature=2 2 0 6 2
split_gain=18.8406 7.87428 3.32928 1.19874 0.428369
threshold=0.24650000000000002 0.25950000000000006 0.31750000000000006 0.58600000000000008 0.20450000000000002
decision_type=2 2 2 2 2
left_child=2 -2 -1 -4 -5
right_child=1 -3 3 4 -6
leaf_value=0.0014363735811463718 0.011692646798726761 0.0013565576339469238 -0.0044784335667888324 -0.0020067348896429457 0
leaf_weight=27 17 14.999999999999998 22 27 14.999999999999998
leaf_count=27 17 15 22 27 15
internal_value=0.00097883 0.00735946 -0.00132116 -0.00256853 -0.00129637
internal_weight=123 32 91 64 42
internal_count=123 32 91 64 42
is_linear=0
shrinkage=0.01


Tree=385
num_leaves=6
num_cat=0
split_feature=6 5 1 6 1
split_gain=8.74139 7.89949 7.37352 9.88261 0.423127
threshold=0.61250000000000016 0.24650000000000002 0.18750000000000003 0.49800000000000005 0.21250000000000002
decision_type=2 2 2 2 2
left_child=1 -1 -3 -4 -2
right_child=4 2 3 -5 -6
leaf_value=0.008931477160917389 -0.0029646455397938981 0.0050477188386555231 -0.0063531078469185598 0.0038437239036840554 -0.00040770738002131969
leaf_weight=15.999999999999998 32 26 19 14.999999999999998 14.999999999999998
leaf_count=16 32 26 19 15 15
internal_value=0.000970414 0.0030645 0.00118168 -0.001752 -0.00230059
internal_weight=123 76 60 34 47
internal_count=123 76 60 34 47
is_linear=0
shrinkage=0.01


Tree=386
num_leaves=7
num_cat=0
split_feature=4 6 4 4 4 4
split_gain=9.97292 10.0005 11.5753 7.32233 5.59022 0.649372
threshold=0.20300000000000004 0.61250000000000016 0.12250000000000001 0.07350000000000001 0.029500000000000002 0.25450000000000006
decision_type=2 2 2 2 2 2
left_child=1 2 3 4 -1 -2
right_child=5 -3 -4 -5 -6 -7
leaf_value=0 -0.0046753103818212242 -0.0024508677938809764 0.011250586554408073 -0.0034189727507969916 0.0083524203083167464 -0.0011896490181485813
leaf_weight=15.000000000000002 19 24 18 14.999999999999998 15.999999999999998 15.999999999999998
leaf_count=15 19 24 18 15 16 16
internal_value=0.000961606 0.00277551 0.00482604 0.00184389 0.00459483 -0.00336744
internal_weight=123 88 64 46 31 35
internal_count=123 88 64 46 31 35
is_linear=0
shrinkage=0.01


Tree=387
num_leaves=6
num_cat=0
split_feature=6 3 3 1 6
split_gain=12.9884 2.65815 6.87151 2.28668 1.41617
threshold=0.36550000000000005 0.51850000000000007 0.73450000000000004 0.19250000000000003 0.47950000000000004
decision_type=2 2 2 2 2
left_child=-1 3 4 -2 -3
right_child=1 2 -4 -5 -6
leaf_value=0.007057604546494344 -0.00084849736756748614 0.003608851200517486 -0.0055792325149689407 -0.0062038319873122076 0
leaf_weight=14.999999999999998 15.999999999999998 14.999999999999998 19 24 26
leaf_count=15 16 15 19 24 26
internal_value=-0.000984475 -0.00235454 -0.000864359 -0.00432316 0.00136218
internal_weight=115 100 60 40 41
internal_count=115 100 60 40 41
is_linear=0
shrinkage=0.01


Tree=388
num_leaves=6
num_cat=0
split_feature=4 4 4 0 0
split_gain=7.06175 4.95426 2.79788 2.43614 2.01212
threshold=0.16750000000000004 0.085500000000000007 0.048500000000000008 0.33750000000000008 0.33250000000000007
decision_type=2 2 2 2 2
left_child=1 2 -1 -2 -3
right_child=3 4 -4 -5 -6
leaf_value=0.00081457387655973438 -0.0062066108196973807 0.0056373923431549755 -0.004452972577677833 -0.0011577149340882898 0.00047298991328312295
leaf_weight=19 23 19 15.999999999999998 22 15.999999999999998
leaf_count=19 23 19 16 22 16
internal_value=-0.000975204 0.000956272 -0.00156885 -0.00399895 0.00356484
internal_weight=115 70 35 45 35
internal_count=115 70 35 45 35
is_linear=0
shrinkage=0.01


Tree=389
num_leaves=5
num_cat=0
split_feature=7 7 3 1
split_gain=8.7443 7.53335 2.54522 2.32397
threshold=0.42750000000000005 0.46250000000000008 0.54600000000000015 0.18250000000000002
decision_type=2 2 2 2
left_child=3 2 -2 -1
right_child=1 -3 -4 -5
leaf_value=0.00025755686064561205 -0.0067876962223841295 0.0014791416306177091 -0.0020505263675004242 0.0059645622968673706
leaf_weight=16.000000000000004 29 27 28 14.999999999999998
leaf_count=16 29 27 28 15
internal_value=-0.000965861 -0.00266325 -0.0046938 0.00336465
internal_weight=115 84 57 31
internal_count=115 84 57 31
is_linear=0
shrinkage=0.01


Tree=390
num_leaves=6
num_cat=0
split_feature=2 0 0 5 5
split_gain=8.76966 6.86519 3.05978 3.50552 0.981007
threshold=0.26150000000000007 0.30250000000000005 0.32750000000000007 0.21850000000000003 0.34050000000000008
decision_type=2 2 2 2 2
left_child=1 -1 4 -4 -3
right_child=-2 2 3 -5 -6
leaf_value=0.0036250860550824334 0.0054202702951927986 -0.0029828282594680788 -0.0038867624033370922 0.0010932659013913229 -0.0077671725894598396
leaf_weight=14.999999999999998 15.999999999999998 18 27 24 14.999999999999998
leaf_count=15 16 18 27 24 15
internal_value=-0.000955542 -0.00212241 -0.00326732 -0.00149606 -0.00561996
internal_weight=115 99 84 51 33
internal_count=115 99 84 51 33
is_linear=0
shrinkage=0.01


Tree=391
num_leaves=5
num_cat=0
split_feature=6 7 7 6
split_gain=12.6333 3.81958 3.30017 1.37724
threshold=0.36550000000000005 0.46250000000000008 0.42750000000000005 0.58600000000000008
decision_type=2 2 2 2
left_child=-1 2 -2 -4
right_child=1 -3 3 -5
leaf_value=0.0069841022657997466 -8.1177915518100443e-05 0.00096252212659097647 -0.0065932996191636287 -0.0025636532954100904
leaf_weight=14.999999999999998 24 24 25 27
leaf_count=15 24 24 25 27
internal_value=-0.000946328 -0.00229853 -0.00339071 -0.00476602
internal_weight=115 100 76 52
internal_count=115 100 76 52
is_linear=0
shrinkage=0.01


Tree=392
num_leaves=6
num_cat=0
split_feature=6 0 0 0 0
split_gain=12.4106 4.20171 9.25864 4.54883 0.180578
threshold=0.36550000000000005 0.32750000000000007 0.30250000000000005 0.34250000000000008 0.31750000000000006
decision_type=2 2 2 2 2
left_child=-1 2 -2 -3 -4
right_child=1 3 4 -5 -6
leaf_value=0.0069224781707367478 0.0015460314338698105 0.002645963347620434 -0.0045680396171177131 -0.0029085319298610556 -0.0093714679361266255
leaf_weight=14.999999999999998 14.999999999999998 25 15 30 15
leaf_count=15 15 25 15 30 15
internal_value=-0.000937085 -0.00227766 -0.00448275 -0.00029179 -0.00756161
internal_weight=115 100 45 55 30
internal_count=115 100 45 55 30
is_linear=0
shrinkage=0.01


Tree=393
num_leaves=7
num_cat=0
split_feature=6 1 6 1 6 1
split_gain=12.1928 1.10345 2.04113 3.44882 3.32368 0.0136685
threshold=0.36550000000000005 0.17750000000000002 0.56300000000000006 0.19750000000000004 0.71150000000000013 0.19750000000000004
decision_type=2 2 2 2 2 2
left_child=-1 -2 3 -3 -4 -6
right_child=1 2 4 -5 5 -7
leaf_value=0.0068613973676281814 0 -0.00078530349045697798 0.0020946387613290235 -0.0074004882555454964 -0.0038839706654349966 -0.0016363691626802871
leaf_weight=14.999999999999998 14.999999999999998 17 17 18 15.999999999999998 17
leaf_count=15 15 17 17 18 16 17
internal_value=-0.000928267 -0.00225736 -0.00269121 -0.00453866 -0.00117701 -0.00302864
internal_weight=115 100 85 35 50 33
internal_count=115 100 85 35 50 33
is_linear=0
shrinkage=0.01


Tree=394
num_leaves=6
num_cat=0
split_feature=6 0 0 0 0
split_gain=11.98 4.14377 9.0839 4.45351 0.166086
threshold=0.36550000000000005 0.32750000000000007 0.30250000000000005 0.34250000000000008 0.31750000000000006
decision_type=2 2 2 2 2
left_child=-1 2 -2 -3 -4
right_child=1 3 4 -5 -6
leaf_value=0.0068008557323585538 0.0015415714067571304 0.0026393704281912913 -0.0045171039332361782 -0.002857576978603902 -0.0092634337647434541
leaf_weight=14.999999999999998 14.999999999999998 25 15 30 15
leaf_count=15 15 25 15 30 15
internal_value=-0.000919892 -0.00223767 -0.00442686 -0.000266306 -0.00747716
internal_weight=115 100 45 55 30
internal_count=115 100 45 55 30
is_linear=0
shrinkage=0.01


Tree=395
num_leaves=5
num_cat=0
split_feature=2 7 2 7
split_gain=8.41858 4.35633 3.11472 3.09998
threshold=0.26150000000000007 0.42750000000000005 0.24050000000000002 0.45750000000000007
decision_type=2 2 2 2
left_child=1 -1 3 -3
right_child=-2 2 -4 -5
leaf_value=0.0011748089538565999 0.0053342337114736437 -0.003525300719376121 -0.0065080881131934411 0.0013185842037200929
leaf_weight=27 15.999999999999998 33 21 18
leaf_count=27 16 33 21 18
internal_value=-0.000911232 -0.00205575 -0.00333378 -0.00173611
internal_weight=115 99 72 51
internal_count=115 99 72 51
is_linear=0
shrinkage=0.01


Tree=396
num_leaves=6
num_cat=0
split_feature=4 4 3 4 3
split_gain=15.9524 7.99898 3.44185 1.75887 1.13241
threshold=0.052500000000000005 0.23200000000000004 0.60350000000000004 0.15450000000000003 0.47550000000000003
decision_type=2 2 2 2 2
left_child=-1 2 4 -4 -2
right_child=1 -3 3 -5 -6
leaf_value=0.0072302252472447306 -0.0022329033832801017 0.0035698993277290592 0.0017385239619761702 -0.0027573177766274004 -0.0066826842725276952
leaf_weight=25 17 21 15.000000000000002 14.999999999999998 22
leaf_count=25 17 21 15 15 22
internal_value=0.000446108 -0.00150023 -0.00317083 -0.000384984 -0.00506853
internal_weight=115 90 69 30 39
internal_count=115 90 69 30 39
is_linear=0
shrinkage=0.01


Tree=397
num_leaves=6
num_cat=0
split_feature=5 1 3 5 3
split_gain=7.51767 4.1987 6.1866 2.12947 0.120947
threshold=0.20950000000000002 0.21750000000000003 0.47550000000000003 0.33800000000000008 0.64250000000000018
decision_type=2 2 2 2 2
left_child=4 2 -2 -4 -1
right_child=1 -3 3 -5 -6
leaf_value=-0.0041368576315672775 0.0086023741381035922 -0.0012328719215778012 0.0036694715116173029 -0.00064843848968545602 -0.0017200162238441407
leaf_weight=17 15.999999999999998 22 18 22 20
leaf_count=17 16 22 18 22 20
internal_value=0.000441368 0.00222601 0.00366672 0.00125778 -0.00311386
internal_weight=115 78 56 40 37
internal_count=115 78 56 40 37
is_linear=0
shrinkage=0.01


Tree=398
num_leaves=5
num_cat=0
split_feature=4 4 4 1
split_gain=15.5686 7.86493 1.95386 0.96964
threshold=0.052500000000000005 0.23200000000000004 0.18900000000000003 0.19250000000000003
decision_type=2 2 2 2
left_child=-1 2 3 -2
right_child=1 -3 -4 -5
leaf_value=0.0071389987761223761 -0.00015010004639625551 0.0035408448654672374 -0.0063118313603541436 -0.0030931647649655742
leaf_weight=25 23 21 14.999999999999998 31
leaf_count=25 23 21 15 31
internal_value=0.000436447 -0.00148575 -0.00314265 -0.00197905
internal_weight=115 90 69 54
internal_count=115 90 69 54
is_linear=0
shrinkage=0.01


Tree=399
num_leaves=5
num_cat=0
split_feature=5 1 5 1
split_gain=7.28783 4.11077 4.41206 5.82215
threshold=0.20950000000000002 0.21750000000000003 0.39950000000000008 0.19750000000000004
decision_type=2 2 2 2
left_child=-1 2 3 -2
right_child=1 -3 -4 -5
leaf_value=-0.0030682278140328634 0.0018786742006029404 -0.001231358777731657 -0.00068496991606319655 0.0099253698022050019
leaf_weight=37 26 22 14.999999999999998 14.999999999999998
leaf_count=37 26 22 15 15
internal_value=0.00043142 0.00218921 0.00361534 0.00526359
internal_weight=115 78 56 41
internal_count=115 78 56 41
is_linear=0
shrinkage=0.01


Tree=400
num_leaves=6
num_cat=0
split_feature=5 2 2 0 2
split_gain=7.15263 2.62338 2.74765 1.95312 0.71764
threshold=0.20950000000000002 0.23650000000000002 0.21850000000000003 0.32750000000000007 0.19250000000000003
decision_type=2 2 2 2 2
left_child=4 2 -2 -3 -1
right_child=1 3 -4 -5 -6
leaf_value=-0.00085420942554871246 0.0024121590748429297 0.0056397828574364008 -0.0026920215744111278 0.00059126507271738615 -0.0042673857672059015
leaf_weight=15.999999999999998 23 24 15.999999999999998 14.999999999999998 21
leaf_count=16 23 24 16 15 21
internal_value=0.000427417 0.00216917 0.000167014 0.00394356 -0.00303912
internal_weight=115 78 39 39 37
internal_count=115 78 39 39 37
is_linear=0
shrinkage=0.01


Tree=401
num_leaves=6
num_cat=0
split_feature=5 3 5 0 3
split_gain=7.02701 3.04269 3.53402 1.60889 0.1353
threshold=0.20950000000000002 0.47550000000000003 0.37450000000000006 0.33750000000000008 0.64250000000000018
decision_type=2 2 2 2 2
left_child=4 -2 3 -3 -1
right_child=1 2 -4 -5 -6
leaf_value=-0.0040328433599911241 0.004997892199227443 -0.0028015244371541173 0.0040981472432613372 0.0011467096406747312 -0.0016303999442607165
leaf_weight=17 24 21 18 14.999999999999998 20
leaf_count=17 24 21 18 15 20
internal_value=0.000422857 0.00214959 0.000661106 -0.00105108 -0.00301264
internal_weight=115 78 54 36 37
internal_count=115 78 54 36 37
is_linear=0
shrinkage=0.01


Tree=402
num_leaves=5
num_cat=0
split_feature=6 0 0 7
split_gain=6.34613 5.7025 8.62834 1.51857
threshold=0.61250000000000016 0.33750000000000008 0.31750000000000006 0.45750000000000007
decision_type=2 2 2 2
left_child=1 2 -1 -2
right_child=3 -3 -4 -5
leaf_value=0.00044157165288925175 -0.0035667542512378388 -0.0019681140268221499 0.0091608735599688126 0
leaf_weight=28 29 18 19 21
leaf_count=28 29 18 19 21
internal_value=0.000418505 0.00248154 0.00429848 -0.00215958
internal_weight=115 65 47 50
internal_count=115 65 47 50
is_linear=0
shrinkage=0.01


end of trees

feature_importances:
har_dist=247
p3_sec=241
p1_dia_t=234
ipa=230
e_a=230
a1=229
c_a=224
t_p2_dia=174

parameters:
[boosting: gbdt]
[objective: regression]
[metric: rmse,l1]
[tree_learner: serial]
[device_type: cpu]
[data_sample_strategy: bagging]
[data: ]
[valid: ]
[num_iterations: 403]
[learning_rate: 0.01]
[num_leaves: 64]
[num_threads: 0]
[seed: 0]
[deterministic: 0]
[force_col_wise: 0]
[force_row_wise: 0]
[histogram_pool_size: -1]
[max_depth: 7]
[min_data_in_leaf: 15]
[min_sum_hessian_in_leaf: 0.001]
[bagging_fraction: 0.3]
[pos_bagging_fraction: 1]
[neg_bagging_fraction: 1]
[bagging_freq: 9]
[bagging_seed: 3]
[bagging_by_query: 0]
[feature_fraction: 0.4]
[feature_fraction_bynode: 1]
[feature_fraction_seed: 2]
[extra_trees: 0]
[extra_seed: 6]
[early_stopping_round: 0]
[early_stopping_min_delta: 0]
[first_metric_only: 0]
[max_delta_step: 0]
[lambda_l1: 0.5]
[lambda_l2: 2]
[linear_lambda: 0]
[min_gain_to_split: 0]
[drop_rate: 0.1]
[max_drop: 50]
[skip_drop: 0.5]
[xgboost_dart_mode: 0]
[uniform_drop: 0]
[drop_seed: 4]
[top_rate: 0.2]
[other_rate: 0.1]
[min_data_per_group: 100]
[max_cat_threshold: 32]
[cat_l2: 10]
[cat_smooth: 10]
[max_cat_to_onehot: 4]
[top_k: 20]
[monotone_constraints: ]
[monotone_constraints_method: basic]
[monotone_penalty: 0]
[feature_contri: ]
[forcedsplits_filename: ]
[refit_decay_rate: 0.9]
[cegb_tradeoff: 1]
[cegb_penalty_split: 0]
[cegb_penalty_feature_lazy: ]
[cegb_penalty_feature_coupled: ]
[path_smooth: 0]
[interaction_constraints: ]
[verbosity: -1]
[saved_feature_importance_type: 0]
[use_quantized_grad: 0]
[num_grad_quant_bins: 4]
[quant_train_renew_leaf: 0]
[stochastic_rounding: 1]
[linear_tree: 0]
[max_bin: 255]
[max_bin_by_feature: ]
[min_data_in_bin: 3]
[bin_construct_sample_cnt: 200000]
[data_random_seed: 1]
[is_enable_sparse: 1]
[enable_bundle: 1]
[use_missing: 1]
[zero_as_missing: 0]
[feature_pre_filter: 0]
[pre_partition: 0]
[two_round: 0]
[header: 0]
[label_column: ]
[weight_column: ]
[group_column: ]
[ignore_column: ]
[categorical_feature: ]
[forcedbins_filename: ]
[precise_float_parser: 0]
[parser_config_file: ]
[objective_seed: 5]
[num_class: 1]
[is_unbalance: 0]
[scale_pos_weight: 1]
[sigmoid: 1]
[boost_from_average: 1]
[reg_sqrt: 0]
[alpha: 0.9]
[fair_c: 1]
[poisson_max_delta_step: 0.7]
[tweedie_variance_power: 1.5]
[lambdarank_truncation_level: 30]
[lambdarank_norm: 1]
[label_gain: ]
[lambdarank_position_bias_regularization: 0]
[eval_at: ]
[multi_error_top_k: 1]
[auc_mu_weights: ]
[num_machines: 1]
[local_listen_port: 12400]
[time_out: 120]
[machine_list_filename: ]
[machines: ]
[gpu_platform_id: -1]
[gpu_device_id: -1]
[gpu_use_dp: 0]
[num_gpu: 1]

end of parameters
