tree
version=v4
num_class=1
num_tree_per_iteration=1
label_index=0
max_feature_idx=10
objective=regression
feature_names=dia_t p1_dia_t t_p2_dia ipr ri_p2 a1 ipa c_a e_a har_dist p3_sec
feature_infos=[0.34000000000000002:1.1899999999999999] [0.25:0.39500000000000002] [0.14000000000000001:0.34999999999999998] [37.975000000000001:94.488] [0.59999999999999998:1.357] [25.045999999999999:59.25] [0.71299999999999997:2.4009999999999998] [-0.20399999999999999:0.46600000000000003] [0.074999999999999997:0.73999999999999999] [0.22500000000000001:2.722] [0.37:0.53500000000000003]
tree_sizes=926 1112 1101 1070 1204 987 1205 1206 1086 1070 1081 1273 1077 1197 1090 1297 1273 1134 1116 1168 1174 1242 1278 1280 1084 1258 1165 1203 1186 1212 1230 1212 1200 1312 1186 1101 1083 1137 1122 1211 1309 1131 1305 1309 1173 1121 1208 1108 989 1218 1207 994 1005 994 1036 969 1087 1007 1139 1139 1007 1008 1009 1127 996 1013 1113 1117 1114 1155 953 1140 1271 1435 1307 1466 1290 1088 1441 1088 1353 1103 1023 1007 1026 1097 1011 1042 1026 1186 1413 1416 1230 1089 1416 1418 1495 1403 1092 1052 1127 1220 1324 1051 1125 1107 1153 1036 818 939 1298 1236 1199 952 1055 939 1424 1173 1289 1200 1256 1405 1232 1373 1406 1194 1188 1170 1181 1155 1173 1188 1194 1335 1089 1413 1073 1138 1034 1196 1175 1062 1182 1125 1400 1320 1279 1394 1216 1392 1178 1283 1201 1328 1091 1235 1300 1209 1421 1301 1329 1172 1262 1276 1278 1277 1138 1276 1261 1370 1283 1306 1103 1123 1222 1067 1118 1286 1240 1198 1420 1311 1213 1316 1316 1318 1424 1302 1548 1279 1191 1388 1281 1324 1426 1496 1392 1511 1185 1082 1144 1051 1157 1086 1194 1423 1149 1320 1268 1383 1356 1271 1385 1352 1350 1320 1378 1382 1493 1492 1256 1494 1373 1498 1381 1275 1259 1160 1158 1144 1163 1351 1161 1176 1170 1213 1335 1226 1337 1201 1189 1150 1196 1085 1422 1421 1413 1085 1237 1116 1250 1374 1182 1390 1116 1282 1093 1235 1093 1095 1170 1286 1320 1338 1404 1437 1402 1187 1424 1223 1294 1318 1376 1269 1317 1267 1296 1279 1408 1155 1173 1036 1233 1152 1351 1252 1256 1233 1303 1124 1248 1294 1421 1055 1426 1286 1163 1357 1112 1009 1200 1240 1031 1242 1137 1485 1151 1143 1153 1123 1167 1215 1278 1374 1151 1241 1245 1278 1385 1380 1493 1372 1127 1338 1403 1514 1308 1434 1435 1432 1278 1311 1422 1177 1173 1132 1139 1192 1202 1148 1196 1191 1140 1126 1311 1224 1290 1017 1407 1128 1186 1292 1178 1334 1179 1094 1098 1095 1541 1180 1431 1274 1195 1233 1247 1177 1118 1233 1254 1217 1452 1323 1395 1503 1124 1297 1014 1099 1290 1173 1391 1357 1386 1277 1461 1342 1338 1045 1043 1045 1071 1402 1004 1160 1135 1253 1253 1277 1149 1236 1189 1125 1332

Tree=0
num_leaves=10
num_cat=0
split_feature=4 5 7 5 10 6 4 5 1
split_gain=362.478 71.0987 47.442 42.2376 36.1484 25.3564 12.4906 6.80654 3.26039
threshold=0.88950000000000007 43.567500000000003 0.14450000000000002 40.624500000000005 0.44750000000000006 1.0600000000000003 0.9425 39.647500000000008 0.33250000000000007
decision_type=2 2 2 2 2 2 2 2 2
left_child=1 2 5 6 -3 -1 8 -7 -2
right_child=3 4 -4 -5 -6 7 -8 -9 -10
leaf_value=7.2579649710124974 7.2313985414656106 7.2652192582637776 7.2300900455305559 7.2374302852809222 7.2462014364767402 7.238684821011061 7.2191553518906888 7.2465639544334861 7.2238153878201032
leaf_weight=14.999999999999998 19 27 23 19 20 27 72 25 18
leaf_count=15 19 27 23 19 20 27 72 25 18
internal_value=7.23629 7.24754 7.24212 7.22418 7.25752 7.24642 7.22178 7.24272 7.22732
internal_weight=265 137 90 128 47 67 109 52 37
internal_count=265 137 90 128 47 67 109 52 37
is_linear=0
shrinkage=1


Tree=1
num_leaves=11
num_cat=0
split_feature=4 5 5 2 4 4 1 1 8 0
split_gain=355.778 70.9011 45.494 31.7727 23.625 18.8334 16.6976 9.08725 7.74319 6.18023
threshold=0.8650000000000001 39.647500000000008 44.858500000000006 0.22250000000000003 0.80750000000000022 0.9425 0.33250000000000007 0.32750000000000007 0.40450000000000008 0.67250000000000021
decision_type=2 2 2 2 2 2 2 2 2 2
left_child=2 5 3 4 -1 7 -3 -2 -6 -4
right_child=1 6 9 -5 8 -7 -8 -9 -10 -11
leaf_value=0.020327366603181716 -0.0019721611891243911 0.010039810181567162 0.028192500172031894 -0.0024744325473501877 0.010308640973423334 -0.017166273663783895 -0.0041703880698450149 -0.01177639269193665 0.00047495256328294357 0.01562074504552349
leaf_weight=23 18 16.000000000000004 18 18 25 72 14.999999999999998 30 14.999999999999998 14.999999999999998
leaf_count=23 18 16 18 18 25 72 15 30 15 15
internal_value=-0.000201028 -0.0102918 0.013064 0.00873802 0.0120933 -0.0137778 0.00288939 -0.00836423 0.00691931 0.023095
internal_weight=265 151 114 81 63 120 31 48 40 33
internal_count=265 151 114 81 63 120 31 48 40 33
is_linear=0
shrinkage=0.01


Tree=2
num_leaves=11
num_cat=0
split_feature=4 5 5 2 4 10 4 1 10 1
split_gain=348.938 69.5166 44.6053 31.1841 23.1317 20.7915 18.419 16.3811 13.4762 8.89258
threshold=0.8650000000000001 39.647500000000008 44.858500000000006 0.22250000000000003 0.80750000000000022 0.44250000000000006 0.9425 0.33250000000000007 0.43250000000000005 0.32750000000000007
decision_type=2 2 2 2 2 2 2 2 2 2
left_child=2 6 3 4 -1 -4 9 -3 -6 -2
right_child=1 7 5 -5 8 -7 -8 -9 -10 -11
leaf_value=0.020128418074009266 -0.0019529726698591903 0.0099424544789574344 0.032130219513370147 -0.0024503569747950579 0.013205373568107952 0.013959277529974241 -0.016995795282824286 -0.0041300294692477877 0.0010348572273635203 -0.011660559039837757
leaf_weight=23 18 16.000000000000004 14.999999999999998 18 18 18 72 14.999999999999998 22 30
leaf_count=23 18 16 15 18 18 18 72 15 22 30
internal_value=-0.000197372 -0.010191 0.0129392 0.00865362 0.011978 0.0228736 -0.0136429 0.00285826 0.00685392 -0.00828406
internal_weight=265 151 114 81 63 33 120 31 40 48
internal_count=265 151 114 81 63 33 120 31 40 48
is_linear=0
shrinkage=0.01


Tree=3
num_leaves=11
num_cat=0
split_feature=4 9 1 4 2 4 8 1 4 1
split_gain=342.238 64.8088 43.4959 45.4059 28.3995 14.9278 10.5364 6.91789 3.30192 1.28283
threshold=0.8650000000000001 0.53150000000000019 0.34250000000000008 0.82850000000000013 0.18750000000000003 0.9425 0.28200000000000008 0.30750000000000005 0.84150000000000003 0.33250000000000007
decision_type=2 2 2 2 2 2 2 2 2 2
left_child=2 4 3 6 -2 9 -1 -8 -5 -3
right_child=1 5 -4 8 -6 -7 7 -9 -10 -11
leaf_value=0.026289491402512452 0.010237144390876229 -0.0047958586004395514 -0.00048752096983102649 0.0010368856466225079 -0.0069833435481175404 -0.016524490854319406 0.0095520430824586316 0.020485362853945754 0.0084035640869821824 -0.010481585925206162
leaf_weight=26 18 19 19 14.999999999999998 19 76 17 20 17 19
leaf_count=26 18 19 19 15 19 76 17 20 17 19
internal_value=-0.000193643 -0.0100912 0.0128158 0.0155698 0.00115232 -0.0138169 0.020532 0.015923 0.0053272 -0.00799767
internal_weight=265 151 114 95 37 114 63 37 32 38
internal_count=265 151 114 95 37 114 63 37 32 38
is_linear=0
shrinkage=0.01


Tree=4
num_leaves=12
num_cat=0
split_feature=4 5 5 2 4 9 1 8 0 4 5
split_gain=335.656 67.3075 43.341 30.5451 22.2887 17.5845 15.7927 7.48808 5.76179 4.18519 0.114117
threshold=0.8650000000000001 39.647500000000008 44.858500000000006 0.22250000000000003 0.80750000000000022 0.5675 0.33250000000000007 0.40450000000000008 0.67250000000000021 0.9385 35.915500000000009
decision_type=2 2 2 2 2 2 2 2 2 2 2
left_child=2 5 3 4 -1 -2 -3 -6 -4 -7 -11
right_child=1 6 8 -5 7 9 -8 -9 -10 10 -12
leaf_value=0.019763288681811476 -0.0053592653291405371 0.0098007619922811321 0.027445893931781522 -0.0025194462811624681 0.010051857158359068 -0.010078854628620631 -0.0040087937491555372 0.00038166286904484998 0.015196597162754304 -0.018097603706131997 -0.01174608543995888
leaf_weight=23 26 16.000000000000004 18 18 25 23 14.999999999999998 14.999999999999998 14.999999999999998 56 14.999999999999998
leaf_count=23 26 16 18 18 25 23 15 15 15 56 15
internal_value=-0.000190261 -0.00999258 0.0126931 0.00846706 0.0117587 -0.0133896 0.00284369 0.00672193 0.0224865 -0.0154649 -0.0169871
internal_weight=265 151 114 81 63 120 31 40 33 94 71
internal_count=265 151 114 81 63 120 31 40 33 94 71
is_linear=0
shrinkage=0.01


Tree=5
num_leaves=10
num_cat=0
split_feature=4 5 5 10 2 3 4 4 1
split_gain=329.327 65.6663 38.4817 34.2753 32.1476 25.8366 17.2275 11.0085 3.0315
threshold=0.88950000000000007 43.567500000000003 40.624500000000005 0.44750000000000006 0.18750000000000003 60.454000000000008 0.82850000000000013 0.9425 0.33250000000000007
decision_type=2 2 2 2 2 2 2 2 2
left_child=1 4 7 -3 6 -6 -1 8 -2
right_child=2 3 -4 -5 5 -7 -8 -9 -10
leaf_value=0.020353327601244958 -0.0048185348501190162 0.027619685438546267 0.00089454767604668932 0.0091086944992222439 -0.007005587302002252 0.0068387456473551298 0.005566700589409921 -0.016501146879689448 -0.012159429135405131
leaf_weight=15.999999999999998 19 27 19 20 25 28 21 72 18
leaf_count=16 19 27 19 20 25 28 21 72 18
internal_value=-0.000187401 0.0105312 -0.0117339 0.020132 0.00532349 0.000117043 0.0124137 -0.0140205 -0.00877096
internal_weight=265 137 128 47 90 53 37 109 37
internal_count=265 137 128 47 90 53 37 109 37
is_linear=0
shrinkage=0.01


Tree=6
num_leaves=12
num_cat=0
split_feature=4 5 1 4 9 1 5 6 4 4 5
split_gain=323.209 64.7414 41.8164 43.5068 16.8999 15.3565 14.9937 5.59805 3.93404 3.20372 0.130544
threshold=0.8650000000000001 39.647500000000008 0.34250000000000008 0.82850000000000013 0.5675 0.33250000000000007 43.567500000000003 1.1285000000000001 0.9385 0.84150000000000003 35.915500000000009
decision_type=2 2 2 2 2 2 2 2 2 2 2
left_child=2 4 3 6 -2 -3 7 -1 -6 -5 -10
right_child=1 5 -4 9 8 -7 -8 -9 10 -11 -12
leaf_value=0.019479332566261293 -0.0052508779713567703 0.0096447518016352773 -0.00057740886910603601 0.00090529985485538356 -0.0098968276123892751 -0.0039706389678101387 0.025697971128049446 0.0089356907155062702 -0.017756745989343761 0.0081488491467067176 -0.01147272519526943
leaf_weight=14.999999999999998 26 16.000000000000004 19 14.999999999999998 23 14.999999999999998 30 18 56 17 14.999999999999998
leaf_count=15 26 16 19 15 23 15 30 18 56 17 15
internal_value=-0.000183834 -0.00980339 0.0124577 0.0151588 -0.0131353 0.00278075 0.0200162 0.014246 -0.015171 0.00512729 -0.0166585
internal_weight=265 151 114 95 120 31 63 33 94 32 71
internal_count=265 151 114 95 120 31 63 33 94 32 71
is_linear=0
shrinkage=0.01


Tree=7
num_leaves=12
num_cat=0
split_feature=4 5 1 4 9 1 5 6 4 5 5
split_gain=317.025 63.489 41.048 42.6273 16.5494 15.0656 14.6425 5.46382 3.82779 3.19465 0.0909969
threshold=0.8650000000000001 39.647500000000008 0.34250000000000008 0.82850000000000013 0.5675 0.33250000000000007 43.567500000000003 1.1285000000000001 0.9385 39.647500000000008 35.915500000000009
decision_type=2 2 2 2 2 2 2 2 2 2 2
left_child=2 4 3 6 -2 -3 7 -1 -6 -5 -10
right_child=1 5 -4 9 8 -7 -8 -9 10 -11 -12
leaf_value=0.019290822917415251 -0.0051993600686766062 0.0095512269538911895 -0.00057178288411635625 0.00086840917867037559 -0.0097999649962529217 -0.0039322134900477623 0.025445203781127929 0.0088487489964510953 -0.017580749524378145 0.0080946038620812559 -0.011361699027399863
leaf_weight=14.999999999999998 26 16.000000000000004 19 14.999999999999998 23 14.999999999999998 30 18 56 17 14.999999999999998
leaf_count=15 26 16 19 15 23 15 30 18 56 17 15
internal_value=-0.000181169 -0.00970861 0.0123385 0.0150147 -0.0130083 0.00275066 0.0198234 0.0141107 -0.0150235 0.00508049 -0.0164954
internal_weight=265 151 114 95 120 31 63 33 94 32 71
internal_count=265 151 114 95 120 31 63 33 94 32 71
is_linear=0
shrinkage=0.01


Tree=8
num_leaves=11
num_cat=0
split_feature=4 9 1 4 2 8 4 1 7 1
split_gain=310.96 59.3746 40.4302 40.8795 26.7585 16.1813 13.3523 7.33591 4.10384 1.22316
threshold=0.8650000000000001 0.53150000000000019 0.33750000000000008 0.82850000000000013 0.18750000000000003 0.28200000000000008 0.9425 0.30750000000000005 0.11550000000000002 0.33250000000000007
decision_type=2 2 2 2 2 2 2 2 2 2
left_child=2 4 3 5 -2 -1 9 -7 -5 -3
right_child=1 6 -4 8 -6 7 -8 -9 -10 -11
leaf_value=0.027845914814207288 0.0099608877633471753 -0.0045183768753822035 0.0005450540087094494 0.0011765413703114696 -0.0067510829216394673 0.008853081694671085 -0.015751279370457519 0.019993972159349001 0.0093277762734120893 -0.010060877179106077
leaf_weight=22 18 19 25 16.000000000000004 19 17 76 19 14.999999999999998 19
leaf_count=22 18 19 25 16 19 17 76 19 15 19
internal_value=-0.000178536 -0.00961477 0.0122204 0.0153669 0.00113681 0.0203649 -0.0131814 0.0152003 0.0055236 -0.00764404
internal_weight=265 151 114 89 37 58 114 36 31 38
internal_count=265 151 114 89 37 58 114 36 31 38
is_linear=0
shrinkage=0.01


Tree=9
num_leaves=11
num_cat=0
split_feature=9 1 4 1 10 2 7 9 3 8
split_gain=366.793 73.9821 45.6268 31.4814 25.5356 13.5426 9.80534 5.97144 2.19599 0.55202
threshold=0.53150000000000019 0.32750000000000007 0.83350000000000002 0.32250000000000006 0.43250000000000005 0.23750000000000002 0.081500000000000017 0.8005000000000001 66.853000000000023 0.21300000000000002
decision_type=2 2 2 2 2 2 2 2 2 2
left_child=1 2 4 -2 8 -3 -4 9 -1 -5
right_child=3 5 6 7 -6 -7 -8 -9 -10 -11
leaf_value=0.031769523280007497 -0.0018042967890231115 0.0043081564610859139 0 -0.013134293572322741 0.012259496264862564 -0.0072296146461457919 0.010608055228606248 -0.016680551079108562 0.020880723320520839 -0.0075786493611004618
leaf_weight=17 26 26 14.999999999999998 18 26 15.999999999999998 19 69 19 22
leaf_count=17 26 26 15 18 26 16 19 69 19 22
internal_value=-0.00045003 0.0109569 0.0157788 -0.0121817 0.0209283 0 0.00593153 -0.0145461 0.0266614 -0.0104569
internal_weight=273 138 96 135 62 42 34 109 36 40
internal_count=273 138 96 135 62 42 34 109 36 40
is_linear=0
shrinkage=0.01


Tree=10
num_leaves=11
num_cat=0
split_feature=9 5 1 10 1 4 5 8 8 4
split_gain=359.755 82.6192 48.3288 42.868 30.847 26.4459 9.81992 2.0269 0.978494 0.671318
threshold=0.53150000000000019 44.151000000000003 0.32750000000000007 0.44250000000000006 0.32250000000000006 0.81050000000000011 35.010500000000008 0.35650000000000004 0.18550000000000003 0.95650000000000002
decision_type=2 2 2 2 2 2 2 2 2 2
left_child=1 2 5 -3 -2 -1 8 -7 -6 -8
right_child=4 3 -4 -5 6 7 9 -9 -10 -11
leaf_value=0.018285373145220232 -0.0017865941181497754 0.03071694212801316 -0.0055422335261838471 0.010379831779748201 -0.019964868537450241 0.0016211021119772002 -0.0067045748722222125 0.007096129571767272 -0.01423511471993783 -0.012269837314432317
leaf_weight=24 26 25 28 22 29 21 22 18 42 15.999999999999998
leaf_count=24 26 25 28 22 29 21 22 18 42 16
internal_value=-0.000444635 0.010852 0.00509475 0.0216174 -0.0120635 0.0099862 -0.0144042 0.00445904 -0.0168385 -0.0094365
internal_weight=273 138 91 47 135 63 109 39 71 38
internal_count=273 138 91 47 135 63 109 39 71 38
is_linear=0
shrinkage=0.01


Tree=11
num_leaves=13
num_cat=0
split_feature=9 6 5 1 5 7 1 5 4 6 8 4
split_gain=352.889 90.5448 50.5773 30.2337 28.1582 25.5427 14.8502 9.58987 7.37491 2.41395 0.928188 0.640895
threshold=0.53150000000000019 1.1955000000000002 39.69400000000001 0.32250000000000006 44.512000000000008 0.11300000000000002 0.32250000000000006 35.010500000000008 0.82150000000000001 1.0835000000000001 0.18550000000000003 0.95650000000000002
decision_type=2 2 2 2 2 2 2 2 2 2 2 2
left_child=1 4 6 -2 9 8 -3 10 -4 -1 -5 -9
right_child=3 2 5 7 -6 -7 -8 11 -10 -11 -12 -13
leaf_value=0.018912320752297675 -0.0017690653508564212 0.0012565455174981019 0.0090636023154129861 -0.019768604504860055 0.03211219425136979 0.019732215800663321 -0.01108815518447331 -0.0066390190124511715 0 0.0099704297925486702 -0.014094438323203257 -0.012150856978965528
leaf_weight=15.000000000000002 26 19 18 29 18 20 17 22 14.999999999999998 15.999999999999998 42 15.999999999999998
leaf_count=15 26 19 18 29 18 20 17 22 15 16 42 16
internal_value=-0.00044005 0.0107479 0.00454584 -0.0119479 0.0216511 0.0107737 -0.00437096 -0.0142653 0.0048323 0.0148461 -0.016674 -0.0093472
internal_weight=273 138 89 135 49 53 36 109 33 31 71 38
internal_count=273 138 89 135 49 53 36 109 33 31 71 38
is_linear=0
shrinkage=0.01


Tree=12
num_leaves=11
num_cat=0
split_feature=9 5 1 1 4 0 5 8 8 4
split_gain=346.185 79.5573 46.8252 29.6324 25.583 17.9644 9.36473 1.964 0.879152 0.61122
threshold=0.53150000000000019 44.151000000000003 0.32750000000000007 0.32250000000000006 0.81050000000000011 0.6625000000000002 35.010500000000008 0.35650000000000004 0.18550000000000003 0.95650000000000002
decision_type=2 2 2 2 2 2 2 2 2 2
left_child=1 2 4 -2 -1 -3 8 -6 -5 -8
right_child=3 5 -4 6 7 -7 9 -9 -10 -11
leaf_value=0.017973876996916167 -0.0017517084782978274 0.02719948499170264 -0.005473325412001526 -0.019574268470376223 0.0015676757450713669 0.012871474692987842 -0.0065741041633817889 0.006964262156067668 -0.013955152236363467 -0.012033030553297564
leaf_weight=24 26 26 28 29 21 21 22 18 42 15.999999999999998
leaf_count=24 26 26 28 29 21 21 22 18 42 16
internal_value=-0.000435029 0.0106458 0.0049936 -0.0118333 0.00980951 0.021211 -0.0141278 0.0043682 -0.016511 -0.00925876
internal_weight=273 138 91 135 63 47 109 39 71 38
internal_count=273 138 91 135 63 47 109 39 71 38
is_linear=0
shrinkage=0.01


Tree=13
num_leaves=12
num_cat=0
split_feature=9 5 1 10 1 3 5 5 10 8 5
split_gain=339.581 77.9929 45.9407 41.4838 29.043 23.7291 9.14441 6.82403 4.09315 0.831366 0.00888419
threshold=0.53150000000000019 44.151000000000003 0.32750000000000007 0.44250000000000006 0.32250000000000006 70.381500000000003 35.010500000000008 37.721500000000006 0.43250000000000005 0.18550000000000003 40.188500000000005
decision_type=2 2 2 2 2 2 2 2 2 2 2
left_child=1 2 5 -3 -2 7 9 -1 -9 -6 -8
right_child=4 3 -4 -5 6 -7 10 8 -10 -11 -12
leaf_value=0 -0.0017345218613462629 0.029952189034106683 -0.0054195523340451095 0.0099541055858135222 -0.019381843987157789 0.020321725037964908 -0.010730101415451537 0.012411028185198385 0.003841931028025491 -0.0138172426451655 -0.0058666694476719825
leaf_weight=14.999999999999998 26 25 28 22 29 15.999999999999998 23 14.999999999999998 17 42 14.999999999999998
leaf_count=15 26 25 28 22 29 16 23 15 17 42 15
internal_value=-0.000430547 0.0105437 0.0049459 0.0210052 -0.0117199 0.00971665 -0.0139917 0.00571998 0.00829553 -0.0163496 -0.00917119
internal_weight=273 138 91 47 135 63 109 47 32 71 38
internal_count=273 138 91 47 135 63 109 47 32 71 38
is_linear=0
shrinkage=0.01


Tree=14
num_leaves=11
num_cat=0
split_feature=9 1 4 1 10 2 7 9 3 8
split_gain=333.118 68.0191 42.3319 28.4648 23.9834 12.9741 9.11976 5.54276 1.98149 0.554609
threshold=0.53150000000000019 0.32750000000000007 0.83350000000000002 0.32250000000000006 0.43250000000000005 0.23750000000000002 0.081500000000000017 0.8005000000000001 66.853000000000023 0.27750000000000008
decision_type=2 2 2 2 2 2 2 2 2 2
left_child=1 2 4 -2 8 -3 -4 9 -1 -5
right_child=3 5 6 7 -6 -7 -8 -9 -10 -11
leaf_value=0.030517348187310358 -0.0017175037807451105 0.0041557894928275409 0 -0.011638727632223391 0.011620386507151262 -0.0071339614282954827 0.010084747664439373 -0.015916300116361474 0.019985528190930683 -0.0060868154538254587
leaf_weight=17 26 26 14.999999999999998 25 26 15.999999999999998 19 69 19 14.999999999999998
leaf_count=17 26 26 15 25 26 16 19 69 19 15
internal_value=-0.000425807 0.0104431 0.0150669 -0.0116076 0.0200274 0 0.00557223 -0.0138568 0.0255828 -0.00990452
internal_weight=273 138 96 135 62 42 34 109 36 40
internal_count=273 138 96 135 62 42 34 109 36 40
is_linear=0
shrinkage=0.01


Tree=15
num_leaves=13
num_cat=0
split_feature=9 6 5 1 5 10 1 9 5 6 8 4
split_gain=326.725 86.2708 47.4307 27.8901 26.3199 23.3016 14.0855 9.5541 8.89974 2.17211 0.804484 0.591172
threshold=0.53150000000000019 1.1955000000000002 39.69400000000001 0.32250000000000006 44.512000000000008 0.43250000000000005 0.32250000000000006 0.42300000000000004 35.010500000000008 1.0835000000000001 0.18550000000000003 0.95650000000000002
decision_type=2 2 2 2 2 2 2 2 2 2 2 2
left_child=1 4 6 -2 9 -4 -3 -7 10 -1 -5 -10
right_child=3 2 5 8 -6 7 -8 -9 11 -11 -12 -13
leaf_value=0.018310691502786448 -0.0017006528461879155 0.0011249776824544637 0.018549140151156936 -0.019040645219511904 0.03111707460235905 -0.00082198137477520973 -0.010881222571645463 0.0094957951945917954 -0.0063256841798623401 0.0096527518286849516 -0.013546340436619871 -0.011682709888978437
leaf_weight=15.000000000000002 26 19 21 29 18 14.999999999999998 17 17 22 15.999999999999998 42 15.999999999999998
leaf_count=15 26 19 21 29 18 15 17 17 22 16 42 16
internal_value=-0.000420726 0.010343 0.0042878 -0.011495 0.0209849 0.0103223 -0.00434204 0.00441341 -0.0137216 0.0143837 -0.0160478 -0.00896344
internal_weight=273 138 89 135 49 53 36 32 109 31 71 38
internal_count=273 138 89 135 49 53 36 32 109 31 71 38
is_linear=0
shrinkage=0.01


Tree=16
num_leaves=13
num_cat=0
split_feature=9 6 5 1 5 7 1 5 4 6 8 4
split_gain=320.515 84.6274 46.5028 27.3351 25.7544 24.4899 13.8215 8.68966 6.91219 2.10299 0.758981 0.563146
threshold=0.53150000000000019 1.1955000000000002 39.69400000000001 0.32250000000000006 44.512000000000008 0.11300000000000002 0.32250000000000006 35.010500000000008 0.82150000000000001 1.0835000000000001 0.18550000000000003 0.95650000000000002
decision_type=2 2 2 2 2 2 2 2 2 2 2 2
left_child=1 4 6 -2 9 8 -3 10 -4 -1 -5 -9
right_child=3 2 5 7 -6 -7 -8 11 -10 -11 -12 -13
leaf_value=0.01813349131614931 -0.0016839672625064851 0.0011140162965808159 0.0085183109383325326 -0.018853465702574134 0.030814313520048119 0.01898338861945199 -0.010775519217763627 -0.0062638329466183987 0 0.0095591494531342483 -0.013412470772862435 -0.011569422880808514
leaf_weight=15.000000000000002 26 19 18 29 18 20 17 22 14.999999999999998 15.999999999999998 42 15.999999999999998
leaf_count=15 26 19 18 29 18 20 17 22 15 16 42 16
internal_value=-0.000416075 0.0102445 0.0042459 -0.011385 0.020785 0.0102216 -0.00429721 -0.0135894 0.00440885 0.0142475 -0.015891 -0.00887875
internal_weight=273 138 89 135 49 53 36 109 33 31 71 38
internal_count=273 138 89 135 49 53 36 109 33 31 71 38
is_linear=0
shrinkage=0.01


Tree=17
num_leaves=11
num_cat=0
split_feature=4 5 1 6 5 10 1 7 8 5
split_gain=300.781 77.4265 46.7045 39.6368 36.7771 30.5667 12.105 5.46865 5.09204 1.65221
threshold=0.88350000000000006 43.011000000000003 0.32250000000000006 1.1250000000000002 40.263000000000005 0.44250000000000006 0.31750000000000006 0.080500000000000016 0.23650000000000002 33.81600000000001
decision_type=2 2 2 2 2 2 2 2 2 2
left_child=1 2 3 -1 6 -3 -2 -5 -4 -8
right_child=4 5 8 7 -6 -7 9 -9 -10 -11
leaf_value=0.023804030168441032 -0.0036734567246129437 0.02816030661557235 -0.0089625063634687849 0.00086537404023871126 0.00052342136121458476 0.010862099732807343 -0.016112917007356883 0.009073533410987546 -0.00056905205815266347 -0.011284454242362605
leaf_weight=14.999999999999998 14.999999999999998 25 14.999999999999998 24 22 23 62 14.999999999999998 19 38
leaf_count=15 15 25 15 24 22 23 62 15 19 38
internal_value=-0.000411461 0.0100669 0.0043027 0.0101065 -0.0108849 0.0202752 -0.0131467 0.00435042 -0.00463813 -0.0144429
internal_weight=273 136 88 54 137 48 115 39 34 100
internal_count=273 136 88 54 137 48 115 39 34 100
is_linear=0
shrinkage=0.01


Tree=18
num_leaves=11
num_cat=0
split_feature=4 5 1 1 6 1 1 4 5 5
split_gain=311.248 60.9078 54.7212 34.7408 29.073 18.4844 16.1399 8.7876 4.52199 0.563632
threshold=0.88350000000000006 37.721500000000006 0.33250000000000007 0.31750000000000006 1.1045000000000003 0.30250000000000005 0.31750000000000006 0.9840000000000001 43.730500000000013 39.074000000000005
decision_type=2 2 2 2 2 2 2 2 2 2
left_child=1 6 4 -2 -3 -6 -1 9 -7 -5
right_child=3 2 -4 7 5 8 -8 -9 -10 -11
leaf_value=0.0057329410896068671 0.00064385682841142013 0.031794759595032897 0.0010943852650358323 -0.010676749545903433 0.007719946929386684 0.013697447084611463 -0.0075487276460185198 -0.016179286241531372 0.024884024178357542 -0.0058278435321919841
leaf_weight=20 22 15.999999999999998 23 52 24 14.999999999999998 15.999999999999998 50 18 15.999999999999998
leaf_count=20 22 16 23 52 24 15 16 50 18 16
internal_value=-5.19248e-05 0.0109065 0.015048 -0.0104573 0.019271 0.0153357 0 -0.0126054 0.0203781 -0.00973268
internal_weight=272 132 96 140 73 57 36 118 33 68
internal_count=272 132 96 140 73 57 36 118 33 68
is_linear=0
shrinkage=0.01


Tree=19
num_leaves=12
num_cat=0
split_feature=9 1 5 1 3 4 5 1 5 4 4
split_gain=308.255 75.4711 35.1406 35.2182 34.9766 26.2494 24.888 9.28244 6.01164 2.97576 1.5499
threshold=0.53850000000000009 0.32750000000000007 37.721500000000006 0.30250000000000005 60.454000000000008 0.9385 41.357000000000006 0.32750000000000007 34.743000000000009 0.82950000000000002 0.90950000000000009
decision_type=2 2 2 2 2 2 2 2 2 2 2
left_child=1 2 -1 4 -4 7 -3 -2 -7 -5 -9
right_child=5 6 3 9 -6 8 -8 10 -10 -11 -12
leaf_value=0.0031307525678378779 0.00070531877449580606 -0.0092382938958503105 -0.00037557366394227548 0.028499745063061983 0.019798030310443467 -0.015957865576411403 0.005978852633167716 -0.010203645748969837 -0.0078463493325771436 0.017878619451676646 -0.0041831934036953115
leaf_weight=20 17 18 14.999999999999998 26 17 64 25 19 19 14.999999999999998 17
leaf_count=20 17 18 15 26 17 64 25 19 19 15 17
internal_value=-4.91058e-05 0.0105402 0.0155849 0.0188164 0.0101737 -0.0107115 -0.0001942 -0.00485671 -0.0142789 0.0251172 -0.00773088
internal_weight=272 136 93 73 32 136 43 53 83 41 36
internal_count=272 136 93 73 32 136 43 53 83 41 36
is_linear=0
shrinkage=0.01


Tree=20
num_leaves=12
num_cat=0
split_feature=9 1 5 1 3 5 5 7 7 9 1
split_gain=302.313 74.0267 34.434 34.522 34.32 24.4051 22.0872 5.94864 7.49666 3.7681 1.4001
threshold=0.53850000000000009 0.32750000000000007 37.721500000000006 0.30250000000000005 60.454000000000008 41.357000000000006 35.250000000000007 0.13150000000000003 0.22750000000000004 0.84600000000000009 0.33250000000000007
decision_type=2 2 2 2 2 2 2 2 2 2 2
left_child=1 2 -1 4 -4 -3 9 -8 -9 -2 -11
right_child=6 5 3 -5 -6 -7 7 8 -10 10 -12
leaf_value=0.0031002087491314584 -0.0097087220257291423 -0.0091484077153979135 -0.00037193895347656744 0.024873978416603732 0.01960570698976517 0.0059202364817553879 0 -0.012508379720872449 -0.0020910836816639515 -0.011196115489413098 -0.017832513594291579
leaf_weight=20 32 18 14.999999999999998 41 17 25 15.999999999999998 14.999999999999998 18 20 35
leaf_count=20 32 18 15 41 17 25 16 15 18 20 35
internal_value=-4.77305e-05 0.0104387 0.0154349 0.0186341 0.0100718 -0.000190334 -0.0106072 -0.004844 -0.00724074 -0.0136927 -0.0157221
internal_weight=272 136 93 73 32 43 136 49 33 87 55
internal_count=272 136 93 73 32 43 136 49 33 87 55
is_linear=0
shrinkage=0.01


Tree=21
num_leaves=13
num_cat=0
split_feature=9 1 6 4 1 3 3 2 1 10 4 4
split_gain=296.497 72.5899 29.8753 25.4048 20.5829 18.6466 17.167 10.7681 9.04718 2.03921 1.52115 0.599408
threshold=0.53850000000000009 0.32750000000000007 1.1045000000000003 0.9385 0.30250000000000005 61.06900000000001 60.454000000000008 0.22250000000000003 0.32750000000000007 0.46750000000000008 0.90950000000000009 1.0015000000000003
decision_type=2 2 2 2 2 2 2 2 2 2 2 2
left_child=1 2 -1 8 6 -6 -4 -3 -2 11 -10 -5
right_child=3 7 4 9 5 -7 -8 -9 10 -11 -12 -13
leaf_value=0.025828029115994772 0.00074412638800484799 0.0032265211667930871 -0.00062438717162286914 -0.0091189860566607064 0.024182756313910852 0.0082368834146431518 0.012787140731300627 -0.0071012071520090104 -0.010027187625185037 -0.018153976572884454 -0.0040695015553917201 -0.014090264590693192
leaf_weight=22 17 28 18 26 19 17 17 14.999999999999998 19 22 17 35
leaf_count=22 17 28 18 26 19 17 17 15 19 22 17 35
internal_value=-4.80566e-05 0.0103366 0.0152841 -0.0105058 0.0117193 0.0171427 0.00569645 -0.000186502 -0.00474251 -0.0140158 -0.00758209 -0.0122253
internal_weight=272 136 93 136 71 36 35 43 53 83 36 61
internal_count=272 136 93 136 71 36 35 43 53 83 36 61
is_linear=0
shrinkage=0.01


Tree=22
num_leaves=13
num_cat=0
split_feature=9 5 4 4 3 5 0 4 2 5 7 4
split_gain=290.825 56.8739 24.8991 22.0679 40.8763 18.9802 9.25434 7.05759 6.76555 5.72143 4.38528 1.13949
threshold=0.53850000000000009 37.721500000000006 0.9385 0.8155 59.25950000000001 43.938500000000012 0.60750000000000004 0.87200000000000011 0.18750000000000003 34.743000000000009 0.048000000000000008 0.90950000000000009
decision_type=2 2 2 2 2 2 2 2 2 2 2 2
left_child=1 6 7 4 -3 8 -1 -2 -5 -4 -6 -9
right_child=2 3 9 5 10 -7 -8 11 -10 -11 -12 -13
leaf_value=0.0044566018639072297 0.00027753426270051435 0.0049837922879627777 -0.015520827168411062 0.0078155430838946355 0.029916666444088962 0.016002488233322322 -0.0059032153599971049 -0.0096494750870125632 -0.0011098908945437402 -0.0075862683546848789 0.018219446335520063 -0.0042423046262162487
leaf_weight=14.999999999999998 15.999999999999998 17 64 15.000000000000002 18 21 18 17 14.999999999999998 19 17 20
leaf_count=15 16 17 64 15 18 21 18 17 15 19 17 20
internal_value=-4.73592e-05 0.0102372 -0.010405 0.0138889 0.0186574 0.00869886 -0.000899467 -0.00469633 0.00307992 -0.0138805 0.0248535 -0.00708888
internal_weight=272 136 136 103 52 51 33 53 30 83 35 37
internal_count=272 136 136 103 52 51 33 53 30 83 35 37
is_linear=0
shrinkage=0.01


Tree=23
num_leaves=13
num_cat=0
split_feature=9 5 10 2 4 9 4 3 4 5 4 10
split_gain=285.253 55.7911 30.013 27.4251 24.3901 23.9049 23.4667 9.07725 6.93461 5.57788 1.10402 0.073795
threshold=0.53850000000000009 37.721500000000006 0.43250000000000005 0.20750000000000002 0.9385 0.39700000000000008 0.82350000000000001 63.159500000000001 0.87200000000000011 34.743000000000009 0.90950000000000009 0.44250000000000006
decision_type=2 2 2 2 2 2 2 2 2 2 2 2
left_child=1 7 6 5 8 -4 -3 -1 -2 11 -10 -6
right_child=4 2 3 -5 9 -7 -8 -9 10 -11 -12 -13
leaf_value=-0.0058457786126716715 0.00027484301364783084 0.027910826961199443 0.0025741088345195306 -0.00092463845940860543 -0.012448588832030221 0.018752334091747015 0.011077337410205451 0.0044134736830188379 -0.0095557373038360049 -0.0075123508159930883 -0.0042009162984606701 -0.017582969525411947
leaf_weight=18 15.999999999999998 22 15.999999999999998 18 31 28 19 14.999999999999998 17 19 20 33
leaf_count=18 16 22 16 18 31 28 19 15 17 19 20 33
internal_value=-4.54606e-05 0.0101397 0.0137566 0.00895694 -0.0103037 0.0131891 0.0205784 -0.000887703 -0.00465064 -0.0137443 -0.00702251 -0.0153668
internal_weight=272 136 103 62 136 44 41 33 53 83 37 64
internal_count=272 136 103 62 136 44 41 33 53 83 37 64
is_linear=0
shrinkage=0.01


Tree=24
num_leaves=11
num_cat=0
split_feature=4 1 4 1 0 6 4 8 10 8
split_gain=280.163 55.0852 37.5474 31.458 25.416 8.05167 7.45177 6.77884 3.19274 1.26713
threshold=0.88350000000000006 0.33250000000000007 0.82850000000000013 0.31750000000000006 0.65250000000000019 1.4130000000000003 0.9840000000000001 0.24650000000000002 0.42750000000000005 0.23350000000000004
decision_type=2 2 2 2 2 2 2 2 2 2
left_child=1 2 4 -2 8 -4 9 -3 -1 -5
right_child=3 7 5 6 -6 -7 -8 -9 -10 -11
leaf_value=0.02730113038357268 0.00062474062376552159 -0.00527182515178408 0.010239934114421286 -0.011455716142287622 0.0078043539781828186 0.00056716924294447288 -0.015295018111125078 0.0036885381538060403 0.017537870439814359 -0.0069302536165724475
leaf_weight=23 22 17 20 32 18 19 50 14.999999999999998 20 36
leaf_count=23 22 17 20 32 18 19 50 15 20 36
internal_value=-4.48788e-05 0.01035 0.0139946 -0.00991891 0.018951 0.00584756 -0.0119634 -0.000771834 0.0232437 -0.00927394
internal_weight=272 132 100 140 61 39 118 32 43 68
internal_count=272 132 100 140 61 39 118 32 43 68
is_linear=0
shrinkage=0.01


Tree=25
num_leaves=13
num_cat=0
split_feature=9 1 5 1 3 4 5 1 5 4 4 1
split_gain=274.981 68.5384 32.3898 33.027 32.2347 23.4504 23.0452 8.58907 5.46476 2.58897 1.50165 0.0319149
threshold=0.53850000000000009 0.32750000000000007 37.721500000000006 0.30250000000000005 60.454000000000008 0.9385 41.357000000000006 0.32750000000000007 34.743000000000009 0.82950000000000002 0.90950000000000009 0.34250000000000008
decision_type=2 2 2 2 2 2 2 2 2 2 2 2
left_child=1 2 -1 4 -4 7 -3 -2 11 -5 -9 -7
right_child=5 6 3 9 -6 8 -8 10 -10 -11 -12 -13
leaf_value=0.0027971245602863592 0.00076905849150248941 -0.0089694106498280097 -0.00060511413120454356 0.027198741908343333 0.018745345362595148 -0.012376415078986939 0.0056678591734346216 -0.0097462733433796821 -0.0073245883370057132 0.017017062880819844 -0.0038676970915070604 -0.017427873724982852
leaf_weight=20 17 18 14.999999999999998 26 17 33 25 19 19 14.999999999999998 17 31
leaf_count=20 17 18 15 26 17 33 25 19 19 15 17 31
internal_value=-4.24335e-05 0.00995702 0.0147651 0.0178666 0.00949736 -0.010115 -0.000262154 -0.00456595 -0.01349 0.0239646 -0.00733526 -0.0150944
internal_weight=272 136 93 73 32 136 43 53 83 41 36 64
internal_count=272 136 93 73 32 136 43 53 83 41 36 64
is_linear=0
shrinkage=0.01


Tree=26
num_leaves=12
num_cat=0
split_feature=4 5 10 5 2 4 4 10 5 5 10
split_gain=270.117 53.6885 44.7499 26.7841 24.9511 11.6752 9.86401 6.75615 6.14394 0.719597 0.443652
threshold=0.88350000000000006 37.721500000000006 0.43250000000000005 39.003000000000007 0.20750000000000002 0.8155 0.93150000000000011 0.43250000000000005 43.938500000000012 32.358000000000011 0.44750000000000006
decision_type=2 2 2 2 2 2 2 2 2 2 2
left_child=1 7 8 6 5 -4 10 -1 -3 -8 -2
right_child=3 2 4 -5 -6 -7 9 -9 -10 -11 -12
leaf_value=0.0047710841125057591 -0.0036778859207124421 0.017202360952222669 0.018992506307669174 0 -0.00069048897237391094 0.0074512803547506067 -0.015909069165771391 -0.0038746930901394335 0.029861403742144185 -0.011282176222786846 -0.0083144591557673918
leaf_weight=14.999999999999998 15.999999999999998 18 19 24 18 26 40 21 14.999999999999998 41 19
leaf_count=15 16 18 19 24 18 26 40 21 15 41 19
internal_value=-4.17912e-05 0.0101644 0.0140532 -0.00973785 0.00874077 0.0126992 -0.0117197 0 0.0236148 -0.0137733 -0.00655823
internal_weight=272 132 96 140 63 45 116 36 33 81 35
internal_count=272 132 96 140 63 45 116 36 33 81 35
is_linear=0
shrinkage=0.01


Tree=27
num_leaves=12
num_cat=0
split_feature=4 5 4 2 10 5 10 5 1 8 10
split_gain=295.93 61.8739 32.4721 61.4452 20.0929 16.068 11.4715 5.09383 2.03696 0.999594 0.518686
threshold=0.88350000000000006 43.730500000000013 0.80750000000000022 0.21750000000000003 0.43250000000000005 39.426000000000009 0.43750000000000006 33.64950000000001 0.33750000000000008 0.28700000000000003 0.43750000000000006
decision_type=2 2 2 2 2 2 2 2 2 2 2
left_child=1 2 3 -1 -3 7 -4 10 -9 -8 -2
right_child=5 4 6 -5 -6 -7 9 8 -10 -11 -12
leaf_value=0.023394891169336109 -0.011432644390330022 0.029531960053877399 0.005341184452960366 -0.0012361858742577689 0.013758834234455175 -0.0013874399747167314 -0.0053661344032133766 -0.0054258567935381186 -0.011519390402133005 -0.00077304457624753316 -0.017134477407185
leaf_weight=22 24 15.999999999999998 28 17 28 17 15.000000000000002 19 28 15.999999999999998 33
leaf_count=22 24 16 28 17 28 17 15 19 28 16 33
internal_value=0.000295854 0.0101084 0.00549285 0.0125254 0.0199866 -0.0111316 0.000609974 -0.0126145 -0.00934962 -0.00336287 -0.0150279
internal_weight=263 142 98 39 44 121 59 104 47 31 57
internal_count=263 142 98 39 44 121 59 104 47 31 57
is_linear=0
shrinkage=0.01


Tree=28
num_leaves=12
num_cat=0
split_feature=4 5 7 4 2 10 5 10 5 1 10
split_gain=290.248 60.693 34.8655 28.8773 38.5593 19.6729 15.7403 8.02578 4.96714 1.97827 0.478107
threshold=0.88350000000000006 43.730500000000013 0.16950000000000004 0.80750000000000022 0.20750000000000002 0.43250000000000005 39.426000000000009 0.43750000000000006 33.64950000000001 0.33750000000000008 0.43750000000000006
decision_type=2 2 2 2 2 2 2 2 2 2 2
left_child=1 2 3 4 -1 -3 8 -5 10 -10 -2
right_child=6 5 -4 7 -6 -7 -8 -9 9 -11 -12
leaf_value=0.024457312730642469 -0.011320651106688442 0.029245589429681952 -0.0080754765868186959 0.0067850756835430223 0.0029851514574672495 0.01362365961205541 -0.0013739619382790158 -0.0011385940228189741 -0.0053729894986519443 -0.011406217523311312 -0.016965689845939182
leaf_weight=19 24 15.999999999999998 14.999999999999998 23 17 28 17 24 19 28 33
leaf_count=19 24 16 15 23 17 28 17 24 19 28 33
internal_value=0.000291335 0.0100096 0.00543697 0.00803247 0.0147714 0.0197939 -0.0110255 0.00255903 -0.0124934 -0.00926001 -0.0148819
internal_weight=263 142 98 83 36 44 121 47 104 47 57
internal_count=263 142 98 83 36 44 121 47 104 47 57
is_linear=0
shrinkage=0.01


Tree=29
num_leaves=12
num_cat=0
split_feature=4 5 7 4 2 5 6 2 5 1 3
split_gain=284.718 59.515 34.2069 28.3261 37.7827 15.4192 11.0605 7.06672 4.84319 1.92092 1.74724
threshold=0.88350000000000006 43.730500000000013 0.16950000000000004 0.80750000000000022 0.20750000000000002 39.426000000000009 1.1955000000000002 0.19750000000000004 33.64950000000001 0.33750000000000008 62.338000000000008
decision_type=2 2 2 2 2 2 2 2 2 2 2
left_child=1 2 3 4 -1 8 -3 10 -2 -10 -5
right_child=5 6 -4 7 -6 -7 -8 -9 9 -11 -12
leaf_value=0.024219010869661967 -0.014737233516962631 0.026825867703982761 -0.0079973268220501562 0.0018789289507173718 0.0029561531197811876 -0.0013606149085930417 0.014286542667160658 -0.0024004625145233041 -0.0053206373636539165 -0.011294156378298474 0.0079242819096102864
leaf_weight=19 57 17 14.999999999999998 15.000000000000002 17 17 27 15.999999999999998 19 28 15.999999999999998
leaf_count=19 57 17 15 15 17 17 27 16 19 28 16
internal_value=0.00028769 0.00991329 0.00538387 0.00795533 0.0146302 -0.0109205 0.019603 0.00253192 -0.0123735 -0.00917128 0.00539283
internal_weight=263 142 98 83 36 121 44 47 104 47 31
internal_count=263 142 98 83 36 121 44 47 104 47 31
is_linear=0
shrinkage=0.01


Tree=30
num_leaves=12
num_cat=0
split_feature=4 1 4 2 6 8 2 2 7 9 9
split_gain=279.278 43.513 48.4714 14.9937 17.1987 13.2639 10.9008 7.54811 5.72604 4.49614 0.972346
threshold=0.88350000000000006 0.32750000000000007 0.82850000000000013 0.21750000000000003 1.1285000000000001 0.23950000000000002 0.23750000000000002 0.19750000000000004 0.092500000000000013 0.48150000000000004 1.0015000000000003
decision_type=2 2 2 2 2 2 2 2 2 2 2
left_child=1 2 3 4 -1 10 9 -7 -4 -3 -2
right_child=5 6 8 -5 -6 7 -8 -9 -10 -11 -12
leaf_value=0.031015826906476703 -0.010679790814133252 0.008846787212021423 -0.00014626121328723048 0.0089014900004070613 0.016129264245953477 0 -0.0049242847004244408 -0.0090911062392923566 0.0073813024054213278 0.00060766945282618207 -0.015274806349392395
leaf_weight=17 42 15.999999999999998 14.999999999999998 14.999999999999998 28 15.999999999999998 14.999999999999998 22 20 15.999999999999998 41
leaf_count=17 42 16 15 15 28 16 15 22 20 16 41
internal_value=0.000285097 0.00981864 0.0137119 0.0191807 0.0222519 -0.0108151 0.00167731 -0.00535681 0.00391689 0.00510765 -0.0131473
internal_weight=263 142 95 60 45 121 47 38 35 32 83
internal_count=263 142 95 60 45 121 47 38 35 32 83
is_linear=0
shrinkage=0.01


Tree=31
num_leaves=12
num_cat=0
split_feature=4 5 7 4 2 5 6 2 5 1 0
split_gain=273.927 57.975 33.2411 27.4456 36.5236 15.002 10.7257 6.84212 4.64752 1.80246 1.68486
threshold=0.88350000000000006 43.730500000000013 0.16950000000000004 0.80750000000000022 0.20750000000000002 39.426000000000009 1.1955000000000002 0.19750000000000004 33.64950000000001 0.33750000000000008 0.61250000000000016
decision_type=2 2 2 2 2 2 2 2 2 2 2
left_child=1 2 3 4 -1 8 -3 10 -2 -10 -5
right_child=5 6 -4 7 -6 -7 -8 -9 9 -11 -12
leaf_value=0.023788189337803769 -0.014465320172517195 0.026409767253058297 -0.0079341895349564102 0.0077533355897123147 0.0028726318390773875 -0.0012769859773772104 0.014042207625101912 -0.0024004830555482345 -0.0052181005783570123 -0.011067663459924229 0.0018057332500334708
leaf_weight=19 57 17 14.999999999999998 16.000000000000004 17 17 27 15.999999999999998 19 28 14.999999999999998
leaf_count=19 57 17 15 16 17 17 27 16 19 28 15
internal_value=0.000282804 0.00972494 0.00525352 0.00778984 0.01436 -0.0107102 0.0192884 0.00244865 -0.0121429 -0.00899329 0.00526727
internal_weight=263 142 98 83 36 121 44 47 104 47 31
internal_count=263 142 98 83 36 121 44 47 104 47 31
is_linear=0
shrinkage=0.01


Tree=32
num_leaves=12
num_cat=0
split_feature=4 5 7 4 10 10 5 10 5 1 10
split_gain=268.695 56.839 32.6189 26.9106 19.229 15.8655 14.6911 7.56388 4.523 1.7491 0.577809
threshold=0.88350000000000006 43.730500000000013 0.16950000000000004 0.80750000000000022 0.43250000000000005 0.45250000000000007 39.426000000000009 0.43750000000000006 33.64950000000001 0.33750000000000008 0.43750000000000006
decision_type=2 2 2 2 2 2 2 2 2 2 2
left_child=1 2 3 5 -3 -1 8 -5 10 -10 -2
right_child=6 4 -4 7 -6 -7 -8 -9 9 -11 -12
leaf_value=0.019946813069847087 -0.010799117769513811 0.028422253619540823 -0.0078574069853751902 0.0065328069697035123 0.013020469657423204 0.005179107487201691 -0.0012645809224673679 -0.0011566263589323784 -0.0051672575871149692 -0.010958928478914394 -0.016386038701036082
leaf_weight=21 24 15.999999999999998 14.999999999999998 23 28 14.999999999999998 17 24 19 28 33
leaf_count=21 24 16 15 23 28 15 17 24 19 28 33
internal_value=0.000280247 0.00963212 0.00520331 0.00771636 0.0191023 0.0142228 -0.0106068 0.00242492 -0.0120249 -0.00890718 -0.0143219
internal_weight=263 142 98 83 44 36 121 47 104 47 57
internal_count=263 142 98 83 44 36 121 47 104 47 57
is_linear=0
shrinkage=0.01


Tree=33
num_leaves=13
num_cat=0
split_feature=4 1 4 2 6 8 2 2 7 8 8 4
split_gain=263.579 41.6575 45.965 14.6049 16.7798 12.5961 10.4644 7.32765 5.58912 2.82176 0.871729 3.61249
threshold=0.88350000000000006 0.32750000000000007 0.82850000000000013 0.21750000000000003 1.1285000000000001 0.23950000000000002 0.23750000000000002 0.19750000000000004 0.092500000000000013 0.27150000000000007 0.17650000000000002 0.95650000000000002
decision_type=2 2 2 2 2 2 2 2 2 2 2 2
left_child=1 2 3 4 -1 10 9 -7 -4 -3 -2 -12
right_child=5 6 8 -5 -6 7 -8 -9 -10 -11 11 -13
leaf_value=0.030346808637891499 -0.015267287846924603 0.00091415202425372208 -0.0002095339951976653 0.0085420881452098977 0.015662122682521217 0 -0.0048945952999976377 -0.0088564345737298343 0.0072283512571962869 0.0077881782395499092 -0.0051198303314947315 -0.01278418647206348
leaf_weight=17 34 14.999999999999998 14.999999999999998 14.999999999999998 28 15.999999999999998 14.999999999999998 22 20 17 14.999999999999998 34
leaf_count=17 34 15 15 15 28 16 15 22 20 17 15 34
internal_value=0.000276677 0.00953945 0.0133484 0.0186751 0.021702 -0.0105059 0.00157045 -0.00517751 0.00380094 0.00493731 -0.01278 -0.0107154
internal_weight=263 142 95 60 45 121 47 38 35 32 83 49
internal_count=263 142 95 60 45 121 47 38 35 32 83 49
is_linear=0
shrinkage=0.01


Tree=34
num_leaves=12
num_cat=0
split_feature=4 5 7 4 2 10 5 10 5 1 10
split_gain=258.559 55.3985 31.7155 26.1196 35.1087 18.8417 14.2803 7.33149 4.3574 1.65139 0.564122
threshold=0.88350000000000006 43.730500000000013 0.16950000000000004 0.80750000000000022 0.20750000000000002 0.43250000000000005 39.426000000000009 0.43750000000000006 33.64950000000001 0.33750000000000008 0.43750000000000006
decision_type=2 2 2 2 2 2 2 2 2 2 2
left_child=1 2 3 4 -1 -3 8 -5 10 -10 -2
right_child=6 5 -4 7 -6 -7 -8 -9 9 -11 -12
leaf_value=0.023206222897920851 -0.010579402115272016 0.028021226778174892 -0.0078003534674644468 0.0063874209497837313 0.0026958814263343812 0.012777021733815211 -0.0011898200320346016 -0.0011832116726709873 -0.0050602581027226565 -0.010740839388025433 -0.016101711810524784
leaf_weight=19 24 15.999999999999998 14.999999999999998 23 17 28 17 24 19 28 33
leaf_count=19 24 16 15 23 17 28 17 24 19 28 33
internal_value=0.000273971 0.00944846 0.00507522 0.00755467 0.0139644 0.0187976 -0.010405 0.00233928 -0.0118028 -0.0087324 -0.0140627
internal_weight=263 142 98 83 36 44 121 47 104 47 57
internal_count=263 142 98 83 36 44 121 47 104 47 57
is_linear=0
shrinkage=0.01


Tree=35
num_leaves=11
num_cat=0
split_feature=4 5 7 4 2 10 5 10 5 10
split_gain=253.639 54.3236 31.1169 25.6216 34.4006 18.4474 13.9887 7.1932 4.24687 0.524648
threshold=0.88350000000000006 43.730500000000013 0.16950000000000004 0.80750000000000022 0.20750000000000002 0.43250000000000005 39.426000000000009 0.43750000000000006 33.64950000000001 0.43750000000000006
decision_type=2 2 2 2 2 2 2 2 2 2
left_child=1 2 3 4 -1 -3 8 -5 9 -2
right_child=6 5 -4 7 -6 -7 -8 -9 -10 -11
leaf_value=0.022980111119074699 -0.010475767194008341 0.027749505512642138 -0.0077248659922230633 0.0063249057911811991 0.002669693010193961 0.012651493115383281 -0.0011782616100140979 -0.0011716210021048177 -0.0086488435652695202 -0.015943097974827042
leaf_weight=19 24 15.999999999999998 14.999999999999998 23 17 28 17 24 47 33
leaf_count=19 24 16 15 23 17 28 17 24 47 33
internal_value=0.000270481 0.00935762 0.00502565 0.00748218 0.013831 0.0186165 -0.0103061 0.00231433 -0.0116897 -0.0139261
internal_weight=263 142 98 83 36 44 121 47 104 57
internal_count=263 142 98 83 36 44 121 47 104 57
is_linear=0
shrinkage=0.01


Tree=36
num_leaves=11
num_cat=0
split_feature=9 2 6 5 5 7 9 2 5 5
split_gain=193.332 55.804 43.8414 38.8459 22.5516 14.6595 8.58804 8.0662 1.15256 0.0404833
threshold=0.53150000000000019 0.23750000000000002 1.1045000000000003 39.647500000000008 37.721500000000006 0.11300000000000002 0.8005000000000001 0.18750000000000003 32.682500000000012 36.041500000000006
decision_type=2 2 2 2 2 2 2 2 2 2
left_child=1 2 -1 6 -4 7 8 -6 -2 -10
right_child=3 -3 4 -5 5 -7 -8 -9 9 -11
leaf_value=0.022113747998159759 -0.010875699971661424 -0.0064166550399089349 -0.0015308956294617755 0.0041789565426962718 0.0086687969188679447 0.015634931500227947 -0.013910565980664501 0 -0.003440677146826472 -0.007303907773324422
leaf_weight=24 15.999999999999998 24 23 17 29 26 71 15.999999999999998 17 17
leaf_count=24 16 24 23 17 29 26 71 16 17 17
internal_value=-0.00100789 0.0071315 0.00998689 -0.00945092 0.00668423 0.00947743 -0.0114575 0.00556726 -0.00767286 -0.00574001
internal_weight=280 142 118 138 94 71 121 45 50 34
internal_count=280 142 118 138 94 71 121 45 50 34
is_linear=0
shrinkage=0.01


Tree=37
num_leaves=11
num_cat=0
split_feature=4 5 5 7 3 4 2 7 9 10
split_gain=193.32 43.0458 28.0361 25.4995 24.1439 17.2303 25.7229 9.54792 8.31955 3.33586
threshold=0.88350000000000006 43.730500000000013 40.624500000000005 0.17650000000000002 60.760000000000012 0.82850000000000013 0.21750000000000003 0.041500000000000009 0.8005000000000001 0.43750000000000006
decision_type=2 2 2 2 2 2 2 2 2 2
left_child=1 3 8 5 -3 6 7 -1 -2 -7
right_child=2 4 -4 -5 -6 9 -8 -9 -10 -11
leaf_value=0.019800619459287686 -0.007507914128838126 0.0077382149848532165 0.0015479275624494296 -0.0078141278841278774 0.024060115237266588 0.0029259154152485628 -0.00075288285953657968 0.0080801044834984664 -0.013754013944813546 -0.0034906899059812231
leaf_weight=15.999999999999998 48 23 18 15.999999999999998 19 15.000000000000002 17 22 70 15.999999999999998
leaf_count=16 48 23 18 16 19 15 17 22 70 16
internal_value=-0.00099813 0.00702546 -0.00956158 0.00335765 0.0155534 0.00558488 0.00892499 0.0134679 -0.01134 -7.12601e-05
internal_weight=280 144 136 102 42 86 55 38 118 31
internal_count=280 144 136 102 42 86 55 38 118 31
is_linear=0
shrinkage=0.01


Tree=38
num_leaves=11
num_cat=0
split_feature=4 9 6 7 9 1 2 2 9 1
split_gain=189.548 35.1345 42.4434 23.8407 22.8547 15.8869 9.27349 8.66466 2.07175 0.893005
threshold=0.88350000000000006 0.47550000000000003 1.1355000000000002 0.13350000000000004 0.8005000000000001 0.32250000000000006 0.18750000000000003 0.20750000000000002 0.51050000000000006 0.35250000000000004
decision_type=2 2 2 2 2 2 2 2 2 2
left_child=1 2 -1 6 5 -2 -4 8 -3 -6
right_child=4 7 3 -5 9 -7 -8 -9 -10 -11
leaf_value=0.022435938792025791 0.0036629224929117386 0.0054498751802103864 0.0071024066974324264 0.017104523687651665 -0.011529092261991877 -0.0076216243199928851 -0.00085693135586651888 -0.0059789808262740406 7.4983315590100409e-05 -0.016866129451327854
leaf_weight=23 14.999999999999998 17 27 15.999999999999998 50 49 27 14.999999999999998 19 22
leaf_count=23 15 17 27 16 50 49 27 15 19 22
internal_value=-0.000986886 0.00695765 0.0106013 0.00643936 -0.00946668 -0.00481388 0.0029679 8.0792e-05 0.00292699 -0.0134029
internal_weight=280 144 93 70 136 64 54 51 36 72
internal_count=280 144 93 70 136 64 54 51 36 72
is_linear=0
shrinkage=0.01


Tree=39
num_leaves=12
num_cat=0
split_feature=4 5 5 7 3 4 2 0 4 5 1
split_gain=185.889 41.9602 27.1718 24.8798 23.3852 16.714 25.0274 9.69842 6.59285 3.26449 2.07769
threshold=0.88350000000000006 43.730500000000013 40.624500000000005 0.17650000000000002 60.760000000000012 0.82850000000000013 0.21750000000000003 0.54250000000000009 0.9385 39.074000000000005 0.33250000000000007
decision_type=2 2 2 2 2 2 2 2 2 2 2
left_child=1 3 8 5 -3 6 7 -1 10 -7 -2
right_child=2 4 -4 -5 -6 9 -8 -9 -10 -11 -12
leaf_value=0.019967096659444995 -0.0034730577670239117 0.0076089816841673347 0.0015563494611430812 -0.0077648657041065614 0.023686510775333795 -0.0034791767958438752 -0.00077877793354647507 0.0081000166322956688 -0.013052863532737378 0.0028626016401235134 -0.0094674850144284839
leaf_weight=14.999999999999998 18 23 18 15.999999999999998 19 16.000000000000004 17 23 77 14.999999999999998 23
leaf_count=15 18 23 18 16 19 16 17 23 77 15 23
internal_value=-0.000976073 0.00689103 -0.00937393 0.00326883 0.0153105 0.00547024 0.00876057 0.0132426 -0.0111252 -9.63839e-05 -0.0071503
internal_weight=280 144 136 102 42 86 55 38 118 31 41
internal_count=280 144 136 102 42 86 55 38 118 31 41
is_linear=0
shrinkage=0.01


Tree=40
num_leaves=13
num_cat=0
split_feature=4 5 5 7 3 4 3 5 9 10 1 1
split_gain=182.283 41.1547 26.6628 24.4055 22.9034 16.3905 14.403 10.4697 7.82274 3.22671 0.434718 0.386818
threshold=0.88350000000000006 43.730500000000013 40.624500000000005 0.17650000000000002 60.760000000000012 0.82850000000000013 67.606500000000011 39.69400000000001 0.8005000000000001 0.43750000000000006 0.33250000000000007 0.35250000000000004
decision_type=2 2 2 2 2 2 2 2 2 2 2 2
left_child=1 3 8 5 -3 6 7 -1 10 -7 -2 -10
right_child=2 4 -4 -5 -6 9 -8 -9 11 -11 -12 -13
leaf_value=-0.0010312233684640943 -0.0042172484014715468 0.0075345110068929955 0.0015412065527729087 -0.0076895700383818513 0.023455718893271228 0.0028477110353208354 0.015840742989228322 0.0092491118937003906 -0.011529355384025377 -0.0034574746588865919 -0.0085575822059301629 -0.016575181312031215
leaf_weight=15.999999999999998 17 23 18 15.999999999999998 19 15.000000000000002 19 20 48 15.999999999999998 31 22
leaf_count=16 17 23 18 16 19 15 19 20 48 16 31 22
internal_value=-0.000965497 0.00682455 -0.00928182 0.00323609 0.0151635 0.00541708 0.00867543 0.00445456 -0.0110167 -9.23432e-05 -0.00728589 -0.0133633
internal_weight=280 144 136 102 42 86 55 36 118 31 48 70
internal_count=280 144 136 102 42 86 55 36 118 31 48 70
is_linear=0
shrinkage=0.01


Tree=41
num_leaves=11
num_cat=0
split_feature=4 6 1 6 4 1 2 7 4 8
split_gain=178.774 33.0699 22.9544 18.54 17.1695 17.5392 16.6173 6.23171 4.40463 2.52921
threshold=0.88350000000000006 1.2040000000000004 0.33250000000000007 1.1045000000000003 0.98650000000000004 0.32250000000000006 0.23750000000000002 0.070500000000000021 0.82850000000000013 0.17650000000000002
decision_type=2 2 2 2 2 2 2 2 2 2
left_child=1 2 3 -1 5 -2 7 -3 -9 -7
right_child=4 6 -4 -5 -6 9 -8 8 -10 -11
leaf_value=0.022838940226369436 0.0028101338175210082 0.00024895482057449867 0.0013161121895819 0.0087077613408736727 -0.013788343197274431 -0.012516390975032534 -0.0066400256644814247 0.011665163424707229 0.0039353258803225396 -0.0066207862216610429
leaf_weight=22 15.999999999999998 25 15.999999999999998 23 53 17 14.999999999999998 14.999999999999998 28 50
leaf_count=22 16 25 16 23 53 17 15 15 28 50
internal_value=-0.00095571 0.00675861 0.0123614 0.0160112 -0.00919191 -0.00607209 0.00247179 0.00466154 0.00696475 -0.00834647
internal_weight=280 144 61 45 136 83 83 68 43 67
internal_count=280 144 61 45 136 83 83 68 43 67
is_linear=0
shrinkage=0.01


Tree=42
num_leaves=13
num_cat=0
split_feature=4 5 5 7 3 4 0 5 9 5 1 1
split_gain=175.353 40.2639 25.8624 23.6675 22.2915 15.8495 16.6525 8.70074 7.47123 3.19986 0.391333 0.38288
threshold=0.88350000000000006 43.730500000000013 40.624500000000005 0.17650000000000002 60.760000000000012 0.82850000000000013 0.54250000000000009 39.69400000000001 0.8005000000000001 39.074000000000005 0.33250000000000007 0.35250000000000004
decision_type=2 2 2 2 2 2 2 2 2 2 2 2
left_child=1 3 8 5 -3 6 -1 -8 10 -7 -2 -10
right_child=2 4 -4 -5 -6 9 7 -9 11 -11 -12 -13
leaf_value=0.015844730345941173 -0.0041375613851206642 0.0074090375671995445 0.0015511231768775629 -0.0076115348621864209 0.023126106185790821 -0.0034679076211018988 -0.0010395451612544781 0.008413007771357511 -0.011295344979339039 0.0028054556226538075 -0.0083957666738165744 -0.016284305863910251
leaf_weight=20 17 23 18 15.999999999999998 19 16.000000000000004 15.999999999999998 19 48 14.999999999999998 31 22
leaf_count=20 17 23 18 16 19 16 16 19 48 15 31 22
internal_value=-0.000944513 0.00669525 -0.00910183 0.00314529 0.0149429 0.00529459 0.00849943 0.00385637 -0.0108109 -0.0001186 -0.00715204 -0.0131095
internal_weight=280 144 136 102 42 86 55 35 118 31 48 70
internal_count=280 144 136 102 42 86 55 35 118 31 48 70
is_linear=0
shrinkage=0.01


Tree=43
num_leaves=13
num_cat=0
split_feature=4 5 5 7 3 4 2 7 9 5 1 1
split_gain=171.978 39.4924 25.3843 23.2156 21.8315 15.5416 24.1595 9.04714 7.30018 3.13838 0.369178 0.355963
threshold=0.88350000000000006 43.730500000000013 40.624500000000005 0.17650000000000002 60.760000000000012 0.82850000000000013 0.21750000000000003 0.041500000000000009 0.8005000000000001 39.074000000000005 0.33250000000000007 0.34250000000000008
decision_type=2 2 2 2 2 2 2 2 2 2 2 2
left_child=1 3 8 5 -3 6 7 -1 10 -7 -2 -10
right_child=2 4 -4 -5 -6 9 -8 -9 11 -11 -12 -13
leaf_value=0.01897867626087232 -0.0040973678614412033 0.0073365235328674318 0.001536031097576425 -0.0075377256634193614 0.022900775143733391 -0.0034342793623606356 -0.00094934087033782689 0.0075814374883969625 -0.010636126760925567 0.0027783060434364505 -0.0083131417295052891 -0.015253105069582279
leaf_weight=15.999999999999998 17 23 18 15.999999999999998 19 16.000000000000004 17 22 38 14.999999999999998 31 32
leaf_count=16 17 23 18 16 19 16 17 22 38 15 31 32
internal_value=-0.000934945 0.00663056 -0.00901369 0.00311359 0.0147994 0.00524295 0.00841652 0.0128242 -0.010707 -0.000114345 -0.00708387 -0.0129818
internal_weight=280 144 136 102 42 86 55 38 118 31 48 70
internal_count=280 144 136 102 42 86 55 38 118 31 48 70
is_linear=0
shrinkage=0.01


Tree=44
num_leaves=12
num_cat=0
split_feature=4 5 5 3 0 5 2 5 9 1 1
split_gain=168.67 38.7349 24.9151 21.3807 21.3001 17.987 8.80348 7.38884 7.13241 0.347601 0.341752
threshold=0.88350000000000006 43.730500000000013 40.624500000000005 60.760000000000012 0.5375000000000002 39.647500000000008 0.19250000000000003 41.702500000000008 0.8005000000000001 0.33250000000000007 0.35250000000000004
decision_type=2 2 2 2 2 2 2 2 2 2 2
left_child=1 4 8 -3 -1 6 -6 -7 9 -2 -10
right_child=2 3 -4 -5 5 7 -8 -9 10 -11 -12
leaf_value=0.010813911591638935 -0.0040575647865022926 0.0072647191235359681 0.0015210858833145451 0.022677639111494407 0.00074729102753823805 0.0092635341706435864 -0.0085763828621970278 4.3736352370335509e-05 -0.011068771675843555 -0.008231329851089016 -0.015975940148035685
leaf_weight=26 17 23 18 19 14.999999999999998 20 22 19 48 31 22
leaf_count=26 17 23 18 19 15 20 22 19 48 31 22
internal_value=-0.000925401 0.0065666 -0.00892636 0.0146573 0.00308233 0.000253199 -0.00457028 0.00508241 -0.0106041 -0.00701638 -0.0128552
internal_weight=280 144 136 42 102 76 37 39 118 48 70
internal_count=280 144 136 42 102 76 37 39 118 48 70
is_linear=0
shrinkage=0.01


Tree=45
num_leaves=11
num_cat=0
split_feature=9 6 5 2 2 5 7 4 2 8
split_gain=189.485 55.511 38.681 16.7715 16.5554 14.2396 8.33504 2.75253 2.06703 0.174933
threshold=0.47550000000000003 1.1955000000000002 39.074000000000005 0.19250000000000003 0.20750000000000002 44.512000000000008 0.088500000000000009 0.9840000000000001 0.17250000000000001 0.17650000000000002
decision_type=2 2 2 2 2 2 2 2 2 2
left_child=1 5 6 8 -4 -1 -2 9 -3 -8
right_child=2 3 4 -5 -6 -7 7 -9 -10 -11
leaf_value=0.013636561182412235 -0.00092941360608223944 0.012190103530883789 0.0075908646504489743 -0.0016879113900418186 -0.0046090314509414244 0.027280116051435474 -0.010747529996498939 -0.01203387863242749 0.0058362332979838049 -0.0066620830951310758
leaf_weight=27 14.999999999999998 14.999999999999998 24 24 19 17 14.999999999999998 48 28 53
leaf_count=27 15 15 24 24 19 17 15 48 28 53
internal_value=0.000425134 0.0106398 -0.0060456 0.00465075 0.00197931 0.0193799 -0.00875329 -0.00967083 0.00839722 -0.00778114
internal_weight=285 111 174 67 43 44 131 116 43 68
internal_count=285 111 174 67 43 44 131 116 43 68
is_linear=0
shrinkage=0.01


Tree=46
num_leaves=12
num_cat=0
split_feature=9 6 4 2 2 10 8 4 10 8 9
split_gain=185.87 54.4283 29.1008 21.7975 16.4621 9.56866 8.55025 5.73675 4.92331 2.49908 3.64142
threshold=0.47550000000000003 1.1955000000000002 0.90050000000000019 0.20750000000000002 0.19250000000000003 0.44750000000000006 0.34450000000000003 0.9840000000000001 0.43250000000000005 0.17650000000000002 0.64850000000000019
decision_type=2 2 2 2 2 2 2 2 2 2 2
left_child=1 5 3 6 8 -1 -2 9 -3 -4 -11
right_child=2 4 7 -5 -6 -7 -8 -9 -10 10 -12
leaf_value=0.022965282376034787 0.0082396782057152854 0.012864368421690805 -0.01076962943999998 -0.0078319655984107946 -0.0016713767878863276 0.01074917062876686 -0.00080105369741266422 -0.011895416452257772 0.0047807601375399892 -0.0081909190811390101 -0.0019374392618205589
leaf_weight=29 22 17 14.999999999999998 24 24 14.999999999999998 15.999999999999998 49 26 21 27
leaf_count=29 22 17 15 24 24 15 16 49 26 21 27
internal_value=0.000420705 0.0105377 -0.00598765 -0.000315325 0.00460545 0.019193 0.00421235 -0.00902344 0.00831762 -0.00655612 -0.00493576
internal_weight=285 111 174 62 67 44 38 112 43 63 48
internal_count=285 111 174 62 67 44 38 112 43 63 48
is_linear=0
shrinkage=0.01


Tree=47
num_leaves=11
num_cat=0
split_feature=4 1 5 0 5 3 10 10 4 1
split_gain=168.241 52.4392 29.1389 25.4947 20.9907 18.6875 11.6409 9.93459 4.48522 1.74623
threshold=0.88350000000000006 0.32750000000000007 43.567500000000003 0.6625000000000002 39.426000000000009 70.381500000000003 0.45750000000000007 0.43250000000000005 0.9840000000000001 0.32750000000000007
decision_type=2 2 2 2 2 2 2 2 2 2
left_child=1 2 5 -4 8 7 -3 -1 9 -2
right_child=4 6 3 -5 -6 -7 -8 -9 -10 -11
leaf_value=0.0084129805453852114 -0.0033637329510685693 -0.0073229261892182483 0.026593593060970307 0.0080032973520217394 0.0011369784375031789 0.016985679720387316 0.0029019411138685074 -0.0002541133444359962 -0.011777663892323169 -0.0081862031476399328
leaf_weight=25 20 17 21 14.999999999999998 22 15.999999999999998 29 23 49 48
leaf_count=25 20 17 21 15 22 16 29 23 49 48
internal_value=0.000415736 0.00793237 0.0119864 0.0193374 -0.00740788 0.00757865 -0.00069987 0.00409401 -0.00909772 -0.00694872
internal_weight=285 146 100 36 139 64 46 48 117 68
internal_count=285 146 100 36 139 64 46 48 117 68
is_linear=0
shrinkage=0.01


Tree=48
num_leaves=10
num_cat=0
split_feature=9 6 5 1 10 5 7 1 1
split_gain=179.413 52.5715 36.9355 23.9986 14.6974 13.5898 9.28615 5.03448 0.105087
threshold=0.47550000000000003 1.1955000000000002 39.074000000000005 0.31750000000000006 0.43250000000000005 44.512000000000008 0.14450000000000002 0.31250000000000006 0.35750000000000004
decision_type=2 2 2 2 2 2 2 2 2
left_child=1 5 3 -2 -3 -1 -4 -6 -5
right_child=2 4 6 8 7 -7 -8 -9 -10
leaf_value=0.013236987948417664 0.0016880628262722008 0.010538253538748796 0.006973787989558243 -0.0093347288386700731 -0.0032267068581921716 0.026585764008973327 -0.0020400344941051717 0.0036381822240118891 -0.013110057635510222
leaf_weight=27 18 25 20 90 17 17 23 25 23
leaf_count=27 18 25 20 90 17 17 23 25 23
internal_value=0.000412159 0.0103525 -0.00588326 -0.00852966 0.00451899 0.01886 0.00195453 0.000618971 -0.0102456
internal_weight=285 111 174 131 67 44 43 42 113
internal_count=285 111 174 131 67 44 43 42 113
is_linear=0
shrinkage=0.01


Tree=49
num_leaves=12
num_cat=0
split_feature=9 6 4 2 2 8 4 4 8 9 2
split_gain=175.942 51.5489 27.4529 21.087 16.001 8.40864 7.74756 5.39223 2.42362 3.56446 1.91783
threshold=0.47550000000000003 1.1955000000000002 0.90050000000000019 0.20750000000000002 0.19250000000000003 0.34450000000000003 0.80750000000000022 0.9840000000000001 0.17650000000000002 0.64850000000000019 0.17250000000000001
decision_type=2 2 2 2 2 2 2 2 2 2 2
left_child=1 6 3 5 10 -2 -1 8 -4 -10 -3
right_child=2 4 7 -5 -6 -7 -8 -9 9 -11 -12
leaf_value=0.022165914270079742 0.0081361029553744524 0.011818172037601471 -0.010515301953400336 -0.0077059413614321724 -0.001710510892527444 -0.00082859522013953237 0.01079225778534648 -0.011566902082031262 -0.0079859635476456133 -0.0018105095997452737 0.0056407726412279566
leaf_weight=29 22 14.999999999999998 14.999999999999998 24 24 15.999999999999998 14.999999999999998 49 21 27 28
leaf_count=29 22 15 15 24 24 16 15 49 21 27 28
internal_value=0.000409 0.010253 -0.00582488 -0.000310481 0.00447461 0.00414001 0.0186781 -0.00877365 -0.00636968 -0.00477293 0.00813664
internal_weight=285 111 174 62 67 38 44 112 63 48 43
internal_count=285 111 174 62 67 38 44 112 63 48 43
is_linear=0
shrinkage=0.01


Tree=50
num_leaves=12
num_cat=0
split_feature=9 6 4 2 2 10 8 4 10 8 9
split_gain=172.598 50.5379 26.9217 20.668 15.7061 9.20041 8.25313 5.25639 4.58775 2.36237 3.48608
threshold=0.47550000000000003 1.1955000000000002 0.90050000000000019 0.20750000000000002 0.19250000000000003 0.44750000000000006 0.34450000000000003 0.9840000000000001 0.43250000000000005 0.17650000000000002 0.64850000000000019
decision_type=2 2 2 2 2 2 2 2 2 2 2
left_child=1 5 3 6 8 -1 -2 9 -3 -4 -11
right_child=2 4 7 -5 -6 -7 -8 -9 -10 10 -12
leaf_value=0.022188155199322157 0.0080565497610304102 0.012463037669658662 -0.010413541156918771 -0.0076304545603236374 -0.0016937547557208002 0.010230769828607839 -0.0008205606359424013 -0.011452401487034454 0.0046222031566331969 -0.0079079611703406945 -0.0017927336117083375
leaf_weight=29 22 17 14.999999999999998 24 24 14.999999999999998 15.999999999999998 49 26 21 27
leaf_count=29 22 17 15 24 24 15 16 49 26 21 27
internal_value=0.000404147 0.0101545 -0.00576985 -0.000307408 0.00443103 0.0184972 0.00409696 -0.00869 0.00805958 -0.00631073 -0.00472828
internal_weight=285 111 174 62 67 44 38 112 43 63 48
internal_count=285 111 174 62 67 44 38 112 43 63 48
is_linear=0
shrinkage=0.01


Tree=51
num_leaves=10
num_cat=0
split_feature=9 5 10 9 1 1 1 2 1
split_gain=169.317 35.5035 25.6301 26.2428 23.1294 18.4462 21.4682 15.4355 0.0570334
threshold=0.47550000000000003 39.074000000000005 0.43250000000000005 0.39700000000000008 0.31750000000000006 0.31250000000000006 0.32750000000000007 0.20750000000000002 0.35750000000000004
decision_type=2 2 2 2 2 2 2 2 2
left_child=2 4 3 -1 -2 -4 -7 -3 -6
right_child=1 7 5 -5 8 6 -8 -9 -10
leaf_value=0.023538372508705933 0.0017133012927464536 0.0073874142918051514 -0.0011569793038862816 0.007573785197978117 -0.009104401125927657 0.017766834346426501 0.0026013608974345187 -0.0043830820602866324 -0.012791440861022218
leaf_weight=23 18 24 23 24 90 18 23 19 23
leaf_count=23 18 24 23 24 90 18 23 19 23
internal_value=0.000399332 -0.00571536 0.0100569 0.0157623 -0.00831065 0.00562216 0.00963418 0.00196601 -0.00999601
internal_weight=285 174 111 47 131 64 41 43 113
internal_count=285 174 111 47 131 64 41 43 113
is_linear=0
shrinkage=0.01


Tree=52
num_leaves=10
num_cat=0
split_feature=9 6 5 10 5 7 7 5 4
split_gain=166.045 49.115 34.8006 13.9511 13.2046 8.87916 7.47899 2.33508 2.1754
threshold=0.47550000000000003 1.1955000000000002 39.074000000000005 0.43250000000000005 44.512000000000008 0.14450000000000002 0.088500000000000009 42.619000000000007 0.98650000000000004
decision_type=2 2 2 2 2 2 2 2 2
left_child=1 4 6 -3 -1 -4 -2 -5 -8
right_child=2 3 5 7 -6 -7 8 -9 -10
leaf_value=0.012657635392790492 -0.00078669480739101277 0.010177777771856271 0.0068528634455145851 -0.0016360081841305988 0.025779491281935147 -0.0019532911828223695 -0.0073996500921904617 0.0029047056767675613 -0.0113581587983075
leaf_weight=27 14.999999999999998 25 20 20 17 23 70 22 46
leaf_count=27 15 25 20 20 17 23 70 22 46
internal_value=0.00039627 0.00996033 -0.00565869 0.00431631 0.0181849 0.0019444 -0.00822832 0.000513358 -0.00909725
internal_weight=285 111 174 67 44 43 131 42 116
internal_count=285 111 174 67 44 43 131 42 116
is_linear=0
shrinkage=0.01


Tree=53
num_leaves=10
num_cat=0
split_feature=9 6 5 2 2 5 7 10 9
split_gain=162.86 48.1591 34.123 15.2333 15.0562 12.9183 7.31662 4.26303 2.15941
threshold=0.47550000000000003 1.1955000000000002 39.074000000000005 0.19250000000000003 0.20750000000000002 44.512000000000008 0.088500000000000009 0.43250000000000005 0.5675
decision_type=2 2 2 2 2 2 2 2 2
left_child=1 5 6 7 -4 -1 -2 -3 -8
right_child=2 3 4 -5 -6 -7 8 -9 -10
leaf_value=0.012533360735343939 -0.00077908150130702599 0.012114788617406573 0.0072802668475374886 -0.0017551044785246558 -0.0043439230084037165 0.025529061513287678 -0.0047011002934560543 0.0045089066604960641 -0.0097725663389142004
leaf_weight=27 14.999999999999998 17 24 24 19 17 20 26 96
leaf_count=27 15 17 24 24 19 17 20 26 96
internal_value=0.000392574 0.00986476 -0.00560367 0.004274 0.00192322 0.0180096 -0.0081483 0.00785046 -0.00900794
internal_weight=285 111 174 67 43 44 131 43 116
internal_count=285 111 174 67 43 44 131 43 116
is_linear=0
shrinkage=0.01


Tree=54
num_leaves=10
num_cat=0
split_feature=9 1 4 5 1 5 9 1 4
split_gain=117.612 38.1995 21.2432 15.1795 15.4637 13.2028 12.7609 7.84081 7.38428
threshold=0.53150000000000019 0.32750000000000007 0.94950000000000012 37.721500000000006 0.30750000000000005 39.989500000000007 0.38650000000000007 0.32250000000000006 0.82150000000000001
decision_type=2 2 2 2 2 2 2 2 2
left_child=1 3 7 -1 6 -3 -5 -2 -6
right_child=2 5 -4 4 8 -7 -8 -9 -10
leaf_value=0.0024296206013953432 0.0023590748882978351 -0.0071894237217379779 -0.011160653504922433 0.013806963356271866 0.023679180159684145 0.0033296275003389881 0.00074963174558974593 -0.0050701404940236804 0.011207335401665082
leaf_weight=23 18 20 67 14.999999999999998 15.000000000000002 27 18 46 15.999999999999998
leaf_count=23 18 20 67 15 15 27 18 46 16
internal_value=-0.000430737 0.00610485 -0.00718983 0.0100219 0.0125554 -0.000964599 0.00710078 -0.00282354 0.0178396
internal_weight=265 134 131 87 64 47 33 64 31
internal_count=265 134 131 87 64 47 33 64 31
is_linear=0
shrinkage=0.01


Tree=55
num_leaves=10
num_cat=0
split_feature=9 5 2 4 6 2 2 8 8
split_gain=115.364 28.1033 32.3599 20.818 15.2872 8.09068 5.98261 3.70006 3.47687
threshold=0.53150000000000019 44.758500000000005 0.22250000000000003 0.94950000000000012 1.1355000000000002 0.20250000000000004 0.18750000000000003 0.20950000000000002 0.33500000000000008
decision_type=2 2 2 2 2 2 2 2 2
left_child=1 2 4 7 -1 -3 -6 -2 -9
right_child=3 5 -4 -5 6 -7 -8 8 -10
leaf_value=0.014312053827139048 -0.0060278012002620129 0.007854628417736445 -0.0064263834555943816 -0.011049873669666272 0.0064442850533323213 0.019102715645517625 0 0.0014579334376113755 -0.0042444032435970652
leaf_weight=19 23 19 25 67 30 17 24 24 17
leaf_count=19 23 19 25 67 30 17 24 24 17
internal_value=-0.000423903 0.00604856 0.00310729 -0.00711846 0.00652981 0.0136291 0.00350195 -0.00279397 -0.000688137
internal_weight=265 134 98 131 73 36 54 64 41
internal_count=265 134 98 131 73 36 54 64 41
is_linear=0
shrinkage=0.01


Tree=56
num_leaves=11
num_cat=0
split_feature=9 1 8 8 5 1 10 5 8 8
split_gain=113.14 37.1167 16.4981 12.7941 11.4174 8.34116 7.03804 2.52663 2.14022 0.248953
threshold=0.53150000000000019 0.32750000000000007 0.30650000000000005 0.26450000000000007 33.64950000000001 0.32250000000000006 0.43250000000000005 40.433500000000009 0.21300000000000002 0.17350000000000002
decision_type=2 2 2 2 2 2 2 2 2 2
left_child=1 2 -1 -3 9 -6 -4 -8 -7 -2
right_child=4 3 6 -5 5 8 7 -9 -10 -11
leaf_value=0.01605066131372921 -0.012958231629367838 -0.0071040992729547552 0.010244006396464582 0.0032473908229307697 0.0012688940421149537 -0.0083632781657210567 0.0054552852482564976 0 -0.0033943145320211587 -0.0084284270562879418
leaf_weight=30 23 20 26 27 18 28 15.000000000000002 15.999999999999998 28 34
leaf_count=30 23 20 26 27 18 28 15 16 28 34
internal_value=-0.000418722 0.00599067 0.0098523 -0.000975385 -0.00704879 -0.00418278 0.00630489 0.00257348 -0.00610781 -0.0105269
internal_weight=265 134 87 47 131 74 57 31 56 57
internal_count=265 134 87 47 131 74 57 31 56 57
is_linear=0
shrinkage=0.01


Tree=57
num_leaves=10
num_cat=0
split_feature=4 1 6 8 8 2 4 10 8
split_gain=108.426 44.8717 20.0367 16.9287 14.0316 13.869 9.60185 5.61204 1.29779
threshold=0.90650000000000019 0.32750000000000007 1.1045000000000003 0.34450000000000003 0.26450000000000007 0.18750000000000003 0.94950000000000012 0.43250000000000005 0.28200000000000008
decision_type=2 2 2 2 2 2 2 2 2
left_child=1 2 -1 7 -3 -5 8 -4 -2
right_child=6 4 3 5 -6 -7 -8 -9 -10
leaf_value=0.017069347668835458 -0.0056636580021900904 -0.0067975170561482036 0.014381611225298709 0.0070357606161472411 0.0026596332928639351 -0.0043503921170060227 -0.01071836983581094 0.0050426832563949357 -0.0008783559288297381
leaf_weight=23 18 31 22 21 29 20 68 15.999999999999998 17
leaf_count=23 18 31 22 21 29 20 68 16 17
internal_value=-0.000414365 0.00464211 0.00868299 0.0060236 -0.00207707 0.00125508 -0.0084479 0.0108257 -0.00366617
internal_weight=265 162 102 79 60 41 103 38 35
internal_count=265 162 102 79 60 41 103 38 35
is_linear=0
shrinkage=0.01


Tree=58
num_leaves=11
num_cat=0
split_feature=9 1 4 8 5 1 4 10 4 8
split_gain=109.167 35.7273 19.6697 15.9418 12.6899 7.40392 7.25175 6.77605 6.91512 1.21395
threshold=0.53150000000000019 0.32750000000000007 0.94950000000000012 0.30650000000000005 39.989500000000007 0.32250000000000006 0.81350000000000011 0.43250000000000005 0.81050000000000011 0.20950000000000002
decision_type=2 2 2 2 2 2 2 2 2 2
left_child=1 3 5 6 -3 -2 -1 -5 -9 -7
right_child=2 4 -4 7 -6 9 -8 8 -10 -11
leaf_value=0.021296482634159824 0.0023141377399096617 -0.0070508933903240577 -0.010745661173705701 0.010050037750657999 0.0032600213207981807 -0.007494651720925634 0.0090906128191178843 0.0071282564532576167 -0.0018344119335374526 -0.0029377589460414977
leaf_weight=15.000000000000002 18 20 67 26 27 17 14.999999999999998 16.000000000000004 14.999999999999998 29
leaf_count=15 18 20 67 26 27 17 15 16 15 29
internal_value=-0.00040951 0.00588562 -0.00692274 0.00967439 -0.00094511 -0.00271331 0.0157705 0.00618276 0.00251374 -0.00489936
internal_weight=265 134 131 87 47 64 30 57 31 46
internal_count=265 134 131 87 47 64 30 57 31 46
is_linear=0
shrinkage=0.01


Tree=59
num_leaves=11
num_cat=0
split_feature=9 1 4 8 5 1 4 10 4 8
split_gain=107.071 35.0492 19.2652 15.6305 12.4449 7.2697 7.08184 6.63815 6.78653 1.18145
threshold=0.53150000000000019 0.32750000000000007 0.94950000000000012 0.30650000000000005 39.989500000000007 0.32250000000000006 0.81350000000000011 0.43250000000000005 0.81050000000000011 0.20950000000000002
decision_type=2 2 2 2 2 2 2 2 2 2
left_child=1 3 5 6 -3 -2 -1 -5 -9 -7
right_child=2 4 -4 7 -6 9 -8 8 -10 -11
leaf_value=0.02109038759623804 0.0022916217415115316 -0.0069821043785025438 -0.010639000664706584 0.0099514337249521946 0.0032280137620188977 -0.0074218466308500087 0.0090026389495018993 0.007059133920296461 -0.0018166596226153837 -0.0029088794080130128
leaf_weight=15.000000000000002 18 20 67 26 27 17 14.999999999999998 16.000000000000004 14.999999999999998 29
leaf_count=15 18 20 67 26 27 17 15 16 15 29
internal_value=-0.000404227 0.00582981 -0.00685499 0.00958254 -0.000933953 -0.00268681 0.015621 0.00612227 0.00248627 -0.00485364
internal_weight=265 134 131 87 47 64 30 57 31 46
internal_count=265 134 131 87 47 64 30 57 31 46
is_linear=0
shrinkage=0.01


Tree=60
num_leaves=10
num_cat=0
split_feature=4 1 6 8 8 2 4 10 8
split_gain=102.268 42.3626 19.0527 16.415 13.6088 13.454 8.97678 5.44498 1.23088
threshold=0.90650000000000019 0.32750000000000007 1.1045000000000003 0.34450000000000003 0.26450000000000007 0.18750000000000003 0.94950000000000012 0.43250000000000005 0.28200000000000008
decision_type=2 2 2 2 2 2 2 2 2
left_child=1 2 -1 7 -3 -5 8 -4 -2
right_child=6 4 3 5 -6 -7 -8 -9 -10
leaf_value=0.016619542976643177 -0.005509244724101311 -0.0066655356655754743 0.014066863965243101 0.0068446596937124116 0.0026476698958362312 -0.0043752635724660831 -0.01040075615483479 0.0048671047849524205 -0.0008309684906687055
leaf_weight=23 18 31 22 21 29 20 68 15.999999999999998 17
leaf_count=23 18 31 22 21 29 20 68 16 17
internal_value=-0.000399001 0.00451065 0.00843745 0.00583999 -0.00201418 0.00114379 -0.00820208 0.0105665 -0.00356234
internal_weight=265 162 102 79 60 41 103 38 35
internal_count=265 162 102 79 60 41 103 38 35
is_linear=0
shrinkage=0.01


Tree=61
num_leaves=10
num_cat=0
split_feature=4 1 6 8 8 2 4 8 8
split_gain=100.314 41.5485 18.6597 16.1032 13.3463 13.1948 8.77207 5.07351 1.20016
threshold=0.90650000000000019 0.32750000000000007 1.1045000000000003 0.34450000000000003 0.26450000000000007 0.18750000000000003 0.94950000000000012 0.26250000000000007 0.28200000000000008
decision_type=2 2 2 2 2 2 2 2 2
left_child=1 2 -1 7 -3 -5 8 -4 -2
right_child=6 4 3 5 -6 -7 -8 -9 -10
leaf_value=0.016456883368974037 -0.0054556413075408415 -0.0065999382941259281 0.0046202112878522567 0.006777804944404337 0.0026216421670959156 -0.0043325780913597203 -0.010297507791623582 0.01367340197747058 -0.00082289624214172371
leaf_weight=23 18 31 14.999999999999998 21 29 20 68 23 17
leaf_count=23 18 31 15 21 29 20 68 23 17
internal_value=-0.000394309 0.00446782 0.00835688 0.00578419 -0.00199272 0.00113024 -0.0081228 0.0104659 -0.00353042
internal_weight=265 162 102 79 60 41 103 38 35
internal_count=265 162 102 79 60 41 103 38 35
is_linear=0
shrinkage=0.01


Tree=62
num_leaves=10
num_cat=0
split_feature=4 1 6 8 8 2 4 10 8
split_gain=98.3967 40.75 18.2746 15.7971 13.0888 12.9406 8.57169 5.35155 1.17011
threshold=0.90650000000000019 0.32750000000000007 1.1045000000000003 0.34450000000000003 0.26450000000000007 0.18750000000000003 0.94950000000000012 0.43250000000000005 0.28200000000000008
decision_type=2 2 2 2 2 2 2 2 2
left_child=1 2 -1 7 -3 -5 8 -4 -2
right_child=6 4 3 5 -6 -7 -8 -9 -10
leaf_value=0.016295816413265593 -0.0054025593450343287 -0.0065349864817800972 0.013831838911606206 0.0067116031847720926 0.0025958700598043912 -0.0042903089596004022 -0.010195284358558862 0.0047202388287493685 -0.00081490234817777356
leaf_weight=23 18 31 22 21 29 20 68 15.999999999999998 17
leaf_count=23 18 31 22 21 29 20 68 16 17
internal_value=-0.000389676 0.00442539 0.00827707 0.00572891 -0.00197147 0.00111682 -0.0080443 0.0103662 -0.00349882
internal_weight=265 162 102 79 60 41 103 38 35
internal_count=265 162 102 79 60 41 103 38 35
is_linear=0
shrinkage=0.01


Tree=63
num_leaves=11
num_cat=0
split_feature=9 2 6 5 5 1 5 3 5 8
split_gain=127.118 44.4343 24.4468 11.3975 11.1615 8.40433 6.64214 4.16464 1.43219 0.787321
threshold=0.53850000000000009 0.21750000000000003 1.1840000000000004 38.00350000000001 41.357000000000006 0.30750000000000005 36.39050000000001 56.206500000000013 41.736000000000011 0.17750000000000002
decision_type=2 2 2 2 2 2 2 2 2 2
left_child=1 2 8 -4 -3 -5 9 -8 -1 -2
right_child=6 4 3 5 -6 -7 7 -9 -10 -11
leaf_value=0.012199258708184762 -0.01145830290277417 -0.0096286511782443865 0 0.0038761376925543246 0.0018044801152521564 0.012786180714991959 -0.0079657706392533851 -0.001062962223301854 0.021198647752884898 -0.007554580974347384
leaf_weight=15.000000000000002 32 16.000000000000004 23 25 14.999999999999998 27 15.999999999999998 28 14.999999999999998 51
leaf_count=15 32 16 23 25 15 27 16 28 15 51
internal_value=-0.000260324 0.00640725 0.00953074 0.00619637 -0.0038382 0.00877069 -0.00747596 -0.00385909 0.0173006 -0.00923899
internal_weight=263 136 105 75 31 52 127 44 30 83
internal_count=263 136 105 75 31 52 127 44 30 83
is_linear=0
shrinkage=0.01


Tree=64
num_leaves=10
num_cat=0
split_feature=9 2 6 10 1 4 6 1 8
split_gain=124.729 43.589 23.9655 17.5126 8.72385 5.67791 4.76736 2.58257 1.03918
threshold=0.53850000000000009 0.21750000000000003 1.1840000000000004 0.43250000000000005 0.31250000000000006 0.9425 1.4130000000000003 0.32750000000000007 0.25400000000000006
decision_type=2 2 2 2 2 2 2 2 2
left_child=1 2 -1 -4 -5 7 -3 -2 -9
right_child=5 6 3 4 -6 -7 -8 8 -10
leaf_value=0.017136323466652729 -0.00084785871398754611 0 0.012404842340109641 -0.0027409434127501952 0.0057303452609400998 -0.0093706214841024413 -0.007750503093965592 -0.0084632390780108313 -0.0032817912851837846
leaf_weight=30 19 16.000000000000004 28 19 28 73 14.999999999999998 17 18
leaf_count=30 19 16 28 19 28 73 15 17 18
internal_value=-0.000256793 0.00634746 0.00944135 0.00613781 0.00210245 -0.00740466 -0.00379789 -0.00450189 -0.00616394
internal_weight=263 136 105 75 47 127 31 54 35
internal_count=263 136 105 75 47 127 31 54 35
is_linear=0
shrinkage=0.01


Tree=65
num_leaves=10
num_cat=0
split_feature=9 10 6 1 1 9 4 1 8
split_gain=122.323 33.7075 29.1562 11.2489 16.0605 7.52843 5.53697 2.52717 1.00728
threshold=0.53850000000000009 0.43250000000000005 1.4240000000000002 0.31250000000000006 0.32750000000000007 0.39700000000000008 0.9425 0.32750000000000007 0.25400000000000006
decision_type=2 2 2 2 2 2 2 2 2
left_child=1 5 3 -3 -5 -1 7 -2 -9
right_child=6 2 -4 4 -6 -7 -8 8 -10
leaf_value=0.017690153261025746 -0.00083959757326505129 -0.00024701421007965548 -0.0060295007906176826 0.016952309068856818 0.003663579650900581 0.0083961594117838035 -0.0092775528525718218 -0.0083810246820960731 -0.003249860462556417
leaf_weight=22 19 15.999999999999998 27 15.999999999999998 27 28 73 17 18
leaf_count=22 19 16 27 16 27 28 73 17 18
internal_value=-0.000254911 0.00628493 0.00231878 0.00632581 0.00897613 0.0128182 -0.00733382 -0.0044617 -0.00610677
internal_weight=263 136 86 59 43 50 127 54 35
internal_count=263 136 86 59 43 50 127 54 35
is_linear=0
shrinkage=0.01


Tree=66
num_leaves=11
num_cat=0
split_feature=9 2 5 3 4 1 5 5 3 8
split_gain=119.985 42.3483 21.7801 13.3112 13.8605 13.786 10.858 6.37081 4.06392 0.766558
threshold=0.53850000000000009 0.21750000000000003 37.721500000000006 60.454000000000008 0.81950000000000001 0.30750000000000005 41.357000000000006 36.39050000000001 56.206500000000013 0.17750000000000002
decision_type=2 2 2 2 2 2 2 2 2 2
left_child=1 2 -1 5 -5 -4 -3 9 -9 -2
right_child=7 6 3 4 -6 -7 -8 8 -10 -11
leaf_value=0.00088707518465114092 -0.01117452755369819 -0.0094860366618994482 0 0.020407229922034524 0.0068416092328486902 0.012395184650653746 0.0017855746178857743 -0.0077660644664005801 -0.00095686052631782854 -0.0073308352583531036
leaf_weight=26 32 16.000000000000004 17 27 14.999999999999998 20 14.999999999999998 15.999999999999998 28 51
leaf_count=26 32 16 17 27 15 20 15 16 28 51
internal_value=-0.000252387 0.0062243 0.0092745 0.0118862 0.0159351 0.00687223 -0.0037728 -0.00726369 -0.00371709 -0.00899054
internal_weight=263 136 105 79 42 37 31 127 44 83
internal_count=263 136 105 79 42 37 31 127 44 83
is_linear=0
shrinkage=0.01


Tree=67
num_leaves=11
num_cat=0
split_feature=9 5 1 6 8 6 1 5 3 8
split_gain=117.723 32.7221 23.7965 17.0471 15.005 14.6338 9.11104 6.22614 3.97853 0.73471
threshold=0.53850000000000009 43.730500000000013 0.32250000000000006 1.2095000000000002 0.37700000000000006 1.3175000000000001 0.30750000000000005 36.39050000000001 56.206500000000013 0.17750000000000002
decision_type=2 2 2 2 2 2 2 2 2 2
left_child=1 2 4 -3 -1 -4 -5 9 -9 -2
right_child=7 3 5 6 -6 -7 -8 8 -10 -11
leaf_value=0.011940215479243885 -0.01106450146264755 0.02146801683035764 0.0028800936405723159 0.0012936904305411922 0.00020038629340571025 -0.0089906563523203826 0.012686456933214858 -0.0076907569757013608 -0.00094745984088564139 -0.0072582387186369843
leaf_weight=27 32 15.999999999999998 18 14.999999999999998 21 21 18 15.999999999999998 28 51
leaf_count=27 32 16 18 15 21 21 18 16 28 51
internal_value=-0.000249241 0.00616572 0.00231596 0.0127065 0.00706524 -0.00329158 0.00790303 -0.00719448 -0.00368315 -0.00890294
internal_weight=263 136 87 49 48 39 33 127 44 83
internal_count=263 136 87 49 48 39 33 127 44 83
is_linear=0
shrinkage=0.01


Tree=68
num_leaves=11
num_cat=0
split_feature=9 2 5 3 4 1 5 5 3 8
split_gain=115.518 41.0855 21.1468 12.8091 13.4966 13.3856 10.5617 6.08451 3.89486 0.703644
threshold=0.53850000000000009 0.21750000000000003 37.721500000000006 60.454000000000008 0.81950000000000001 0.30750000000000005 41.357000000000006 36.39050000000001 56.206500000000013 0.17750000000000002
decision_type=2 2 2 2 2 2 2 2 2 2
left_child=1 2 -1 5 -5 -4 -3 9 -9 -2
right_child=7 6 3 4 -6 -7 -8 8 -10 -11
leaf_value=0.00084434072364051389 -0.010955558612369574 -0.009370533534974761 0 0.020076139157468625 0.0066827511474970847 0.012199901429618276 0.001738811957259332 -0.0076161801318327584 -0.00093815139417226126 -0.007186360952344914
leaf_weight=26 32 16.000000000000004 17 27 14.999999999999998 20 14.999999999999998 15.999999999999998 28 51
leaf_count=26 32 16 17 27 15 20 15 16 28 51
internal_value=-0.000245714 0.00610851 0.0091135 0.0116868 0.015663 0.00675794 -0.00373531 -0.00712594 -0.00364953 -0.00881621
internal_weight=263 136 105 79 42 37 31 127 44 83
internal_count=263 136 105 79 42 37 31 127 44 83
is_linear=0
shrinkage=0.01


Tree=69
num_leaves=11
num_cat=0
split_feature=9 2 6 10 5 1 5 3 5 8
split_gain=113.341 40.2996 22.3341 16.7202 10.3651 8.0813 5.94587 3.81286 1.23991 0.673343
threshold=0.53850000000000009 0.21750000000000003 1.1840000000000004 0.43250000000000005 41.357000000000006 0.31250000000000006 36.39050000000001 56.206500000000013 41.736000000000011 0.17750000000000002
decision_type=2 2 2 2 2 2 2 2 2 2
left_child=1 2 8 -4 -3 -5 9 -8 -1 -2
right_child=6 4 3 5 -6 -7 7 -9 -10 -11
leaf_value=0.011553081754715208 -0.010847688578140851 -0.0092796678434718723 0.011952072941420372 -0.0027648782004148532 0.0017219849459586605 0.0053923424973822479 -0.0075423260710456158 -0.00092893455529855081 0.020188272287768701 -0.0071151950622646556
leaf_weight=15.000000000000002 32 16.000000000000004 28 19 14.999999999999998 28 15.999999999999998 28 14.999999999999998 51
leaf_count=15 32 16 28 19 15 28 16 28 15 51
internal_value=-0.000242647 0.00605105 0.00902741 0.00583312 -0.00369599 0.00188982 -0.00705808 -0.00361625 0.0164587 -0.00873033
internal_weight=263 136 105 75 31 47 127 44 30 83
internal_count=263 136 105 75 31 47 127 44 30 83
is_linear=0
shrinkage=0.01


Tree=70
num_leaves=9
num_cat=0
split_feature=5 1 10 7 4 6 3 5
split_gain=97.1897 45.8702 23.2348 20.565 14.9616 11.5515 7.42689 1.38418
threshold=43.730500000000013 0.32250000000000006 0.44750000000000006 0.18550000000000003 0.82950000000000002 1.3155000000000003 59.850500000000004 39.989500000000007
decision_type=2 2 2 2 2 2 2 2
left_child=1 3 5 6 -3 -2 -1 -8
right_child=2 4 -4 -5 -6 -7 7 -9
leaf_value=7.1465047923001377e-05 0.023258934497833252 0.00023586348915586667 0.0019310388905661446 -0.0053897183832640827 -0.0080330809059978876 0.0093949911845001306 0.011017340878645579 0.0048425901224536287
leaf_weight=15.999999999999998 17 24 17 19 117 15.999999999999998 22 14.999999999999998
leaf_count=16 17 24 17 19 117 16 22 15
internal_value=-0.000239987 -0.00322753 0.0121949 0.00315903 -0.00655907 0.0170761 0.00643233 0.00887868
internal_weight=263 213 50 72 141 33 53 37
internal_count=263 213 50 72 141 33 53 37
is_linear=0
shrinkage=0.01


Tree=71
num_leaves=11
num_cat=0
split_feature=9 2 6 10 5 1 5 0 5 8
split_gain=109.242 39.1334 21.6567 16.2151 10.0839 7.97022 5.78592 3.6356 1.08183 0.660637
threshold=0.53850000000000009 0.21750000000000003 1.1840000000000004 0.43250000000000005 41.357000000000006 0.31250000000000006 36.39050000000001 0.70250000000000001 41.736000000000011 0.17750000000000002
decision_type=2 2 2 2 2 2 2 2 2 2
left_child=1 2 8 -4 -3 -5 9 -8 -1 -2
right_child=6 4 3 5 -6 -7 7 -9 -10 -11
leaf_value=0.011390706603565521 -0.010670900505322677 -0.0091663496241425006 0.011754993721842766 -0.0027796750420179123 0.0016776923979482344 0.0053230827210242297 -0.00041537068556157911 -0.0066746259626091972 0.019835830657712876 -0.0069766808858195556
leaf_weight=15.000000000000002 32 16.000000000000004 28 19 14.999999999999998 28 24 20 14.999999999999998 51
leaf_count=15 32 16 28 19 15 28 24 20 15 51
internal_value=-0.000234601 0.00594353 0.00887709 0.00572876 -0.00365843 0.00184219 -0.00692635 -0.00352823 0.0161971 -0.00857609
internal_weight=263 136 105 75 31 47 127 44 30 83
internal_count=263 136 105 75 31 47 127 44 30 83
is_linear=0
shrinkage=0.01


Tree=72
num_leaves=13
num_cat=0
split_feature=4 5 2 10 1 8 8 5 4 4 8 0
split_gain=104.779 34.2549 19.7567 18.1025 15.1504 9.44809 7.31225 5.30114 3.27141 1.61708 1.11391 0.280009
threshold=0.88350000000000006 43.567500000000003 0.19750000000000004 0.44750000000000006 0.31750000000000006 0.26250000000000007 0.30550000000000005 35.010500000000008 0.83350000000000002 0.9425 0.19350000000000003 0.64750000000000008
decision_type=2 2 2 2 2 2 2 2 2 2 2 2
left_child=1 2 6 11 -2 -4 -1 9 -8 -6 -9 -3
right_child=4 3 5 -5 7 -7 8 10 -10 -11 -12 -13
leaf_value=0.012168975715126311 0.0019991134043250767 0.021044456940708733 -0.0082075604626110615 0.0038665867022105627 -0.0049865810734486477 0.0012366616947853818 0.0061508704912968176 -0.0067101490898774218 0 -0.010777402179371011 -0.0024054121398279127 0.012920426610977418
leaf_weight=17 17 16.000000000000004 17 17 14.999999999999998 23 19 19 14.999999999999998 50 26 14.999999999999998
leaf_count=17 17 16 17 17 15 23 19 19 15 50 26 15
internal_value=0.00023045 0.006255 0.00248532 0.0130962 -0.00628359 -0.00258199 0.00664035 -0.00765739 0.00344988 -0.009642 -0.00449651 0.0176984
internal_weight=266 139 91 48 127 40 51 110 34 65 45 31
internal_count=266 139 91 48 127 40 51 110 34 65 45 31
is_linear=0
shrinkage=0.01


Tree=73
num_leaves=14
num_cat=0
split_feature=9 1 5 1 6 6 5 6 1 0 8 7 6
split_gain=114.103 33.4764 26.3256 15.7043 14.1553 11.201 10.3935 9.87064 3.73368 2.61877 2.12567 0.173898 0.143006
threshold=0.53850000000000009 0.33250000000000007 43.567500000000003 0.30750000000000005 1.1285000000000001 1.3175000000000001 35.010500000000008 1.3175000000000001 0.32750000000000007 0.65250000000000019 0.24950000000000003 0.20650000000000002 1.5645000000000002
decision_type=2 2 2 2 2 2 2 2 2 2 2 2 2
left_child=1 2 4 -4 -1 -6 10 -3 -8 -7 12 -10 -2
right_child=6 7 3 -5 5 9 8 -9 11 -11 -12 -13 -14
leaf_value=0.013754292005492795 -0.011603884764321863 0.0025884389253549799 0.007313178353237383 0.021866970525847542 -0.003259915243356656 0.0094145589297817585 0.00077695094289318214 -0.0077156283201709874 -0.0055548459222065473 0.002224389987607156 -0.0048206041208826581 -0.0021005974830158296 -0.00692047294027902
leaf_weight=14.999999999999998 36 21 15.999999999999998 22 19 15.000000000000002 14.999999999999998 14.999999999999998 25 14.999999999999998 19 14.999999999999998 18
leaf_count=15 36 21 16 22 19 15 15 15 25 15 19 15 18
internal_value=0.000228979 0.00656145 0.00948977 0.0161734 0.00527173 0.00236031 -0.00651936 -0.00147783 -0.00292189 0.00624274 -0.00905541 -0.00454834 -0.010304
internal_weight=266 138 102 38 64 49 128 36 55 30 73 40 54
internal_count=266 138 102 38 64 49 128 36 55 30 73 40 54
is_linear=0
shrinkage=0.01


Tree=74
num_leaves=13
num_cat=0
split_feature=9 1 5 1 3 5 8 1 5 8 10 4
split_gain=111.96 32.8437 25.7978 15.3656 13.9352 10.1872 6.88326 3.6699 2.86389 2.06817 1.31519 0.19624
threshold=0.53850000000000009 0.33250000000000007 43.567500000000003 0.30750000000000005 69.971000000000018 35.010500000000008 0.26450000000000007 0.32750000000000007 40.433500000000009 0.24950000000000003 0.43750000000000006 0.95650000000000002
decision_type=2 2 2 2 2 2 2 2 2 2 2 2
left_child=1 2 4 -4 8 9 -3 -7 -1 10 -2 -9
right_child=5 6 3 -5 -6 7 -8 11 -10 -11 -12 -13
leaf_value=0.0043384267137212265 -0.0063669642500388318 -0.0061625768542289744 0.0072422630655946153 0.021653160214424136 0.013639137466107645 0.00076943205248924994 0.0022829777002334596 -0.0028946622621779348 -0.00012453350352077948 -0.004773634145848262 -0.011887088902819325 -0.0063671061348530558
leaf_weight=29 19 17 15.999999999999998 22 14.999999999999998 14.999999999999998 19 25 20 19 35 14.999999999999998
leaf_count=29 19 17 16 22 15 15 19 25 20 19 35 15
internal_value=0.000226614 0.00649967 0.0094003 0.016018 0.00522228 -0.00645767 -0.00146101 -0.00289329 0.00233193 -0.00896916 -0.0102045 -0.00450627
internal_weight=266 138 102 38 64 128 36 55 49 73 54 40
internal_count=266 138 102 38 64 128 36 55 49 73 54 40
is_linear=0
shrinkage=0.01


Tree=75
num_leaves=14
num_cat=0
split_feature=9 1 5 1 6 6 5 6 1 0 6 0 4
split_gain=109.844 32.2152 25.2905 15.0339 13.6528 10.9903 9.98435 9.64715 3.60756 2.56078 1.64591 0.318792 0.184119
threshold=0.53850000000000009 0.33250000000000007 43.567500000000003 0.30750000000000005 1.1285000000000001 1.3175000000000001 35.010500000000008 1.3175000000000001 0.32750000000000007 0.65250000000000019 1.5035000000000001 0.74750000000000016 0.95650000000000002
decision_type=2 2 2 2 2 2 2 2 2 2 2 2 2
left_child=1 2 4 -4 -1 -6 10 -3 -8 -7 -2 -12 -10
right_child=6 7 3 -5 5 9 8 -9 12 -11 11 -13 -14
leaf_value=0.013504074571594115 -0.010636700663277333 0.002572282881930817 0.0071720346695545948 0.021441440410084195 -0.0032570761136519605 0.0092929827205596414 0.00076198594704751047 -0.007614015561919059 -0.002866283140930475 0.0021752755680391868 -0.0034445654487971094 -0.0080039371982697522 -0.006305488885170029
leaf_weight=14.999999999999998 42 21 15.999999999999998 22 19 15.000000000000002 14.999999999999998 14.999999999999998 25 14.999999999999998 16.000000000000004 14.999999999999998 14.999999999999998
leaf_count=15 42 21 16 22 19 15 15 15 25 15 16 15 15
internal_value=0.00022381 0.00643766 0.00931053 0.0158642 0.00517144 0.00230798 -0.00639666 -0.0014442 -0.00286513 0.006156 -0.00888376 -0.0060602 -0.00446482
internal_weight=266 138 102 38 64 49 128 36 55 30 73 31 40
internal_count=266 138 102 38 64 49 128 36 55 30 73 31 40
is_linear=0
shrinkage=0.01


Tree=76
num_leaves=13
num_cat=0
split_feature=9 5 2 10 3 5 5 7 10 8 10 0
split_gain=107.783 26.4546 18.0397 15.686 13.953 9.78533 5.83152 6.129 3.21609 2.00902 1.27548 0.873025
threshold=0.53850000000000009 43.567500000000003 0.22250000000000003 0.44750000000000006 70.381500000000003 35.010500000000008 38.146000000000008 0.062500000000000014 0.43750000000000006 0.24950000000000003 0.43750000000000006 0.70250000000000001
decision_type=2 2 2 2 2 2 2 2 2 2 2 2
left_child=1 2 4 -3 6 9 -1 -8 -7 10 -2 -10
right_child=5 3 -4 -5 -6 8 7 -9 11 -11 -12 -13
leaf_value=-0.0010031666000222051 -0.0062261173797723583 0.01649153922039729 -0.0053371034639003948 0.0036174967118671963 0.013923289501859296 0.00054290518645317321 0.00089598891444695307 0.01008412250588017 -0.0016180050500801632 -0.0046560508089187819 -0.011677034144670192 -0.0058538877432967752
leaf_weight=21 19 32 19 17 14.999999999999998 14.999999999999998 19 14.999999999999998 17 19 35 23
leaf_count=21 19 32 19 17 15 15 19 15 17 19 35 23
internal_value=0.000221474 0.00637709 0.00294911 0.0123087 0.00536197 -0.00633621 0.00274248 0.00532683 -0.00283723 -0.00879914 -0.0100173 -0.00434275
internal_weight=266 138 89 49 70 128 55 34 55 73 54 40
internal_count=266 138 89 49 70 128 55 34 55 73 54 40
is_linear=0
shrinkage=0.01


Tree=77
num_leaves=11
num_cat=0
split_feature=9 1 7 6 6 1 6 1 8 4
split_gain=105.745 31.232 18.3554 14.7647 9.39647 8.41774 4.34376 4.9094 2.75027 0.279044
threshold=0.53850000000000009 0.33250000000000007 0.0095000000000000015 1.1955000000000002 1.3175000000000001 0.32250000000000006 1.3025000000000002 0.30750000000000005 0.21300000000000002 0.94750000000000012
decision_type=2 2 2 2 2 2 2 2 2 2
left_child=1 2 -1 -4 -3 -2 -5 -8 -7 -10
right_child=5 4 3 6 -6 8 7 -9 9 -11
leaf_value=0.00054843357205390931 0 0.0025177804051443589 0.018701175222794214 0.0027907331242705835 -0.007531280979033439 -0.0089670536012982759 0.0053861295831639589 0.013680489043394724 -0.0031885532723231746 -0.006662211638648767
leaf_weight=22 20 21 22 15.999999999999998 14.999999999999998 63 20 22 27 18
leaf_count=22 20 21 22 16 15 63 20 22 27 18
internal_value=0.000218681 0.00631615 0.00914527 0.0113671 -0.00144117 -0.00627633 0.00827818 0.0100759 -0.00737644 -0.00485574
internal_weight=266 138 102 80 36 128 58 42 108 45
internal_count=266 138 102 80 36 128 58 42 108 45
is_linear=0
shrinkage=0.01


Tree=78
num_leaves=14
num_cat=0
split_feature=9 1 5 1 3 6 5 6 1 0 8 4 6
split_gain=103.757 30.6454 24.3443 14.6296 13.1859 10.7296 9.55232 9.21786 3.45372 2.55672 1.91075 0.172689 0.14431
threshold=0.53850000000000009 0.33250000000000007 43.567500000000003 0.30750000000000005 69.971000000000018 1.3175000000000001 35.010500000000008 1.3175000000000001 0.32750000000000007 0.65250000000000019 0.24950000000000003 0.95650000000000002 1.5645000000000002
decision_type=2 2 2 2 2 2 2 2 2 2 2 2 2
left_child=1 2 4 -4 5 -1 10 -3 -8 -7 12 -10 -2
right_child=6 7 3 -5 -6 9 8 -9 11 -11 -12 -13 -14
leaf_value=-0.0033177417822373217 -0.011108046642517392 0.0024931881108949351 0.0069169873287054633 0.020987630036142138 0.013182057937787426 0.0091066077543843164 0.00078351452946662909 -0.0074583977749270785 -0.0027552332407703591 0.0020316947467865481 -0.0045753224652547103 -0.0061261728366896993 -0.0065441802627331505
leaf_weight=19 36 21 15.999999999999998 22 14.999999999999998 15.000000000000002 14.999999999999998 14.999999999999998 25 14.999999999999998 19 14.999999999999998 18
leaf_count=19 36 21 16 22 15 15 15 15 25 15 19 15 18
internal_value=0.000216962 0.00625718 0.00905972 0.0154897 0.00499643 0.00218076 -0.00621634 -0.0014247 -0.00275801 0.00598832 -0.00864939 -0.00432627 -0.00984424
internal_weight=266 138 102 38 64 49 128 36 55 30 73 40 54
internal_count=266 138 102 38 64 49 128 36 55 30 73 40 54
is_linear=0
shrinkage=0.01


Tree=79
num_leaves=11
num_cat=0
split_feature=9 1 7 6 6 1 6 1 8 4
split_gain=101.812 30.0667 18.0475 14.3378 9.04267 8.16799 4.17022 4.75687 2.61356 0.259533
threshold=0.53850000000000009 0.33250000000000007 0.0095000000000000015 1.1955000000000002 1.3175000000000001 0.32250000000000006 1.3025000000000002 0.30750000000000005 0.21300000000000002 0.94750000000000012
decision_type=2 2 2 2 2 2 2 2 2 2
left_child=1 2 -1 -4 -3 -2 -5 -8 -7 -10
right_child=5 4 3 6 -6 8 7 -9 9 -11
leaf_value=0.00045213691393534343 0 0.0024688360372255016 0.01840737910899851 0.0027330434683597448 -0.0073862195014953612 -0.0087988492966204236 0.0052664134635521873 0.013443737586339315 -0.0031233488009734592 -0.00654314561872869
leaf_weight=22 20 21 22 15.999999999999998 14.999999999999998 63 20 22 27 18
leaf_count=22 20 21 22 16 15 63 20 22 27 18
internal_value=0.000214673 0.00619836 0.00897444 0.0111765 -0.0014084 -0.00615769 0.0081289 0.00989284 -0.00724117 -0.00476792
internal_weight=266 138 102 80 36 128 58 42 108 45
internal_count=266 138 102 80 36 128 58 42 108 45
is_linear=0
shrinkage=0.01


Tree=80
num_leaves=14
num_cat=0
split_feature=4 5 2 10 4 8 8 7 8 7 5 0 6
split_gain=90.5186 30.353 18.034 16.2156 9.99025 8.46828 6.89318 5.23943 5.23211 3.3736 3.24365 0.337198 0.0736606
threshold=0.88350000000000006 43.567500000000003 0.19750000000000004 0.44750000000000006 0.9425 0.26250000000000007 0.30550000000000005 0.068500000000000019 0.21750000000000003 0.17650000000000002 36.39050000000001 0.64750000000000008 1.5435000000000001
decision_type=2 2 2 2 2 2 2 2 2 2 2 2 2
left_child=1 2 6 11 8 -4 -1 -8 -2 -10 12 -3 -6
right_child=4 3 5 -5 10 -7 7 -9 9 -11 -12 -13 -14
leaf_value=0.011592805732573781 -0.0066805109968691156 0.019846706914179248 -0.0078965852005141134 0.0034927138090133669 -0.010915579738068408 0.0010160979470039935 -0.00026340673651014057 0.0070193742854254585 0.0032840814164706638 -0.0029141903434480938 -0.0036428788236183363 0.011988817270762557 -0.0067839430898745017
leaf_weight=17 15.999999999999998 16.000000000000004 17 17 34 23 17 17 17 17 20 14.999999999999998 23
leaf_count=17 16 16 17 17 34 23 17 17 17 17 20 15 23
internal_value=0.000213009 0.00581514 0.00226002 0.0122561 -0.00583878 -0.0025756 0.00623502 0.00313708 -0.00205456 0 -0.00813792 0.0166126 -0.00949583
internal_weight=266 139 91 48 127 40 51 34 50 34 77 31 57
internal_count=266 139 91 48 127 40 51 34 50 34 77 31 57
is_linear=0
shrinkage=0.01


Tree=81
num_leaves=11
num_cat=0
split_feature=4 1 4 7 8 6 8 7 6 9
split_gain=115.385 22.679 14.5292 13.8365 12.3249 6.72485 4.45409 9.69149 3.54574 0.184366
threshold=0.88350000000000006 0.32750000000000007 0.78650000000000009 0.11300000000000002 0.27150000000000007 1.1545000000000003 0.21750000000000003 0.18900000000000003 1.2425000000000004 0.64850000000000019
decision_type=2 2 2 2 2 2 2 2 2 2
left_child=1 2 5 8 -3 -1 -2 -8 -4 -9
right_child=6 4 3 -5 -6 -7 7 9 -10 -11
leaf_value=0.020384253555852355 -0.0082212424113535555 -0.0040942399774460082 -0.00058600230940750674 0.013785306305596323 0.0060750352512014671 0.0092735714525789825 0.00072251889497992839 -0.00915493916613715 0.0051412791522537794 -0.0048201655042032863
leaf_weight=15.999999999999998 73 23 17 15.999999999999998 23 18 23 17 20 21
leaf_count=16 73 23 17 16 23 18 23 17 20 21
internal_value=9.6903e-05 0.00671947 0.00972 0.00602988 0.000785993 0.0150116 -0.00640243 -0.00401408 0.00227043 -0.00711286
internal_weight=267 133 87 53 46 34 134 61 37 38
internal_count=267 133 87 53 46 34 134 61 37 38
is_linear=0
shrinkage=0.01


Tree=82
num_leaves=10
num_cat=0
split_feature=5 4 10 1 5 7 9 0 1
split_gain=134.718 40.1287 21.7719 9.87337 6.64229 6.179 5.35667 6.10298 0.782053
threshold=44.151000000000003 0.88350000000000006 0.44750000000000006 0.32750000000000007 39.003000000000007 0.12550000000000003 0.42300000000000004 0.60750000000000004 0.35750000000000004
decision_type=2 2 2 2 2 2 2 2 2
left_child=1 3 -2 6 8 -5 -1 -8 -3
right_child=2 4 -4 5 -6 -7 7 -9 -10
leaf_value=0.00072751251181130702 0.023424613310935653 -0.0065127136475948543 0.0071674539446830755 0.0015013315127446101 -0.00082479326923688256 -0.0065459809836113094 0.0016576326037606886 0.011255782572804272 -0.010197558536174449
leaf_weight=26 23 88 17 19 22 15.999999999999998 14.999999999999998 18 23
leaf_count=26 23 88 17 19 22 16 15 18 23
internal_value=9.64668e-05 -0.0028576 0.016936 0.0020579 -0.00640132 -0.00193613 0.00459167 0.00728135 -0.00740823
internal_weight=267 227 40 94 133 35 59 33 111
internal_count=267 227 40 94 133 35 59 33 111
is_linear=0
shrinkage=0.01


Tree=83
num_leaves=10
num_cat=0
split_feature=5 4 10 1 5 9 3 6 1
split_gain=132.119 39.3797 21.3133 9.68851 6.50063 5.24947 6.90466 3.71384 0.754059
threshold=44.151000000000003 0.88350000000000006 0.44750000000000006 0.32750000000000007 39.003000000000007 0.42300000000000004 62.338000000000008 1.2945000000000002 0.35750000000000004
decision_type=2 2 2 2 2 2 2 2 2
left_child=1 3 -2 5 8 -1 -7 -5 -3
right_child=2 4 -4 7 -6 6 -8 -9 -10
leaf_value=0.0007203746388473038 0.02319535128613736 -0.0064479544749062537 0.0070978273919650491 0.00095958643725940166 -0.00081672842966185684 0.011404190393718514 0.0013337468692371924 -0.005122344860353986 -0.010097752703314131
leaf_weight=26 23 88 17 17 22 18 14.999999999999998 18 23
leaf_count=26 23 88 17 17 22 18 15 18 23
internal_value=9.62807e-05 -0.00282878 0.0167729 0.00203989 -0.00633946 0.00455026 0.00721345 -0.00191467 -0.0073358
internal_weight=267 227 40 94 133 59 33 35 111
internal_count=267 227 40 94 133 59 33 35 111
is_linear=0
shrinkage=0.01


Tree=84
num_leaves=10
num_cat=0
split_feature=5 4 10 1 5 7 9 3 1
split_gain=129.569 38.6453 20.8638 9.50684 6.36187 6.03286 5.14435 6.75692 0.726721
threshold=44.151000000000003 0.88350000000000006 0.44750000000000006 0.32750000000000007 39.003000000000007 0.12550000000000003 0.42300000000000004 62.338000000000008 0.35750000000000004
decision_type=2 2 2 2 2 2 2 2 2
left_child=1 3 -2 6 8 -5 -1 -8 -3
right_child=2 4 -4 5 -6 -7 7 -9 -10
leaf_value=0.00071330680705185214 0.022968332551895305 -0.0063838392165673653 0.0070288769262177612 0.0014991858372321496 -0.00080874274008803902 -0.0064512636964068268 0.011293230850148845 0.0013208396348261065 -0.0099989237477804745
leaf_weight=26 23 88 17 19 22 15.999999999999998 18 14.999999999999998 23
leaf_count=26 23 88 17 19 22 16 18 15 23
internal_value=9.61071e-05 -0.00280023 0.0166114 0.0020221 -0.00627821 -0.00189329 0.00450925 0.0071462 -0.00726408
internal_weight=267 227 40 94 133 35 59 33 111
internal_count=267 227 40 94 133 35 59 33 111
is_linear=0
shrinkage=0.01


Tree=85
num_leaves=11
num_cat=0
split_feature=5 1 10 5 1 9 0 7 0 8
split_gain=127.07 28.7479 20.4235 15.9143 9.05031 8.64514 5.62105 3.03647 2.12259 0.183103
threshold=44.151000000000003 0.32750000000000007 0.44750000000000006 39.003000000000007 0.30750000000000005 0.46700000000000008 0.60250000000000015 0.12350000000000001 0.62250000000000016 0.19350000000000003
decision_type=2 2 2 2 2 2 2 2 2 2
left_child=1 3 -2 4 -1 -3 -5 -7 -6 -9
right_child=2 5 -4 6 8 7 -8 9 -10 -11
leaf_value=0.0025652659113736863 0.022743536056356227 0.00021308867846216474 0.0069605965018272398 0.0007526614494395978 -0.0018109667918511799 -0.0031985693208195949 0.0091699920199355307 -0.0096460980430677322 -0.0078397121542208899 -0.0064901932720456603
leaf_weight=23 23 17 17 15.999999999999998 17 27 24 34 18 51
leaf_count=23 23 17 17 16 17 27 24 34 18 51
internal_value=9.59158e-05 -0.00277198 0.0164514 0.00122478 -0.00199048 -0.00587851 0.00610083 -0.00688885 -0.0052599 -0.00791854
internal_weight=267 227 40 98 58 129 40 112 35 85
internal_count=267 227 40 98 58 129 40 112 35 85
is_linear=0
shrinkage=0.01


Tree=86
num_leaves=10
num_cat=0
split_feature=5 4 10 2 5 9 5 1 1
split_gain=124.626 37.3873 19.9922 19.9608 8.79998 6.87571 6.09913 5.58804 0.706397
threshold=44.151000000000003 0.88350000000000006 0.44750000000000006 0.22250000000000003 39.426000000000009 0.42300000000000004 39.003000000000007 0.31750000000000006 0.35750000000000004
decision_type=2 2 2 2 2 2 2 2 2
left_child=1 3 -2 4 7 -6 8 -1 -3
right_child=2 6 -4 -5 5 -7 -8 -9 -10
leaf_value=0.0047914057291998735 0.022520940062847546 -0.0062609005254814359 0.0068929791833673209 -0.0056076362729072576 0.0028486687125581682 0.013077984912054879 -0.00079837331838077965 -0.0027403284077133451 -0.0098339094987951545
leaf_weight=20 23 88 17 24 15.999999999999998 17 22 17 23
leaf_count=20 23 88 17 24 16 17 22 17 23
internal_value=9.52075e-05 -0.00274462 0.0162931 0.00199734 0.00476788 0.00853337 -0.00616592 0.00107382 -0.00713172
internal_weight=267 227 40 94 70 33 133 37 111
internal_count=267 227 40 94 70 33 133 37 111
is_linear=0
shrinkage=0.01


Tree=87
num_leaves=10
num_cat=0
split_feature=5 4 10 1 5 7 6 0 1
split_gain=122.232 36.6738 19.5695 8.98331 5.96858 5.82265 3.68434 5.27906 0.680309
threshold=44.151000000000003 0.88350000000000006 0.44750000000000006 0.32750000000000007 39.003000000000007 0.12550000000000003 1.2555000000000003 0.53250000000000008 0.35750000000000004
decision_type=2 2 2 2 2 2 2 2 2
left_child=1 3 -2 6 8 -5 7 -1 -3
right_child=2 4 -4 5 -6 -7 -8 -9 -10
leaf_value=0.0058976295938895588 0.022300522023058954 -0.006198645208430829 0.0068260189848286766 0.001505176585454207 -0.00079056698415014477 -0.006305082404252255 0.0071156192649351928 -0.0019759014248847961 -0.0097376628604499589
leaf_weight=15.000000000000002 23 88 17 19 22 15.999999999999998 28 15.999999999999998 23
leaf_count=15 23 88 17 19 22 16 28 16 23
internal_value=9.43469e-05 -0.00271771 0.0161362 0.00197802 -0.00610639 -0.00182205 0.00439674 0.00154955 -0.00706202
internal_weight=267 227 40 94 133 35 59 31 111
internal_count=267 227 40 94 133 35 59 31 111
is_linear=0
shrinkage=0.01


Tree=88
num_leaves=10
num_cat=0
split_feature=5 4 10 1 5 7 9 3 1
split_gain=119.887 35.9713 19.1554 8.80539 5.84069 5.71368 4.9246 6.42127 0.654836
threshold=44.151000000000003 0.88350000000000006 0.44750000000000006 0.32750000000000007 39.003000000000007 0.12550000000000003 0.42300000000000004 62.338000000000008 0.35750000000000004
decision_type=2 2 2 2 2 2 2 2 2
left_child=1 3 -2 6 8 -5 -1 -8 -3
right_child=2 4 -4 5 -6 -7 7 -9 -10
leaf_value=0.00063537064518006336 0.022082261963093534 -0.0061370089631211959 0.0067597089920725141 0.0014905107326996633 -0.00078283701009220549 -0.0062439422636772646 0.010974021487542101 0.0012379635173466897 -0.0096423580266654183
leaf_weight=26 23 88 17 19 22 15.999999999999998 18 14.999999999999998 23
leaf_count=26 23 88 17 19 22 16 18 15 23
internal_value=9.33779e-05 -0.00269121 0.0159809 0.00195857 -0.00604745 -0.00180169 0.0043537 0.00693158 -0.00699301
internal_weight=267 227 40 94 133 35 59 33 111
internal_count=267 227 40 94 133 35 59 33 111
is_linear=0
shrinkage=0.01


Tree=89
num_leaves=12
num_cat=0
split_feature=5 7 9 10 5 0 10 1 1 5 5
split_gain=117.575 27.2261 19.7367 18.7498 7.85768 7.33149 4.65004 4.25437 3.27602 0.084088 2.76136
threshold=44.151000000000003 0.17650000000000002 0.62050000000000016 0.44750000000000006 39.003000000000007 0.60250000000000015 0.45750000000000007 0.32250000000000006 0.33250000000000007 37.048000000000009 33.64950000000001
decision_type=2 2 2 2 2 2 2 2 2 2 2
left_child=1 2 4 -2 6 -6 -1 -3 -4 10 -9
right_child=3 7 8 -5 5 -7 -8 9 -10 -11 -12
leaf_value=0.0029262905978426641 0.021866137347322831 -0.0019123841386015823 -0.00089151757007295443 0.0066940431211675927 0.00027792307976129893 0.0091134331714023253 -0.0034452936243872315 -0.0082732775785784793 -0.0074489674588496041 -0.00999379405642257 -0.0019625980950771804
leaf_weight=24 23 20 15.999999999999998 17 18 27 21 34 27 25 14.999999999999998
leaf_count=24 23 20 16 17 18 27 21 34 27 25 15
internal_value=9.31987e-05 -0.00266404 0.000178462 0.0158272 0.00291029 0.0058409 0 -0.00677136 -0.00527716 -0.00792873 -0.00658279
internal_weight=267 227 133 40 90 45 45 94 43 74 49
internal_count=267 227 133 40 90 45 45 94 43 74 49
is_linear=0
shrinkage=0.01


Tree=90
num_leaves=14
num_cat=0
split_feature=5 1 1 1 6 5 3 4 8 4 1 4 4
split_gain=78.1808 22.7821 22.6886 13.4882 14.57 9.42779 9.3049 11.0242 6.30545 3.42268 0.758613 0.0148202 2.86247
threshold=39.647500000000008 0.31750000000000006 0.33750000000000008 0.30750000000000005 1.2815000000000001 34.879500000000007 64.000500000000017 0.83350000000000002 0.26450000000000007 0.85150000000000003 0.35250000000000004 0.90250000000000019 0.9385
decision_type=2 2 2 2 2 2 2 2 2 2 2 2 2
left_child=1 5 3 4 -2 -1 7 -5 -4 -3 11 -11 -13
right_child=2 9 8 6 -6 -7 -8 -9 -10 10 -12 12 -14
leaf_value=-0.0038687744880876234 0.010981863823629194 -0.001182651173683905 -0.0048719832343714579 0.021576425858906338 -0.0016968734524188897 0.0058148235075321858 0.0046182115063551936 0.0085763111307814305 0.0036654143554694725 -0.0087116765163161546 -0.009732973889430176 -0.0017675935948888461 -0.0070043200053188995
leaf_weight=14.999999999999998 14.999999999999998 14.999999999999998 17 17 19 25 14.999999999999998 18 15.999999999999998 15.999999999999998 26 22 43
leaf_count=15 15 15 17 17 19 25 15 18 16 16 26 22 43
internal_value=5.02205e-05 -0.00440704 0.00629941 0.0090528 0.00368492 0.00193363 0.0124323 0.0153873 -0.000441205 -0.00656699 -0.00721977 -0.0062356 -0.00541158
internal_weight=279 162 117 84 34 40 50 35 33 122 107 81 65
internal_count=279 162 117 84 34 40 50 35 33 122 107 81 65
is_linear=0
shrinkage=0.01


Tree=91
num_leaves=14
num_cat=0
split_feature=5 1 1 1 6 5 3 4 8 4 1 4 4
split_gain=76.7234 22.3493 22.2599 13.2326 14.2962 9.24846 9.1062 10.7818 6.18447 3.34656 0.726035 0.00196134 2.79525
threshold=39.647500000000008 0.31750000000000006 0.33750000000000008 0.30750000000000005 1.2815000000000001 34.879500000000007 64.000500000000017 0.83350000000000002 0.26450000000000007 0.85150000000000003 0.35250000000000004 0.90250000000000019 0.9385
decision_type=2 2 2 2 2 2 2 2 2 2 2 2 2
left_child=1 5 3 4 -2 -1 7 -5 -4 -3 11 -11 -13
right_child=2 9 8 6 -6 -7 -8 -9 -10 10 -12 12 -14
leaf_value=-0.0038313348975873764 0.010875587636424648 -0.001171206082067182 -0.0048246552475861145 0.021366826500211444 -0.0016803396359468118 0.0057578153740249424 0.0045735190328090418 0.0084928658524075079 0.0036298711146369122 -0.008627199723074833 -0.009637480666333775 -0.0017503104623821048 -0.006935081921260933
leaf_weight=14.999999999999998 14.999999999999998 14.999999999999998 17 17 19 25 14.999999999999998 18 15.999999999999998 15.999999999999998 26 22 43
leaf_count=15 15 15 17 17 19 25 15 18 16 16 26 22 43
internal_value=4.89383e-05 -0.00436625 0.00623994 0.00896724 0.00364652 0.00191206 0.0123154 0.0152405 -0.000433988 -0.00650575 -0.00715163 -0.00617677 -0.00535966
internal_weight=279 162 117 84 34 40 50 35 33 122 107 81 65
internal_count=279 162 117 84 34 40 50 35 33 122 107 81 65
is_linear=0
shrinkage=0.01


Tree=92
num_leaves=13
num_cat=0
split_feature=4 2 4 4 2 4 4 6 8 9 10 8
split_gain=74.1101 18.6136 15.4216 15.0801 13.603 10.0033 6.95832 4.42102 4.19481 3.4598 1.16628 0.0803006
threshold=0.8650000000000001 0.19250000000000003 0.80750000000000022 0.9385 0.21750000000000003 0.78450000000000009 0.83350000000000002 1.2725000000000002 0.26250000000000007 0.52650000000000008 0.43250000000000005 0.19350000000000003
decision_type=2 2 2 2 2 2 2 2 2 2 2 2
left_child=1 2 10 4 8 -3 -7 -4 -2 -10 -1 -5
right_child=3 5 7 11 -6 6 -8 -9 9 -11 -12 -13
leaf_value=0.01773829400087848 -0.0018834524346152094 -0.0031320322188092215 0 -0.0090034910405885037 -0.0076571843170739244 0.0091674210332535408 0 0.0071966027341237885 0.0065566595220887978 0 0.010092430864061627 -0.0058778420019231425
leaf_weight=15.999999999999998 20 25 14.999999999999998 41 23 18 14.999999999999998 20 18 14.999999999999998 17 36
leaf_count=16 20 25 15 41 23 18 15 20 18 15 17 36
internal_value=4.76661e-05 0.00575 0.00930819 -0.00458666 -0.00125315 0.00136348 0.00506359 0.00417779 0.00138464 0.00366236 0.0143074 -0.00771853
internal_weight=279 126 68 153 76 58 33 35 53 33 33 77
internal_count=279 126 68 153 76 58 33 35 53 33 33 77
is_linear=0
shrinkage=0.01


Tree=93
num_leaves=11
num_cat=0
split_feature=4 2 4 4 2 4 7 6 9 10
split_gain=72.7074 18.2648 15.1155 14.7816 13.3364 9.81169 11.8285 4.33455 2.11892 1.11654
threshold=0.8650000000000001 0.19250000000000003 0.80750000000000022 0.9385 0.21750000000000003 0.78450000000000009 0.11950000000000001 1.2725000000000002 0.53850000000000009 0.43250000000000005
decision_type=2 2 2 2 2 2 2 2 2 2
left_child=1 2 9 4 8 -3 -7 -4 -2 -1
right_child=3 5 7 -5 -6 6 -8 -9 -10 -11
leaf_value=0.017566286244175652 0.0032235720961638803 -0.0031013260263146139 0 -0.0076435955659967039 -0.0075822416478966148 -0.00096095157246435851 0.01042566949854026 0.0071263919080176014 -0.00048247826342680017 0.0099943898490497049
leaf_weight=15.999999999999998 29 25 14.999999999999998 77 23 14.999999999999998 18 20 24 17
leaf_count=16 29 25 15 77 23 15 18 20 24 17
internal_value=4.73255e-05 0.00569576 0.0092207 -0.00454258 -0.00124063 0.00134866 0.00501433 0.00413725 0.00136962 0.0141715
internal_weight=279 126 68 153 76 58 33 35 53 33
internal_count=279 126 68 153 76 58 33 35 53 33
is_linear=0
shrinkage=0.01


Tree=94
num_leaves=14
num_cat=0
split_feature=5 1 1 1 6 3 4 5 8 4 1 4 4
split_gain=73.1789 21.3025 21.2504 13.0643 13.9006 8.95468 10.241 8.76559 5.89319 3.04261 0.687621 0.0540335 2.5974
threshold=39.647500000000008 0.31750000000000006 0.33750000000000008 0.30750000000000005 1.2815000000000001 64.000500000000017 0.83350000000000002 34.879500000000007 0.26450000000000007 0.85150000000000003 0.35250000000000004 0.90250000000000019 0.9385
decision_type=2 2 2 2 2 2 2 2 2 2 2 2 2
left_child=1 7 3 4 -2 6 -5 -1 -4 -3 11 -11 -13
right_child=2 9 8 5 -6 -7 -8 -9 -10 10 -12 12 -14
leaf_value=-0.0037203811253270799 0.010614026756055895 -0.0012084250104042792 -0.0047123302859919418 0.020968115878956656 -0.0017708861980682764 0.00441132779563627 0.0083696393225644091 0.0056090324401271109 0.0035387682463183545 -0.0084746168566529039 -0.0094115937030259163 -0.0016915526007716026 -0.0067184972728805978
leaf_weight=14.999999999999998 14.999999999999998 14.999999999999998 17 17 19 14.999999999999998 18 25 15.999999999999998 15.999999999999998 26 22 43
leaf_count=15 15 15 17 17 19 15 18 25 16 16 26 22 43
internal_value=4.70334e-05 -0.00426412 0.00609417 0.00875907 0.00347783 0.0120823 0.0149797 0.00186085 -0.000420182 -0.00635334 -0.00697259 -0.00601406 -0.00519564
internal_weight=279 162 117 84 34 50 35 40 33 122 107 81 65
internal_count=279 162 117 84 34 50 35 40 33 122 107 81 65
is_linear=0
shrinkage=0.01


Tree=95
num_leaves=14
num_cat=0
split_feature=5 7 5 5 10 10 4 2 2 3 3 8 8
split_gain=71.8166 18.2677 14.1827 19.4918 19.0799 7.91945 11.8093 3.70087 1.594 0.943801 0.348504 0.335891 0.0926798
threshold=39.647500000000008 0.041500000000000009 43.567500000000003 40.847000000000008 0.46250000000000008 0.42750000000000005 0.89300000000000013 0.19750000000000004 0.19250000000000003 66.116000000000014 58.111500000000007 0.18050000000000002 0.20050000000000004
decision_type=2 2 2 2 2 2 2 2 2 2 2 2 2
left_child=1 -1 3 -2 10 6 -3 -5 -7 11 -4 -10 -13
right_child=2 5 4 7 -6 8 -8 -9 9 -11 -12 12 -14
leaf_value=0.0058370059151803292 0.010764474566930381 0.0050333623091379795 0.0095554829005039098 0.0009647751205107745 0.00060325993275320202 -0.0037919339694474875 -0.0057916953019341647 -0.0048044571067605698 -0.011673638301510966 -0.0041210615940980386 0.016002427723672656 -0.0041259739451831381 -0.0082203751883750398
leaf_weight=14.999999999999998 19 15.999999999999998 15.999999999999998 25 18 28 24 17 14.999999999999998 18 22 14.999999999999998 31
leaf_count=15 19 16 16 25 18 28 24 17 15 18 22 15 31
internal_value=4.57724e-05 -0.00422473 0.00603669 0.00244603 0.0097147 -0.00533554 -0.00120608 -0.00116415 -0.00677345 -0.00767391 0.013707 -0.00851766 -0.00715902
internal_weight=279 162 117 61 56 147 40 42 107 79 38 61 46
internal_count=279 162 117 61 56 147 40 42 107 79 38 61 46
is_linear=0
shrinkage=0.01


Tree=96
num_leaves=15
num_cat=0
split_feature=9 2 8 6 7 9 7 0 1 7 8 2 8 8
split_gain=60.5411 20.1788 8.78591 8.48578 7.49352 6.47137 5.46195 4.6752 6.2091 5.05882 3.41897 1.6232 1.86284 0.853637
threshold=0.53850000000000009 0.19250000000000003 0.23650000000000002 1.1465000000000003 0.12950000000000003 0.75900000000000012 0.14450000000000002 0.60250000000000015 0.30250000000000005 0.095500000000000015 0.17750000000000002 0.21250000000000002 0.27750000000000008 0.20050000000000004
decision_type=2 2 2 2 2 2 2 2 2 2 2 2 2 2
left_child=1 3 -3 -1 5 -2 -4 -5 -9 -10 -6 12 13 -12
right_child=4 2 6 7 10 -7 -8 8 9 -11 11 -13 -14 -15
leaf_value=0.014391876237733024 0.0041508187690088814 -0.0053497625161439948 -0.00050699008835686579 0.00035196876661344008 -0.0095705096288160839 -0.0049531827818962834 0.0060550013442147287 0.0015696973970958164 0.013702162313904311 0.0043033061777391739 -0.0029180152690218338 -0.007149628833776304 -0.0057965967135551648 0
leaf_weight=17 15.000000000000002 19 22 15.999999999999998 27 14.999999999999998 23 17 18 14.999999999999998 15.000000000000002 25 19 15.999999999999998
leaf_count=17 15 19 22 16 27 15 23 17 18 15 15 25 19 16
internal_value=4.50684e-05 0.0044874 0.000101781 0.00772846 -0.00482486 -7.98899e-05 0.00265682 0.00576644 0.00728041 0.00985646 -0.00611569 -0.00468436 -0.00319512 -0.0012165
internal_weight=279 147 64 83 132 30 45 66 50 33 102 75 50 31
internal_count=279 147 64 83 132 30 45 66 50 33 102 75 50 31
is_linear=0
shrinkage=0.01


Tree=97
num_leaves=14
num_cat=0
split_feature=5 1 1 1 6 3 5 8 2 9 5 5 5
split_gain=69.6399 20.3649 20.2366 12.7412 13.5316 8.75679 8.37422 5.65896 2.61004 2.33379 1.92801 0.350777 4.63509
threshold=39.647500000000008 0.31750000000000006 0.33750000000000008 0.30750000000000005 1.2815000000000001 64.000500000000017 34.879500000000007 0.26450000000000007 0.19250000000000003 0.80600000000000016 43.567500000000003 37.967500000000008 35.010500000000008
decision_type=2 2 2 2 2 2 2 2 2 2 2 2 2
left_child=1 6 3 4 -2 10 -1 -4 9 -3 -5 12 -10
right_child=2 8 7 5 -6 -7 -8 -9 11 -11 -12 -13 -14
leaf_value=-0.0036216300581732104 0.010378330417217748 0 -0.0046170181887490412 0.010281870991897743 -0.0018442899943926397 0.0042426349414933116 0.0054913155033307912 0.0034672712579821097 -0.0083906955745631975 -0.0055910942321404436 0.018354615449905395 -0.010389613902136203 -0.0023824804849079196
leaf_weight=14.999999999999998 14.999999999999998 15.999999999999998 17 18 19 14.999999999999998 25 15.999999999999998 46 19 17 14.999999999999998 26
leaf_count=15 15 16 17 18 19 15 25 16 46 19 17 15 26
internal_value=4.46553e-05 -0.00416008 0.00594463 0.00854535 0.00333045 0.0118254 0.00182453 -0.000405607 -0.00620331 -0.00325532 0.0146879 -0.00724962 -0.00639039
internal_weight=279 162 117 84 34 50 40 33 122 35 35 87 72
internal_count=279 162 117 84 34 50 40 33 122 35 35 87 72
is_linear=0
shrinkage=0.01


Tree=98
num_leaves=11
num_cat=0
split_feature=5 7 5 5 8 4 2 5 2 7
split_gain=68.3419 17.5217 13.74 18.8721 7.52144 7.45886 7.40206 5.60717 3.49038 2.52594
threshold=39.647500000000008 0.041500000000000009 43.567500000000003 40.847000000000008 0.40450000000000008 0.9385 0.19250000000000003 45.847000000000008 0.19750000000000004 0.18300000000000002
decision_type=2 2 2 2 2 2 2 2 2 2
left_child=1 -1 3 -2 7 6 -3 -4 -5 -8
right_child=2 5 4 8 -6 -7 9 -9 -10 -11
leaf_value=0.0057270039858356601 0.010541220247172392 0.0013430145996458391 0.0016837524763635685 0.00085786705507951636 0.01575782201506875 -0.0076222496807992045 -0.0024597886413083238 0.010047136276960373 -0.0047276129083974024 -0.0077868084354947012
leaf_weight=14.999999999999998 19 25 18 25 15.999999999999998 71 29 22 17 22
leaf_count=15 19 25 18 25 16 71 29 22 17 22
internal_value=4.35344e-05 -0.00412149 0.0058886 0.00235278 0.00950821 -0.00521024 -0.00279111 0.00659778 -0.00119665 -0.00500518
internal_weight=279 162 117 61 56 147 76 40 42 51
internal_count=279 162 117 61 56 147 76 40 42 51
is_linear=0
shrinkage=0.01


Tree=99
num_leaves=10
num_cat=0
split_feature=5 5 1 2 4 3 5 9 9
split_gain=70.476 24.2633 12.8474 11.2468 10.6181 9.00245 7.08107 2.37792 1.40168
threshold=37.721500000000006 44.151000000000003 0.30750000000000005 0.21750000000000003 0.82350000000000001 55.428000000000004 40.847000000000008 0.39300000000000007 0.55950000000000022
decision_type=2 2 2 2 2 2 2 2 2
left_child=2 3 -1 4 -2 -3 -6 -7 -4
right_child=1 5 8 -5 6 7 -8 -9 -10
leaf_value=0.0026663904312637546 0.0094335398798187572 0.0033975319804683806 -0.0035468666669817607 -0.0047078333107324752 0.0044092095723631333 0.017734738389650982 -0.0033936555629096384 0.009165235581723127 -0.0075068755249030018
leaf_weight=14.999999999999998 22 14.999999999999998 24 19 25 15.999999999999998 20 15.999999999999998 81
leaf_count=15 22 15 24 19 25 16 20 16 81
internal_value=4.91068e-05 0.00509235 -0.00545543 0.00177245 0.00377955 0.0108739 0.000722306 0.0139646 -0.00671762
internal_weight=253 133 120 86 67 47 45 32 105
internal_count=253 133 120 86 67 47 45 32 105
is_linear=0
shrinkage=0.01


Tree=100
num_leaves=11
num_cat=0
split_feature=5 5 7 3 4 8 8 7 7 3
split_gain=69.1161 23.8153 11.6974 8.81359 8.21333 3.93708 4.65655 3.92406 7.66732 2.3484
threshold=37.721500000000006 44.151000000000003 0.045500000000000006 55.428000000000004 0.9385 0.23650000000000002 0.35200000000000004 0.18900000000000003 0.081500000000000017 63.159500000000001
decision_type=2 2 2 2 2 2 2 2 2 2
left_child=4 2 -2 -3 5 -1 -7 8 -4 -5
right_child=1 3 7 9 -6 6 -8 -9 -10 -11
leaf_value=-0.0061200769169208339 0.0077967343954963887 0.0033646525923282872 -0.003416748053235252 0.017327431759663992 -0.0079965580028295517 0.0022902942385445249 -0.0045783766810641151 -0.0046493723548271439 0.0045544384365732021 0.0087945496266888037
leaf_weight=19 23 14.999999999999998 20 17 62 23 15.999999999999998 15.999999999999998 27 14.999999999999998
leaf_count=19 23 15 20 17 62 23 16 16 27 15
internal_value=4.95556e-05 0.00504427 0.0017539 0.0107726 -0.00540123 -0.00241133 -0.000296742 -0.000338755 0.000951657 0.0138322
internal_weight=253 133 86 47 120 58 39 63 47 32
internal_count=253 133 86 47 120 58 39 63 47 32
is_linear=0
shrinkage=0.01


Tree=101
num_leaves=12
num_cat=0
split_feature=4 6 8 8 10 1 4 3 6 8 9
split_gain=62.7225 12.4138 15.9311 11.7579 8.97504 7.15037 5.78811 5.4683 3.88329 1.0172 0.960541
threshold=0.89300000000000013 1.1045000000000003 0.23650000000000002 0.49250000000000005 0.42750000000000005 0.30750000000000005 0.95650000000000002 54.422000000000004 1.0325000000000002 0.21750000000000003 0.60600000000000009
decision_type=2 2 2 2 2 2 2 2 2 2 2
left_child=1 8 -3 4 -4 -6 9 -7 -1 -2 -11
right_child=6 2 3 -5 5 7 -8 -9 -10 10 -12
leaf_value=0.0053020817474011437 -0.0048412860194976268 -0.0051432766669835799 0.011654286490792925 -0.0029308239334533293 -0.0016332698108688479 0.010317104547151497 -0.0076598347058473536 0.0019154863354078559 0.014397545471306769 -0.0031274455413222314 0
leaf_weight=15.000000000000002 18 19 23 14.999999999999998 14.999999999999998 17 60 21 14.999999999999998 14.999999999999998 20
leaf_count=15 18 19 23 15 15 17 60 21 15 15 20
internal_value=4.94026e-05 0.00455455 0.00284679 0.00464333 0.00627833 0.00367134 -0.00543957 0.00601902 0.0103392 -0.00269105 -0.00125092
internal_weight=253 140 110 91 76 53 113 38 30 53 35
internal_count=253 140 110 91 76 53 113 38 30 53 35
is_linear=0
shrinkage=0.01


Tree=102
num_leaves=13
num_cat=0
split_feature=5 5 1 7 3 2 5 3 8 5 4 4
split_gain=67.0101 23.3224 12.3938 11.4175 8.60898 4.21679 7.36062 2.27903 1.08903 0.292463 0.78377 1.92361
threshold=37.721500000000006 44.151000000000003 0.30750000000000005 0.045500000000000006 55.428000000000004 0.21750000000000003 40.847000000000008 63.159500000000001 0.17650000000000002 31.186500000000006 0.94950000000000012 0.90250000000000019
decision_type=2 2 2 2 2 2 2 2 2 2 2 2
left_child=2 3 -1 -2 -3 6 -5 -6 -4 -10 11 -11
right_child=1 4 8 5 7 -7 -8 -9 9 10 -12 -13
leaf_value=0.0026529882643972673 0.0076816923040500355 0.0033055513135848507 -0.0087368298466525864 0.0049445488881699898 0.017115711067404067 -0.005003421104723408 -0.0027011483481952123 0.0086734548595643821 -0.0079451459417900737 -0.0048534945273635598 -0.0064234425144063106 0
leaf_weight=14.999999999999998 23 14.999999999999998 33 24 17 14.999999999999998 24 14.999999999999998 14.999999999999998 20 22 14.999999999999998
leaf_count=15 23 15 33 24 17 15 24 15 15 20 22 15
internal_value=4.86401e-05 0.00496726 -0.00531784 0.00171017 0.0106358 -0.000355744 0.000927079 0.0136604 -0.00655849 -0.00536878 -0.00445369 -0.00286083
internal_weight=253 133 120 86 47 63 48 32 105 72 57 35
internal_count=253 133 120 86 47 63 48 32 105 72 57 35
is_linear=0
shrinkage=0.01


Tree=103
num_leaves=10
num_cat=0
split_feature=5 5 1 2 4 3 5 9 9
split_gain=65.7496 22.8921 12.1711 10.8214 10.1617 8.42791 6.69626 2.33917 1.20611
threshold=37.721500000000006 44.151000000000003 0.30750000000000005 0.21750000000000003 0.82350000000000001 55.428000000000004 40.847000000000008 0.39300000000000007 0.55950000000000022
decision_type=2 2 2 2 2 2 2 2 2
left_child=2 3 -1 4 -2 -3 -6 -7 -4
right_child=1 5 8 -5 6 7 -8 -9 -10
leaf_value=0.0026273141597067157 0.0091936589330434814 0.0032735619285414299 -0.0034613586893799354 -0.0046623084827875482 0.004260899727141448 0.01724238777702505 -0.0033277996429582923 0.008803237202492627 -0.0072473446050076032
leaf_weight=14.999999999999998 22 14.999999999999998 24 19 25 15.999999999999998 20 15.999999999999998 81
leaf_count=15 22 15 24 19 25 16 20 16 81
internal_value=4.78496e-05 0.00492036 -0.00526754 0.0016922 0.00366356 0.0105367 0.000668858 0.0135309 -0.00649727
internal_weight=253 133 120 86 67 47 45 32 105
internal_count=253 133 120 86 67 47 45 32 105
is_linear=0
shrinkage=0.01


Tree=104
num_leaves=11
num_cat=0
split_feature=5 5 2 4 3 4 5 10 10 9
split_gain=64.4816 22.47 10.6143 9.96289 8.25062 7.58881 6.56716 3.75006 2.54341 2.26804
threshold=37.721500000000006 44.151000000000003 0.21750000000000003 0.82350000000000001 55.428000000000004 0.9385 40.847000000000008 0.43250000000000005 0.46750000000000008 0.39300000000000007
decision_type=2 2 2 2 2 2 2 2 2 2
left_child=5 2 3 -2 -3 7 -5 -1 -9 -6
right_child=1 4 -4 6 9 -7 -8 8 -10 -11
leaf_value=0.00088443548824542612 0.0091037652740875892 0.0032418822521163571 -0.0046168809059338699 0.0042191262667834323 0.017075188792113102 -0.0077133563770540063 -0.0032953333591179152 -0.0061659599749409426 -0.00016304610176913199 0.0087178724913886101
leaf_weight=19 22 14.999999999999998 19 25 15.999999999999998 62 20 24 14.999999999999998 15.999999999999998
leaf_count=19 22 15 19 25 16 62 20 24 15 16
internal_value=4.82923e-05 0.00487396 0.00167444 0.00362768 0.0104386 -0.0052152 0.000660074 -0.00233071 -0.0041416 0.0134026
internal_weight=253 133 86 67 47 120 45 58 39 32
internal_count=253 133 86 67 47 120 45 58 39 32
is_linear=0
shrinkage=0.01


Tree=105
num_leaves=11
num_cat=0
split_feature=5 5 2 4 3 4 5 8 8 3
split_gain=63.2514 22.0559 10.4112 9.76799 8.07688 7.42782 6.44056 3.6984 4.52462 2.30489
threshold=37.721500000000006 44.151000000000003 0.21750000000000003 0.82350000000000001 55.428000000000004 0.9385 40.847000000000008 0.23650000000000002 0.35200000000000004 63.159500000000001
decision_type=2 2 2 2 2 2 2 2 2 2
left_child=5 2 3 -2 -3 7 -5 -1 -9 -6
right_child=1 4 -4 6 9 -7 -8 8 -10 -11
leaf_value=-0.0059005448909906248 0.0090147507141033808 0.0032105092512023066 -0.0045718958209722471 0.0041777623780802188 0.016702455141714641 -0.007636839940380306 -0.0032631837385820178 0.0022961564837618077 -0.0044793668807004442 0.0083332677810422848
leaf_weight=19 22 14.999999999999998 19 25 17 62 20 23 15.999999999999998 14.999999999999998
leaf_count=19 22 15 19 25 17 62 20 23 16 15
internal_value=4.82292e-05 0.00482801 0.00165685 0.00359214 0.0103415 -0.00516442 0.000651377 -0.00230787 -0.000251896 0.0132756
internal_weight=253 133 86 67 47 120 45 58 39 32
internal_count=253 133 86 67 47 120 45 58 39 32
is_linear=0
shrinkage=0.01


Tree=106
num_leaves=11
num_cat=0
split_feature=5 5 1 7 3 2 5 3 8 5
split_gain=62.0461 21.6492 11.813 10.9078 7.90648 3.85542 6.91175 2.23431 1.00463 0.287347
threshold=37.721500000000006 44.151000000000003 0.30750000000000005 0.045500000000000006 55.428000000000004 0.21750000000000003 40.847000000000008 63.159500000000001 0.17650000000000002 31.186500000000006
decision_type=2 2 2 2 2 2 2 2 2 2
left_child=2 3 -1 -2 -3 6 -5 -6 -4 -10
right_child=1 4 8 5 7 -7 -8 -9 9 -11
leaf_value=0.0026604603285030012 0.0074783378522446818 0.003179439753293991 -0.0084411811739651121 0.0047422110365361583 0.016540202672992436 -0.0048209580875212153 -0.0026689408263381648 0.0082526231965711037 -0.00769474956867916 -0.004268824680181949
leaf_weight=14.999999999999998 23 14.999999999999998 33 24 17 14.999999999999998 24 14.999999999999998 14.999999999999998 57
leaf_count=15 23 15 33 24 17 15 24 15 15 57
internal_value=4.80996e-05 0.00478248 -0.00511426 0.00163944 0.0102453 -0.000376846 0.000841136 0.0131498 -0.00632707 -0.00516863
internal_weight=253 133 120 86 47 63 48 32 105 72
internal_count=253 133 120 86 47 63 48 32 105 72
is_linear=0
shrinkage=0.01


Tree=107
num_leaves=10
num_cat=0
split_feature=5 5 1 2 4 3 5 4 9
split_gain=60.8648 21.2505 11.5974 10.0866 9.53971 7.7395 6.19699 3.47947 1.07513
threshold=37.721500000000006 44.151000000000003 0.30750000000000005 0.21750000000000003 0.82350000000000001 55.428000000000004 40.847000000000008 0.80150000000000021 0.55950000000000022
decision_type=2 2 2 2 2 2 2 2 2
left_child=2 3 -1 4 -2 -3 -6 -7 -4
right_child=1 5 8 -5 6 7 -8 -9 -10
leaf_value=0.0026347139441678601 0.0088866248710287952 0.0031486709271707843 -0.0033369805477559567 -0.0045056050633772828 0.0040838736945799751 0.017365962045807991 -0.0032152092602194811 0.0082369754261204173 -0.0069862152941159309
leaf_weight=14.999999999999998 22 14.999999999999998 24 19 25 14.999999999999998 20 17 81
leaf_count=15 22 15 24 19 25 15 20 17 81
internal_value=4.79137e-05 0.00473738 -0.00506468 0.00162216 0.00352853 0.01015 0.000620373 0.0130252 -0.00626666
internal_weight=253 133 120 86 67 47 45 32 105
internal_count=253 133 120 86 67 47 45 32 105
is_linear=0
shrinkage=0.01


Tree=108
num_leaves=8
num_cat=0
split_feature=5 1 10 5 5 1 5
split_gain=70.3193 26.6657 9.70741 18.7563 13.4331 7.14581 4.1412
threshold=37.721500000000006 0.33750000000000008 0.44750000000000006 44.512000000000008 41.702500000000008 0.31750000000000006 40.931500000000007
decision_type=2 2 2 2 2 2 2
left_child=5 2 3 4 -2 -1 -3
right_child=1 6 -4 -5 -6 -7 -8
leaf_value=-0.00047269718500517189 0.010313880982106192 -0.0053379715617859003 0.0018602088451081392 0.01720528013243967 0 -0.0065317581662167916 0.00078831729800863705
leaf_weight=29 28 15.999999999999998 24 24 21 97 27
leaf_count=29 28 16 24 24 21 97 27
internal_value=0.000146384 0.00505197 0.00796103 0.00980442 0.00584032 -0.00522364 -0.0012965
internal_weight=266 140 97 73 49 126 43
internal_count=266 140 97 73 49 126 43
is_linear=0
shrinkage=0.01


Tree=109
num_leaves=9
num_cat=0
split_feature=5 1 6 7 1 4 1 5
split_gain=68.9614 26.1525 13.6789 12.3356 6.99389 5.2758 4.89447 4.06365
threshold=37.721500000000006 0.33750000000000008 1.1045000000000003 0.092500000000000013 0.31750000000000006 0.79050000000000009 0.32250000000000006 40.931500000000007
decision_type=2 2 2 2 2 2 2 2
left_child=4 2 -2 5 -1 -4 -5 -3
right_child=1 7 3 6 -6 -7 -8 -9
leaf_value=-0.00046805031976457373 0.01599888408908973 -0.0052862093778270674 0.0059545464600835527 0.013274200479189556 -0.006466775508788534 -0.00099746505900913363 0.0045043079780809807 0.00078057739037004387
leaf_weight=29 18 15.999999999999998 17 22 97 24 15.999999999999998 27
leaf_count=29 18 16 17 22 97 24 16 27
internal_value=0.000145073 0.00500342 0.00788448 0.00582085 -0.00517248 0.00168112 0.00994781 -0.00128176
internal_weight=266 140 97 79 126 41 38 43
internal_count=266 140 97 79 126 41 38 43
is_linear=0
shrinkage=0.01


Tree=110
num_leaves=13
num_cat=0
split_feature=9 10 9 2 1 8 1 4 1 8 0 9
split_gain=49.887 24.4991 12.146 12.1277 11.2527 13.2596 7.95908 4.08655 5.15832 1.43661 0.874231 0.600237
threshold=0.53850000000000009 0.43250000000000005 0.39700000000000008 0.23750000000000002 0.31250000000000006 0.35750000000000004 0.30250000000000005 0.98650000000000004 0.33750000000000008 0.28950000000000004 0.64250000000000018 0.70350000000000013
decision_type=2 2 2 2 2 2 2 2 2 2 2 2
left_child=1 2 -1 4 -3 9 -4 8 10 -6 -2 -10
right_child=7 3 6 -5 5 -7 -8 -9 11 -11 -12 -13
leaf_value=0.015482984046141306 -0.0014794769618780381 -0.0036057206102319667 0 -0.0064123177911554067 0.0031607987404596517 0.012436045080423355 0.010081394915619204 -0.0066509414691300617 -0.0021096231611145121 -0.00045238657824454772 0.0016563152808409471 -0.006299312554445922
leaf_weight=22 14.999999999999998 18 16.000000000000004 17 20 17 14.999999999999998 52 14.999999999999998 14.999999999999998 19 25
leaf_count=22 15 18 16 17 20 17 15 52 15 15 19 25
internal_value=0.000144134 0.00428151 0.00962725 0.000874215 0.00281857 0.005246 0.00497431 -0.00437265 -0.00260356 0.00134604 0 -0.00502053
internal_weight=266 140 53 87 70 52 31 126 74 35 34 40
internal_count=266 140 53 87 70 52 31 126 74 35 34 40
is_linear=0
shrinkage=0.01


Tree=111
num_leaves=12
num_cat=0
split_feature=9 10 9 7 6 3 0 4 1 7 9
split_gain=48.932 24.0395 11.8892 10.2971 8.59453 6.97196 4.07068 3.99312 5.06252 1.53484 0.578536
threshold=0.53850000000000009 0.43250000000000005 0.39700000000000008 0.092500000000000013 1.1975000000000002 56.206500000000013 0.62250000000000016 0.98650000000000004 0.33750000000000008 0.18900000000000003 0.70350000000000013
decision_type=2 2 2 2 2 2 2 2 2 2 2
left_child=1 2 -1 -4 -3 -6 -7 8 9 -2 -10
right_child=7 4 3 -5 5 6 -8 -9 10 -11 -12
leaf_value=0.015331594944000245 0.0023422287361962455 0.0055589178397574216 -9.5535214200164319e-05 0.010758374064199385 0.002282429993675466 -0.00011946868715864239 -0.0079026542287884347 -0.0065850654535350352 -0.0020892073508472211 -0.0018123156960521425 -0.0062375545589362872
leaf_weight=22 17 27 16.000000000000004 14.999999999999998 28 15.999999999999998 15.999999999999998 52 14.999999999999998 17 25
leaf_count=22 17 27 16 15 28 16 16 52 15 17 25
internal_value=0.00014188 0.00423981 0.00953532 0.0049263 0.00086348 -0.00111266 -0.00438046 -0.00433109 -0.00257942 0 -0.00497384
internal_weight=266 140 53 31 87 60 32 126 74 34 40
internal_count=266 140 53 31 87 60 32 126 74 34 40
is_linear=0
shrinkage=0.01


Tree=112
num_leaves=12
num_cat=0
split_feature=5 10 5 2 5 4 9 8 2 10 9
split_gain=66.0047 23.1773 21.0607 8.37956 8.30462 7.31532 5.06305 2.94976 2.25886 0.686571 0.306105
threshold=37.721500000000006 0.44750000000000006 44.512000000000008 0.20750000000000002 41.702500000000008 0.83550000000000002 0.44150000000000006 0.23650000000000002 0.19250000000000003 0.42750000000000005 0.54200000000000015
decision_type=2 2 2 2 2 2 2 2 2 2 2
left_child=7 2 4 6 5 -2 -3 9 -9 -1 -10
right_child=1 3 -4 -5 -6 -7 -8 8 10 -11 -12
leaf_value=-0.0029615629031773537 0.012949246874740045 0 0.016099289561457494 -0.0036415488092954884 0 0.0026961943106009411 0.0076001951132308359 0 -0.0020919022612994713 -0.0071583969803417436 -0.0060739817876707429
leaf_weight=14.999999999999998 14.999999999999998 15.000000000000002 25 29 21 19 15.999999999999998 21 15.000000000000002 59 15.999999999999998
leaf_count=15 15 15 25 29 21 19 16 21 15 59 16
internal_value=0.00013955 0.00489341 0.00840145 1.99494e-05 0.00460874 0.00763157 0.00376612 -0.00506193 -0.00282867 -0.0064675 -0.00452842
internal_weight=266 140 80 60 55 34 31 126 52 74 31
internal_count=266 140 80 60 55 34 31 126 52 74 31
is_linear=0
shrinkage=0.01


Tree=113
num_leaves=9
num_cat=0
split_feature=5 1 4 7 2 1 5 0
split_gain=64.76 24.5139 8.78038 11.385 7.93686 6.53899 3.91325 3.72147
threshold=37.721500000000006 0.33750000000000008 0.82850000000000013 0.092500000000000013 0.20750000000000002 0.31750000000000006 40.931500000000007 0.63750000000000007
decision_type=2 2 2 2 2 2 2 2
left_child=5 2 4 -4 7 -1 -3 -2
right_child=1 6 3 -5 -6 -7 -8 -9
leaf_value=-0.00045290780080071952 0.015776697699056597 -0.0051663682880726727 -0.0020898803153208325 0.0080601170600629324 0.0030970817924507207 -0.0062668695128881013 0.00078643011775883758 0.007333864754799641
leaf_weight=29 24 15.999999999999998 17 25 14.999999999999998 97 27 15.999999999999998
leaf_count=29 24 16 17 25 15 97 27 16
internal_value=0.000136975 0.00484615 0.00763593 0.00374024 0.0103701 -0.00501487 -0.0012326 0.0127787
internal_weight=266 140 97 42 55 126 43 40
internal_count=266 140 97 42 55 126 43 40
is_linear=0
shrinkage=0.01


Tree=114
num_leaves=10
num_cat=0
split_feature=5 1 6 1 8 1 10 5 0
split_gain=63.5168 24.0462 13.0333 11.1578 13.2433 6.3995 6.0352 3.83999 0.720169
threshold=37.721500000000006 0.33750000000000008 1.1045000000000003 0.30750000000000005 0.36400000000000005 0.31750000000000006 0.42750000000000005 40.931500000000007 0.64250000000000018
decision_type=2 2 2 2 2 2 2 2 2
left_child=5 2 -2 6 8 -1 -4 -3 -5
right_child=1 7 3 4 -6 -7 -8 -9 -10
leaf_value=-0.00044845553525423595 0.015481991954084888 -0.0051162701574238864 0.0048950028504644123 0.0014301796906417415 0.01579998586007527 -0.0062045221747114108 -0.0035651540708157327 0.00077870874174616549 0.0059310658900968496
leaf_weight=29 18 15.999999999999998 17 15.000000000000002 17 97 14.999999999999998 27 14.999999999999998
leaf_count=29 18 16 17 15 17 97 15 27 15
internal_value=0.000136001 0.0048001 0.00756327 0.00554719 0.00864419 -0.00496577 0.000627774 -0.00121848 0.00406883
internal_weight=266 140 97 79 47 126 32 43 30
internal_count=266 140 97 79 47 126 32 43 30
is_linear=0
shrinkage=0.01


Tree=115
num_leaves=9
num_cat=0
split_feature=5 1 6 7 9 0 1 5
split_gain=62.3107 23.5952 12.7582 11.7712 9.19215 6.28564 6.26288 3.76811
threshold=37.721500000000006 0.33750000000000008 1.1045000000000003 0.092500000000000013 0.46350000000000008 0.61250000000000016 0.31750000000000006 40.931500000000007
decision_type=2 2 2 2 2 2 2 2
left_child=6 2 -2 5 -5 -4 -1 -3
right_child=1 7 3 4 -6 -7 -8 -9
leaf_value=-0.00044404694147534291 0.015331356495216086 -0.0050666579242908596 -0.0030184751252333324 0.014858056339057717 0.0039861756635875233 0.0047109159359744954 -0.0061427951930807193 0.00077106324684890828
leaf_weight=29 18 15.999999999999998 15.999999999999998 18 20 25 97 27
leaf_count=29 18 16 16 18 20 25 97 27
internal_value=0.00013556 0.00475551 0.00749276 0.00549578 0.00952183 0.00145358 -0.00491717 -0.0012045
internal_weight=266 140 97 79 38 41 126 43
internal_count=266 140 97 79 38 41 126 43
is_linear=0
shrinkage=0.01


Tree=116
num_leaves=14
num_cat=0
split_feature=9 10 9 2 1 7 10 4 4 1 7 9 2
split_gain=44.8324 22.4202 11.5399 11.3545 10.9232 9.98418 6.04146 7.84909 3.66449 4.63076 1.4599 0.547965 0.0630052
threshold=0.53850000000000009 0.43250000000000005 0.39700000000000008 0.23750000000000002 0.31250000000000006 0.092500000000000013 0.46250000000000008 0.83350000000000002 0.98650000000000004 0.33750000000000008 0.18900000000000003 0.70350000000000013 0.20250000000000004
decision_type=2 2 2 2 2 2 2 2 2 2 2 2 2
left_child=1 2 -1 4 -3 -4 7 -6 9 10 -2 -11 -10
right_child=8 3 5 -5 6 -7 -8 -9 12 11 -12 -13 -14
leaf_value=0.014874308950371213 0.00228796152983393 -0.0036491176043007825 -0.00030465747370864399 -0.006253127498286111 0.013138295964848608 0.01039277901572566 0.00056078096355001135 0.0019481943691930465 -0.0071395334959030157 -0.0019343023200429255 -0.0017628071914826122 -0.0059738078172884733 -0.0034520301318937737
leaf_weight=22 17 18 16.000000000000004 17 15.000000000000002 14.999999999999998 22 14.999999999999998 37 14.999999999999998 17 25 14.999999999999998
leaf_count=22 17 18 16 17 15 15 22 15 37 15 17 25 15
internal_value=0.000134673 0.00405874 0.00917258 0.000794512 0.00268013 0.00463686 0.00507539 0.00799477 -0.00414516 -0.00245803 0 -0.00474849 -0.00630931
internal_weight=266 140 53 87 70 31 52 30 126 74 34 40 52
internal_count=266 140 53 87 70 31 52 30 126 74 34 40 52
is_linear=0
shrinkage=0.01


Tree=117
num_leaves=12
num_cat=0
split_feature=9 5 1 6 7 1 6 8 5 4 4
split_gain=54.2978 23.5174 16.5938 7.88715 12.4635 7.75961 5.76089 2.10165 1.50866 0.0901104 1.97137
threshold=0.45150000000000007 42.452500000000008 0.33250000000000007 1.1115000000000002 0.056000000000000008 0.31250000000000006 1.3655000000000002 0.17650000000000002 39.647500000000008 0.90250000000000019 0.9385
decision_type=2 2 2 2 2 2 2 2 2 2 2
left_child=2 5 3 -1 -5 -2 -6 -7 9 -9 -11
right_child=1 -3 -4 4 6 7 -8 8 -10 10 -12
leaf_value=0.013221356401265394 3.663822286287133e-05 0.0071646908074617386 -0.0019725994947883819 1.6949639508598729e-05 0.014304009118387778 -0.0081624725383597531 0.004547966074299168 -0.0069675819716363586 -0.0010985286725418908 -0.0013658736648404616 -0.0057591097985996917
leaf_weight=20 24 17 22 28 14.999999999999998 38 18 26 17 23 42
leaf_count=20 24 17 22 28 15 38 18 26 17 23 42
internal_value=-0.00043275 -0.00367307 0.00534287 0.0074524 0.00530622 -0.00483333 0.00942834 -0.00569953 -0.00470715 -0.00526231 -0.00437955
internal_weight=290 187 103 81 61 170 33 146 108 91 65
internal_count=290 187 103 81 61 170 33 146 108 91 65
is_linear=0
shrinkage=0.01


Tree=118
num_leaves=13
num_cat=0
split_feature=9 5 2 10 1 7 4 8 6 5 4 4
split_gain=53.2763 23.074 22.9056 11.6886 9.01236 9.34646 8.37045 2.66507 2.27844 0.745588 0.469861 1.97067
threshold=0.45150000000000007 42.452500000000008 0.17250000000000001 0.41750000000000004 0.33750000000000008 0.0095000000000000015 0.82850000000000013 0.17650000000000002 1.2225000000000004 39.647500000000008 0.90950000000000009 0.9385
decision_type=2 2 2 2 2 2 2 2 2 2 2 2
left_child=2 3 -1 -2 5 -4 8 -5 -7 10 -9 -12
right_child=1 -3 4 7 -6 6 -8 9 -10 -11 11 -13
leaf_value=0.013840680681929297 0.0031436511297379772 0.0070950908788612911 -0.0016554590804236278 -0.0082734600463999983 -0.0040537874376581559 0.012884761686286619 0 -0.0066923356576085984 0.0054590023394141879 -0.0016817094727947907 -0.00063269225492452574 -0.0051729297501746044
leaf_weight=24 14.999999999999998 17 17 39 14.999999999999998 14.999999999999998 14.999999999999998 33 17 18 19 46
leaf_count=24 15 17 17 39 15 15 15 33 17 18 19 46
internal_value=-0.000427838 -0.00363784 0.00529283 -0.00478744 0.00249951 0.00420999 0.00653716 -0.00562691 0.0093922 -0.0046196 -0.00504642 -0.00401342
internal_weight=290 187 103 170 79 64 47 155 32 116 98 65
internal_count=290 187 103 170 79 64 47 155 32 116 98 65
is_linear=0
shrinkage=0.01


Tree=119
num_leaves=12
num_cat=0
split_feature=9 2 8 1 7 0 7 6 8 7 7
split_gain=52.2545 22.4501 10.3786 8.84521 9.18103 6.82126 7.29162 4.47475 2.06559 0.800382 0.724642
threshold=0.45150000000000007 0.17250000000000001 0.23950000000000002 0.33750000000000008 0.0095000000000000015 0.6625000000000002 0.19800000000000004 1.2040000000000004 0.17650000000000002 0.18900000000000003 0.11950000000000001
decision_type=2 2 2 2 2 2 2 2 2 2 2
left_child=1 -1 8 4 -3 9 -7 -6 -2 -4 -10
right_child=2 3 5 -5 7 6 -8 -9 10 -11 -12
leaf_value=0.013705098543848311 -0.007746852920966202 -0.0016393774111888237 -0.0019797423713737066 -0.0040145571313558084 0.010644592755549662 0.005256201644409814 -0.0023075231893899591 0.0034145579253465441 -0.0011142359577840375 -0.0060901475548744205 -0.0048726185008950802
leaf_weight=24 44 17 22 14.999999999999998 18 25 23 29 14.999999999999998 17 41
leaf_count=24 44 17 22 15 18 25 23 29 15 17 41
internal_value=-0.000423477 0.00524169 -0.00360285 0.00247471 0.00417 -0.000929319 0.00143931 0.00647694 -0.00581313 -0.00407903 -0.00406167
internal_weight=290 103 187 79 64 87 48 47 100 39 56
internal_count=290 103 187 79 64 87 48 47 100 39 56
is_linear=0
shrinkage=0.01


Tree=120
num_leaves=13
num_cat=0
split_feature=9 5 1 6 7 1 6 8 5 4 4 6
split_gain=51.259 22.4886 15.8153 7.61342 12.1112 7.48995 5.56161 1.8947 1.43309 0.0877363 1.88355 0.0192619
threshold=0.45150000000000007 42.452500000000008 0.33250000000000007 1.1115000000000002 0.056000000000000008 0.31250000000000006 1.3655000000000002 0.17650000000000002 39.647500000000008 0.90250000000000019 0.9385 1.3460000000000003
decision_type=2 2 2 2 2 2 2 2 2 2 2 2
left_child=2 5 3 -1 -5 -2 -6 11 9 -9 -11 -7
right_child=1 -3 -4 4 6 7 -8 8 -10 10 -12 -13
leaf_value=0.012918849063855483 7.4785769137800958e-05 0.0070243282765150078 -0.0019439215709765754 0 0.013991290628910065 -0.0050125047474196462 0.0043976614684671971 -0.0068214578216649448 -0.0010606017134019306 -0.001310884414557764 -0.0056168657129301745 -0.0094432701269785563
leaf_weight=20 24 17 22 28 14.999999999999998 15.999999999999998 18 26 17 23 42 22
leaf_count=20 24 17 22 28 15 16 18 26 17 23 42 22
internal_value=-0.000420219 -0.00356946 0.00519034 0.00725078 0.00513987 -0.00470498 0.00920065 -0.00555653 -0.00459771 -0.00513979 -0.00426752 -0.00792675
internal_weight=290 187 103 81 61 170 33 146 108 91 65 38
internal_count=290 187 103 81 61 170 33 146 108 91 65 38
is_linear=0
shrinkage=0.01


Tree=121
num_leaves=14
num_cat=0
split_feature=4 10 5 10 8 7 8 4 7 7 4 5 1
split_gain=47.5004 19.324 13.1156 11.3838 8.17322 13.908 3.69696 1.55564 1.962 3.86931 1.56933 1.49626 1.32132
threshold=0.82850000000000013 0.43250000000000005 44.151000000000003 0.41750000000000004 0.38350000000000006 0.066500000000000017 0.17350000000000002 0.95650000000000002 0.18900000000000003 0.08450000000000002 0.90950000000000009 33.911000000000008 0.30750000000000005
decision_type=2 2 2 2 2 2 2 2 2 2 2 2 2
left_child=1 12 3 -2 5 -3 11 8 9 -8 -10 -5 -1
right_child=2 4 -4 6 -6 -7 7 -9 10 -11 -12 -13 -14
leaf_value=0.014680281468800136 0.0032975627904808197 0.004257459594971604 0.0054836984507499196 -0.0098515819509824125 0.0074798117689788349 -0.0077693962463826847 -0.0046056638802919126 -0.0057430210941797734 -0.0071980781938348493 0.00053338960838922561 -0.0020340071960763878 -0.0038537778969733945 0.0075868907209598662
leaf_weight=17 18 22 14.999999999999998 22 17 15.999999999999998 22 38 17 34 21 14.999999999999998 15.999999999999998
leaf_count=17 18 22 15 22 17 16 22 38 17 34 21 15 16
internal_value=-0.000415966 0.00565631 -0.00311813 -0.00387423 0.00177468 -0.000581875 -0.00470456 -0.00374362 -0.00280342 -0.00133142 -0.00466747 -0.00777051 0.0117041
internal_weight=290 88 202 187 55 38 169 132 94 56 38 37 33
internal_count=290 88 202 187 55 38 169 132 94 56 38 37 33
is_linear=0
shrinkage=0.01


Tree=122
num_leaves=12
num_cat=0
split_feature=9 5 2 10 1 7 4 6 4 4 5
split_gain=49.5255 21.8519 21.7328 11.1068 8.40217 8.97052 8.06719 2.14258 0.954917 1.32043 1.83349
threshold=0.45150000000000007 42.452500000000008 0.17250000000000001 0.41750000000000004 0.33750000000000008 0.0095000000000000015 0.82850000000000013 1.2225000000000004 0.98650000000000004 0.85450000000000015 39.003000000000007
decision_type=2 2 2 2 2 2 2 2 2 2 2
left_child=2 3 -1 -2 5 -4 7 -7 9 -5 -11
right_child=1 -3 4 8 -6 6 -8 -9 -10 10 -12
leaf_value=0.01342909730818807 0.0030954979215898821 0.006932384214230947 -0.0017074772257890021 -0.0072379406359122725 -0.0039395042100260338 0.012520909468012471 0 0.0052731536584241043 -0.0072372511397586778 -0.0044401833915210269 -5.7114982469515374e-06
leaf_weight=24 14.999999999999998 17 17 24 14.999999999999998 14.999999999999998 14.999999999999998 17 44 71 15.999999999999998
leaf_count=24 15 17 17 24 15 15 15 17 44 71 16
internal_value=-0.000411423 -0.00350751 0.00510279 -0.00462742 0.00237895 0.00403393 0.00631725 0.00911859 -0.00544665 -0.00461791 -0.00374363
internal_weight=290 187 103 170 79 64 47 32 155 111 87
internal_count=290 187 103 170 79 64 47 32 155 111 87
is_linear=0
shrinkage=0.01


Tree=123
num_leaves=14
num_cat=0
split_feature=9 5 2 1 7 4 1 6 8 5 4 4 6
split_gain=48.5677 21.4373 21.3014 8.246 8.8112 7.91249 7.11903 2.08409 1.78564 1.38517 0.107087 1.78901 0.0229473
threshold=0.45150000000000007 42.452500000000008 0.17250000000000001 0.33750000000000008 0.0095000000000000015 0.82850000000000013 0.31250000000000006 1.2225000000000004 0.17650000000000002 39.647500000000008 0.90250000000000019 0.9385 1.3460000000000003
decision_type=2 2 2 2 2 2 2 2 2 2 2 2 2
left_child=2 6 -1 4 -4 7 -2 -6 12 10 -10 -12 -8
right_child=1 -3 3 -5 5 -7 8 -9 9 -11 11 -13 -14
leaf_value=0.013297546843484956 6.7256226071289613e-05 0.0068650410728795189 -0.0016908901482820509 -0.0039013798715126129 0.012399739690365331 0 -0.0048500234069246235 0.0052219287242208211 -0.0066794571006354303 -0.00099352819366114488 -0.0012466955826954638 -0.0054554938454838362 -0.0092194641298717923
leaf_weight=24 24 17 17 14.999999999999998 14.999999999999998 14.999999999999998 15.999999999999998 17 26 17 23 42 22
leaf_count=24 24 17 17 15 15 15 16 17 26 17 23 42 22
internal_value=-0.000406894 -0.0034732 0.00505336 0.00235513 0.00399542 0.00625884 -0.00458278 0.00903322 -0.00541305 -0.0044751 -0.00500723 -0.00413978 -0.00772632
internal_weight=290 187 103 79 64 47 170 32 146 108 91 65 38
internal_count=290 187 103 79 64 47 170 32 146 108 91 65 38
is_linear=0
shrinkage=0.01


Tree=124
num_leaves=14
num_cat=0
split_feature=4 2 5 10 1 7 5 8 5 4 8 5 4
split_gain=45.234 18.5519 12.4406 10.7849 10.5176 4.37974 9.09274 3.51315 1.42727 1.42488 1.94775 2.28697 1.88105
threshold=0.82850000000000013 0.17250000000000001 44.151000000000003 0.41750000000000004 0.33250000000000007 0.014500000000000001 43.567500000000003 0.17350000000000002 33.911000000000008 0.95650000000000002 0.30550000000000005 35.010500000000008 0.90650000000000019
decision_type=2 2 2 2 2 2 2 2 2 2 2 2 2
left_child=1 -1 3 -2 5 -3 -7 8 -5 10 11 -9 -12
right_child=2 4 -4 7 -6 6 -8 9 -10 -11 12 -13 -14
leaf_value=0.015646558154013852 0.0031935294153722553 0.00051896274570495849 0.0053293168640905809 -0.0096205250223477673 -0.0020405326514167988 0.0017330262714198659 0.012740579940177299 -0.0033485748621007038 -0.0037331636682633429 -0.0055772591895097258 -0.0055904104071321774 0.00097042780557766246 -0.00068414156564644405
leaf_weight=14.999999999999998 18 14.999999999999998 14.999999999999998 22 23 17 18 21 14.999999999999998 38 33 23 17
leaf_count=15 18 15 15 22 23 17 18 21 15 38 33 23 17
internal_value=-0.00040332 0.00552138 -0.00304102 -0.00377819 0.00321252 0.00582322 0.00777546 -0.00458697 -0.00758202 -0.00364653 -0.00273482 -0.000880659 -0.00414359
internal_weight=290 88 202 187 73 50 35 169 37 132 94 44 50
internal_count=290 88 202 187 73 50 35 169 37 132 94 44 50
is_linear=0
shrinkage=0.01


Tree=125
num_leaves=12
num_cat=0
split_feature=9 5 2 10 10 5 3 8 5 4 4
split_gain=46.8806 20.8047 20.6196 10.6361 6.47974 5.09685 3.73339 2.25461 0.649288 0.52661 1.77073
threshold=0.45150000000000007 42.452500000000008 0.17250000000000001 0.41750000000000004 0.43250000000000005 40.433500000000009 56.471000000000011 0.17650000000000002 39.647500000000008 0.90950000000000009 0.9385
decision_type=2 2 2 2 2 2 2 2 2 2 2
left_child=2 3 -1 -2 -4 -6 -7 -5 9 -9 -11
right_child=1 -3 4 7 5 6 -8 8 -10 10 -12
leaf_value=0.013077439255252177 0.0030443953362203416 0.0067696024051734386 0.0071909931992612235 -0.0077796356474296958 0.0054897546539864226 0.0021842858621052333 -0.0035359422801570463 -0.0064047050703344736 -0.0015555201591672125 -0.0005118074010197933 -0.0048340015505911197
leaf_weight=24 14.999999999999998 17 20 39 14.999999999999998 17 27 33 18 19 46
leaf_count=24 15 17 20 39 15 17 27 33 18 19 46
internal_value=-0.000398778 -0.00341192 0.00496512 -0.00450559 0.00230809 0.000438282 -0.00110142 -0.00530798 -0.00436134 -0.00476466 -0.00373681
internal_weight=290 187 103 170 79 59 44 155 116 98 65
internal_count=290 187 103 170 79 59 44 155 116 98 65
is_linear=0
shrinkage=0.01


Tree=126
num_leaves=12
num_cat=0
split_feature=5 1 7 5 8 5 4 4 4 5 4
split_gain=35.4927 18.1919 9.51845 7.79638 4.41531 3.66527 3.23534 1.44141 0.536184 0.369133 0.113475
threshold=33.64950000000001 0.32250000000000006 0.0095000000000000015 43.011000000000003 0.33950000000000008 39.839500000000008 0.85950000000000004 0.90950000000000009 1.0615000000000003 31.186500000000006 0.94750000000000012
decision_type=2 2 2 2 2 2 2 2 2 2 2
left_child=8 2 -2 6 -4 -6 -3 -8 9 -1 -9
right_child=1 3 4 -5 5 -7 7 10 -10 -11 -12
leaf_value=-0.0068738662330217141 -0.00044276629347445034 0.00066277982190597888 0.0097822525622188183 0.0040828957640546924 0 0.0063080277672985146 -0.0060934407283098268 -0.00031263468306391473 -0.008960570327697261 -0.0035767968370872616 -0.0026133317302684395
leaf_weight=21 20 21 34 24 14.999999999999998 28 19 14.999999999999998 14.999999999999998 36 24
leaf_count=21 20 21 34 24 15 28 19 15 15 36 24
internal_value=0 0.00213326 0.00524239 -0.000709313 0.00684141 0.0042005 -0.00230748 -0.00355033 -0.00603076 -0.00501463 -0.00199677
internal_weight=272 200 97 103 77 43 79 58 72 57 39
internal_count=272 200 97 103 77 43 79 58 72 57 39
is_linear=0
shrinkage=0.01


Tree=127
num_leaves=12
num_cat=0
split_feature=5 1 7 5 8 5 4 4 4 5 8
split_gain=34.8213 17.842 9.34631 7.64906 4.31356 3.5912 3.18176 1.40369 0.513102 0.352611 0.108401
threshold=33.64950000000001 0.32250000000000006 0.0095000000000000015 43.011000000000003 0.33950000000000008 39.839500000000008 0.85950000000000004 0.90950000000000009 1.0615000000000003 31.186500000000006 0.21750000000000003
decision_type=2 2 2 2 2 2 2 2 2 2 2
left_child=8 2 -2 6 -4 -6 -3 -8 9 -1 -9
right_child=1 3 4 -5 5 -7 7 10 -10 -11 -12
leaf_value=-0.0068067262113787408 -0.0004384467035259416 0.00065630608519842454 0.0096858477851618895 0.0040428999522510844 0 0.0062460543424413921 -0.0060340687861809364 -0.0027355535830869233 -0.0088738551832014522 -0.0035415188318807379 -0.00050724151569443775
leaf_weight=21 20 21 34 24 14.999999999999998 28 19 21 14.999999999999998 36 18
leaf_count=21 20 21 34 24 15 28 19 21 15 36 18
internal_value=0 0.00211186 0.00519107 -0.000702426 0.00677571 0.0041599 -0.00228619 -0.00351902 -0.00597455 -0.00496713 -0.00197971
internal_weight=272 200 97 103 77 43 79 58 72 57 39
internal_count=272 200 97 103 77 43 79 58 72 57 39
is_linear=0
shrinkage=0.01


Tree=128
num_leaves=12
num_cat=0
split_feature=5 10 4 3 2 5 0 9 4 5 9
split_gain=34.1627 22.6835 7.27311 9.45734 6.84676 5.64112 7.10375 3.61632 0.490576 0.336495 0.0908336
threshold=33.64950000000001 0.43250000000000005 0.8650000000000001 66.853000000000023 0.22250000000000003 39.647500000000008 0.64250000000000018 0.5675 1.0615000000000003 31.186500000000006 0.43600000000000005
decision_type=2 2 2 2 2 2 2 2 2 2 2
left_child=8 2 3 -2 5 7 10 -3 9 -1 -7
right_child=1 4 -4 -5 -6 6 -8 -9 -10 -11 -12
leaf_value=-0.0067402419032052512 0.01318417045867668 0.0015221404833946287 0.0012585410512075191 0.0029923975696930518 -0.0045965739797081866 -0.00073818131560279463 0.0067711313170465562 -0.003687318650181176 -0.0087879791951948599 -0.0035065887539252028 0.0002027606531496971
leaf_weight=21 26 20 20 19 28 15.000000000000002 27 30 14.999999999999998 36 14.999999999999998
leaf_count=21 26 20 20 19 28 15 27 30 15 36 15
internal_value=0 0.00209066 0.00692416 0.00918093 -0.000179739 0.000899049 0.00309404 -0.00141108 -0.00591889 -0.0049201 0
internal_weight=272 200 65 45 135 107 57 50 72 57 30
internal_count=272 200 65 45 135 107 57 50 72 57 30
is_linear=0
shrinkage=0.01


Tree=129
num_leaves=12
num_cat=0
split_feature=5 10 7 8 1 6 3 9 5 9 5
split_gain=33.5292 22.2593 9.51757 9.4232 9.63019 10.7154 7.06374 6.63337 5.84065 2.90106 0.342522
threshold=33.64950000000001 0.43250000000000005 0.19800000000000004 0.21750000000000003 0.30750000000000005 1.2425000000000004 62.663500000000006 0.63150000000000006 41.147000000000006 0.42300000000000004 31.186500000000006
decision_type=2 2 2 2 2 2 2 2 2 2 2
left_child=10 6 3 -3 -5 -6 8 -4 -2 -8 -1
right_child=1 2 7 4 5 -7 9 -9 -10 -11 -12
leaf_value=-0.0075201433795993615 0.0051305475405284337 -0.0034707151841033589 -0.008179376374843509 -0.0024009878911937662 0.00033194301905585267 0.0097537231183888618 0.0057433926898079945 0 0.015221853833044729 0 -0.0044431981928218373
leaf_weight=29 17 27 21 19 25 28 18 14.999999999999998 14.999999999999998 14.999999999999998 43
leaf_count=29 17 27 21 19 25 28 18 15 15 15 43
internal_value=0 0.00207117 -0.000177223 0.00134856 0.00330519 0.00554104 0.0068593 -0.00460809 0.0103299 0.00309137 -0.00586377
internal_weight=272 200 135 99 72 53 65 36 32 33 72
internal_count=272 200 135 99 72 53 65 36 32 33 72
is_linear=0
shrinkage=0.01


Tree=130
num_leaves=12
num_cat=0
split_feature=5 10 3 2 5 5 0 9 9 5 9
split_gain=32.8912 21.8467 6.92332 6.59963 5.70869 5.48022 6.89274 3.51834 2.84649 0.3247 0.0869775
threshold=33.64950000000001 0.43250000000000005 62.663500000000006 0.22250000000000003 41.147000000000006 39.647500000000008 0.64250000000000018 0.5675 0.42300000000000004 31.186500000000006 0.43600000000000005
decision_type=2 2 2 2 2 2 2 2 2 2 2
left_child=9 2 4 5 -2 7 10 -3 -4 -1 -7
right_child=1 3 8 -5 -6 6 -8 -9 -10 -11 -12
leaf_value=-0.0074462163902945435 0.0050807080013411388 0.0014960442149511925 0.0056875110921022053 -0.004512564997401154 0.015074545606490105 -0.00072336357507494175 0.0066691910177469251 -0.0036388638725534817 0 -0.0043992769444125826 0.00019465491415992861
leaf_weight=29 17 20 18 28 14.999999999999998 15.000000000000002 27 30 14.999999999999998 43 14.999999999999998
leaf_count=29 17 20 18 28 15 15 27 30 15 43 15
internal_value=0 0.00205176 0.00679534 -0.000175032 0.0102329 0.00088271 0.00304709 -0.0013924 0.00306051 -0.00580734 0
internal_weight=272 200 65 135 32 107 57 50 33 72 30
internal_count=272 200 65 135 32 107 57 50 33 72 30
is_linear=0
shrinkage=0.01


Tree=131
num_leaves=12
num_cat=0
split_feature=5 1 7 5 8 5 4 4 4 5 8
split_gain=32.2672 16.6076 8.89083 7.26041 4.30756 3.37809 3.0627 1.38413 0.490691 0.297216 0.238249
threshold=33.64950000000001 0.32250000000000006 0.0095000000000000015 43.011000000000003 0.33950000000000008 39.839500000000008 0.85950000000000004 0.91550000000000009 1.0615000000000003 31.186500000000006 0.21750000000000003
decision_type=2 2 2 2 2 2 2 2 2 2 2
left_child=8 2 -2 6 -4 -6 -3 -8 9 -1 -9
right_child=1 3 4 -5 5 -7 7 10 -10 -11 -12
leaf_value=-0.0065282240024832792 -0.00047801819925264621 0.00065652240847432336 0.0094452255618745016 0.0039401655066378261 0 0.0059724037689075143 -0.0056438488927152419 -0.0025750295063707886 -0.008585754777154616 -0.0033847898428570732 -7.3012797669930892e-05
leaf_weight=21 20 21 34 24 14.999999999999998 28 22 20 14.999999999999998 36 15.999999999999998
leaf_count=21 20 21 34 24 15 28 22 20 15 36 16
internal_value=0 0.00203274 0.00500404 -0.000679518 0.00655089 0.00395019 -0.00222471 -0.00343555 -0.00575146 -0.00476351 -0.00175323
internal_weight=272 200 97 103 77 43 79 58 72 57 36
internal_count=272 200 97 103 77 43 79 58 72 57 36
is_linear=0
shrinkage=0.01


Tree=132
num_leaves=12
num_cat=0
split_feature=5 10 7 8 1 6 9 0 5 8 5
split_gain=31.6573 21.1879 9.15761 9.04311 9.46089 10.3885 6.49712 6.24509 6.95287 0.80254 0.291508
threshold=33.64950000000001 0.43250000000000005 0.19800000000000004 0.21750000000000003 0.30750000000000005 1.2425000000000004 0.63150000000000006 0.61250000000000016 41.147000000000006 0.30650000000000005 31.186500000000006
decision_type=2 2 2 2 2 2 2 2 2 2 2
left_child=10 7 3 -3 -5 -6 -4 9 -9 -2 -1
right_child=1 2 6 4 5 -7 -8 8 -10 -11 -12
leaf_value=-0.0073032607820074438 0.0045451040430502451 -0.0034022867435758762 -0.008062761494413366 -0.0024208614196723852 0.00031651814997780563 0.0095994522422552103 0 0.0044640285823796247 0.014800684741049102 0.0003879942288321833 -0.0043139615650663434
leaf_weight=29 16.000000000000004 27 21 19 25 28 14.999999999999998 18 15.999999999999998 14.999999999999998 43
leaf_count=29 16 27 21 19 25 28 15 18 16 15 43
internal_value=0 0.00201227 -0.000179654 0.00131544 0.00323378 0.00545151 -0.00452682 0.00668403 0.0097622 0.00288915 -0.00569798
internal_weight=272 200 135 99 72 53 36 65 34 31 72
internal_count=272 200 135 99 72 53 36 65 34 31 72
is_linear=0
shrinkage=0.01


Tree=133
num_leaves=13
num_cat=0
split_feature=5 2 4 7 8 7 0 4 9 7 4 5
split_gain=31.0604 14.8676 9.88769 5.38833 4.89633 6.61841 4.38441 7.30619 1.40467 1.26926 0.479758 0.271549
threshold=33.64950000000001 0.19250000000000003 0.78450000000000009 0.19800000000000004 0.23950000000000002 0.095500000000000015 0.60250000000000015 0.89850000000000019 0.59300000000000008 0.092500000000000013 1.0615000000000003 31.186500000000006
decision_type=2 2 2 2 2 2 2 2 2 2 2 2
left_child=10 2 -2 4 -3 -6 -4 9 -5 -8 11 -1
right_child=1 3 6 8 5 -7 7 -9 -10 -11 -12 -13
leaf_value=-0.0063931257468323377 0.010684635677236192 -0.0024725355460958661 -0.00019430283822265325 -0.0064124640534001 -0.00054666094481945035 0.0063663761924002684 0.010200961160383396 -0.00024041146039962768 -0.00101009750558484 0.003980351340386175 -0.0084454900122457929 -0.0033088569271646135
leaf_weight=21 23 26 25 15.000000000000002 25 25 15.000000000000002 15.999999999999998 14.999999999999998 14.999999999999998 14.999999999999998 36
leaf_count=21 23 26 25 15 25 25 15 16 15 15 15 36
internal_value=0 0.00199406 0.00488865 -0.000489851 0.000821968 0.00274065 0.00280963 0.0046418 -0.00409999 0.00753477 -0.00564318 -0.00466479
internal_weight=272 200 94 106 76 50 71 46 30 30 72 57
internal_count=272 200 94 106 76 50 71 46 30 30 72 57
is_linear=0
shrinkage=0.01


Tree=134
num_leaves=11
num_cat=0
split_feature=5 1 7 5 8 5 7 8 9 5
split_gain=30.467 15.8877 8.60782 6.94777 4.22196 3.25131 2.45087 2.44038 1.99606 0.259904
threshold=33.64950000000001 0.32250000000000006 0.0095000000000000015 43.011000000000003 0.33950000000000008 39.839500000000008 0.12550000000000003 0.21150000000000002 0.70350000000000013 31.186500000000006
decision_type=2 2 2 2 2 2 2 2 2 2
left_child=9 2 -2 6 -4 -6 7 -3 -8 -1
right_child=1 3 4 -5 5 -7 8 -9 -10 -11
leaf_value=-0.0071630526447700243 -0.00050903399225051818 -0.0027421715374915823 0.0092651421717111614 0.0038370945639148051 0 0.0058128763761436733 -0.0055284278052595429 0.0028679020654770637 -0.00083530548088094026 -0.0042303437731046785
leaf_weight=29 20 15.000000000000002 34 24 14.999999999999998 28 26 14.999999999999998 23 43
leaf_count=29 20 15 34 24 15 28 26 15 23 43
internal_value=0 0.00197313 0.00487987 -0.000678023 0.00640288 0.00382932 -0.002191 0 -0.00355824 -0.00559076
internal_weight=272 200 97 103 77 43 79 30 49 72
internal_count=272 200 97 103 77 43 79 30 49 72
is_linear=0
shrinkage=0.01


Tree=135
num_leaves=14
num_cat=0
split_feature=9 6 7 3 3 1 0 8 1 9 9 0 1
split_gain=25.1517 20.9313 10.4373 8.30762 10.0628 12.5113 7.62106 4.15739 3.32841 3.11635 0.862052 0.732629 0.0423012
threshold=0.69450000000000001 1.1045000000000003 0.19800000000000004 65.575500000000019 59.25950000000001 0.30250000000000005 0.63250000000000017 0.26250000000000007 0.33250000000000007 0.41750000000000004 1.1230000000000004 0.70750000000000013 0.35750000000000004
decision_type=2 2 2 2 2 2 2 2 2 2 2 2 2
left_child=1 -1 3 4 5 -3 9 -7 10 -6 -2 -4 -10
right_child=8 2 11 -5 6 7 -8 -9 12 -11 -12 -13 -14
leaf_value=0.011217090558022896 0.00014593162603916657 -0.0068749370296118844 -0.0054629490544667115 -0.0031214344328226048 0.0065367952791544103 0 0.012481324130838568 0.0062849916749530364 -0.0042989996896137172 0.00030923171604915365 -0.0026761461207360933 -0.001191432747629381 -0.0074285401556736389
leaf_weight=23 15.000000000000002 15.999999999999998 18 21 19 14.999999999999998 15.999999999999998 22 39 20 15.999999999999998 14.999999999999998 19
leaf_count=23 15 16 18 21 19 15 16 22 39 20 16 15 19
internal_value=0.000218204 0.00235288 0.0010022 0.00233505 0.00349769 0.000182259 0.00648196 0.00355166 -0.00409566 0.00364068 -0.00101252 -0.00386662 -0.00554986
internal_weight=274 185 162 129 108 53 55 37 89 39 31 33 58
internal_count=274 185 162 129 108 53 55 37 89 39 31 33 58
is_linear=0
shrinkage=0.01


Tree=136
num_leaves=11
num_cat=0
split_feature=4 3 0 5 6 5 2 6 1 10
split_gain=44.5464 14.6855 10.7468 8.73651 8.5694 4.679 6.38289 4.05414 2.68573 1.12556
threshold=0.82850000000000013 58.680500000000002 0.60250000000000015 43.938500000000012 1.1045000000000003 33.035500000000006 0.21250000000000002 1.3125000000000002 0.32250000000000006 0.46250000000000008
decision_type=2 2 2 2 2 2 2 2 2 2
left_child=1 -1 4 5 -3 -2 7 -7 -9 -8
right_child=3 2 -4 -5 -6 6 9 8 -10 -11
leaf_value=0 -0.0053739179491996769 0.010352262807771183 0.015438360602427752 0.0045304033833165327 0.00056794174535329956 -0.0035045363936497243 -0.0074848358503409795 0.0036440902650356293 -0.00053603858297521418 -0.0024606927534615674
leaf_weight=25 62 19 19 14.999999999999998 21 24 17 27 27 18
leaf_count=25 62 19 19 15 21 24 17 27 27 18
internal_value=0.000215102 0.00629102 0.00899375 -0.00242806 0.00553284 -0.00309269 -0.00173478 -4.96459e-06 0.0013848 -0.00525373
internal_weight=274 84 59 190 40 175 113 78 54 35
internal_count=274 84 59 190 40 175 113 78 54 35
is_linear=0
shrinkage=0.01


Tree=137
num_leaves=12
num_cat=0
split_feature=4 3 0 3 4 7 0 7 9 3 10
split_gain=43.7094 14.4155 10.5144 7.03418 6.60099 5.64861 7.43431 6.35711 4.93264 1.53009 0.317348
threshold=0.82850000000000013 58.680500000000002 0.60250000000000015 69.366500000000016 0.95650000000000002 0.19800000000000004 0.5525000000000001 0.11550000000000002 0.64850000000000019 59.25950000000001 0.46750000000000008
decision_type=2 2 2 2 2 2 2 2 2 2 2
left_child=1 -1 3 -3 5 6 -2 9 -7 -8 -6
right_child=4 2 -4 -5 10 8 7 -9 -10 -11 -12
leaf_value=0 -0.0051874756515026092 0.0014913300105503628 0.015287935305864385 0.010633702406829053 -0.003841077935073402 -0.0067295190911082657 -0.002672831269247191 0.0057927460855042388 0 0.0011692642006609175 -0.0070138626999971341
leaf_weight=25 17 24 19 15.999999999999998 45 25 17 27 17 22 20
leaf_count=25 17 24 19 16 45 25 17 27 17 22 20
internal_value=0.000212734 0.00623162 0.00890939 0.00548133 -0.00240512 -0.000953172 0.000455732 0.00208774 -0.00394533 -0.000264965 -0.00501608
internal_weight=274 84 59 40 190 125 83 66 42 39 65
internal_count=274 84 59 40 190 125 83 66 42 39 65
is_linear=0
shrinkage=0.01


Tree=138
num_leaves=11
num_cat=0
split_feature=4 3 0 6 4 7 0 7 9 3
split_gain=42.8891 14.1508 10.2862 8.27495 6.47288 5.53484 7.29086 6.23256 4.8394 1.50097
threshold=0.82850000000000013 58.680500000000002 0.60250000000000015 1.1045000000000003 0.95650000000000002 0.19800000000000004 0.5525000000000001 0.11550000000000002 0.64850000000000019 59.25950000000001
decision_type=2 2 2 2 2 2 2 2 2 2
left_child=1 -1 3 -3 5 6 -2 9 -7 -8
right_child=4 2 -4 -5 -6 8 7 -9 -10 -11
leaf_value=0 -0.0051370828620025087 0.010166537660436752 0.015138976023747371 0.00054357574429622917 -0.0049682743790495486 -0.0066635433000092415 -0.0026468665812696729 0.005735871953297068 0 0.0011578313675191668
leaf_weight=25 17 19 19 21 65 25 17 27 17 22
leaf_count=25 17 19 19 21 65 25 17 27 17 22
internal_value=0.000210419 0.00617287 0.00882596 0.00543048 -0.0023824 -0.000943631 0.000449923 0.00206718 -0.00390575 -0.000259974
internal_weight=274 84 59 40 190 125 83 66 42 39
internal_count=274 84 59 40 190 125 83 66 42 39
is_linear=0
shrinkage=0.01


Tree=139
num_leaves=12
num_cat=0
split_feature=4 3 0 5 6 5 2 6 8 8 6
split_gain=42.0771 13.8909 10.0632 8.44902 8.10402 4.50037 6.1485 3.90969 2.41917 4.92111 0.530055
threshold=0.82850000000000013 58.680500000000002 0.60250000000000015 43.938500000000012 1.1045000000000003 33.035500000000006 0.21250000000000002 1.3125000000000002 0.31350000000000006 0.19650000000000004 1.5395000000000001
decision_type=2 2 2 2 2 2 2 2 2 2 2
left_child=1 -1 4 5 -3 -2 7 -7 9 -9 -8
right_child=3 2 -4 -5 -6 6 10 8 -10 -11 -12
leaf_value=0 -0.0052514384168386467 0.010067479096544095 0.014991468007747944 0.0044815352222611826 0.00053826634967049896 -0.0034213795528119924 -0.0028175469320745041 -0.0001327601027104162 -0.00064722546509334022 0.0073073847135228503 -0.0071069760169043686
leaf_weight=25 62 19 19 14.999999999999998 21 24 19 15.000000000000002 24 14.999999999999998 15.999999999999998
leaf_count=25 62 19 19 15 21 24 19 15 24 15 16
internal_value=0.000208572 0.00611462 0.00874323 -0.00235923 0.00537996 -0.00301365 -0.00168001 0 0.00138256 0.00331825 -0.0051326
internal_weight=274 84 59 190 40 175 113 78 54 30 35
internal_count=274 84 59 190 40 175 113 78 54 30 35
is_linear=0
shrinkage=0.01


Tree=140
num_leaves=12
num_cat=0
split_feature=4 3 5 3 2 5 2 6 8 8 10
split_gain=41.2916 13.6358 8.29457 7.29852 8.66672 4.39718 6.03023 3.82847 2.37143 4.83268 1.0822
threshold=0.82850000000000013 58.680500000000002 43.938500000000012 63.159500000000001 0.18250000000000002 33.035500000000006 0.21250000000000002 1.3125000000000002 0.31350000000000006 0.19650000000000004 0.46250000000000008
decision_type=2 2 2 2 2 2 2 2 2 2 2
left_child=1 -1 5 -3 -5 -2 7 -7 9 -9 -8
right_child=2 3 -4 4 -6 6 10 8 -10 -11 -12
leaf_value=0 -0.0051993441832065583 0.013711099735526151 0.0044381654935498399 0.010718173452786037 0.0006042455517968466 -0.0033878640800106279 -0.007270059615373612 -0.000131475307768391 -0.0006408851669759166 0.007236667883492285 -0.00234101492961919
leaf_weight=25 62 21 14.999999999999998 17 21 24 17 15.000000000000002 24 14.999999999999998 18
leaf_count=25 62 21 15 17 21 24 17 15 24 15 18
internal_value=0.000205957 0.00605694 -0.00233741 0.00866131 0.00546907 -0.00298614 -0.00166616 0 0.00136567 0.00328297 -0.00508549
internal_weight=274 84 190 59 38 175 113 78 54 30 35
internal_count=274 84 190 59 38 175 113 78 54 30 35
is_linear=0
shrinkage=0.01


Tree=141
num_leaves=11
num_cat=0
split_feature=4 3 5 3 2 5 2 6 1 10
split_gain=40.5208 13.3855 8.14301 7.13308 8.4887 4.29621 5.91416 3.74889 2.58257 1.05152
threshold=0.82850000000000013 58.680500000000002 43.938500000000012 63.159500000000001 0.18250000000000002 33.035500000000006 0.21250000000000002 1.3125000000000002 0.32250000000000006 0.46250000000000008
decision_type=2 2 2 2 2 2 2 2 2 2
left_child=1 -1 5 -3 -5 -2 7 -7 -9 -8
right_child=2 3 -4 4 -6 6 9 8 -10 -11
leaf_value=0 -0.0051477666676044464 0.013577177358228108 0.0043952155449698055 0.010614054117883956 0.00059834373205207118 -0.0033546767703124454 -0.0071994360940796989 0.0035661339746280154 -0.00052915816686370152 -0.0023182374950123925
leaf_weight=25 62 21 14.999999999999998 17 21 24 17 27 27 18
leaf_count=25 62 21 15 17 21 24 17 27 27 18
internal_value=0.000203363 0.0059998 -0.0023158 0.00858016 0.00541845 -0.00295889 -0.00165243 0 0.00134893 -0.0050388
internal_weight=274 84 190 59 38 175 113 78 54 35
internal_count=274 84 190 59 38 175 113 78 54 35
is_linear=0
shrinkage=0.01


Tree=142
num_leaves=12
num_cat=0
split_feature=4 3 0 5 6 5 2 6 8 8 10
split_gain=39.7606 13.1399 9.50136 7.99324 7.98179 4.19952 5.80304 3.67313 2.3409 4.72982 1.02153
threshold=0.82850000000000013 58.680500000000002 0.60250000000000015 43.938500000000012 1.1115000000000002 33.035500000000006 0.21250000000000002 1.3125000000000002 0.31350000000000006 0.19650000000000004 0.46250000000000008
decision_type=2 2 2 2 2 2 2 2 2 2 2
left_child=1 -1 4 5 -3 -2 7 -7 9 -9 -8
right_child=3 2 -4 -5 -6 6 10 8 -10 -11 -12
leaf_value=0 -0.0050967007958889008 0.0096303485915428255 0.014579511529360063 0.0043526810359570288 0.00019589147916654261 -0.0033218146754162652 -0.0071294987968036107 -0.00013036626721582104 -0.00065951133869132216 0.0071532617196921377 -0.0022956816171220431
leaf_weight=25 62 20 19 14.999999999999998 20 24 17 15.000000000000002 24 14.999999999999998 18
leaf_count=25 62 20 19 15 20 24 17 15 24 15 18
internal_value=0.000201095 0.00594321 0.0084998 -0.00229397 0.00522069 -0.00293144 -0.0016381 0 0.00133389 0.00324114 -0.00499257
internal_weight=274 84 59 190 40 175 113 78 54 30 35
internal_count=274 84 59 190 40 175 113 78 54 30 35
is_linear=0
shrinkage=0.01


Tree=143
num_leaves=12
num_cat=0
split_feature=4 3 0 6 4 7 0 7 9 3 10
split_gain=39.0189 12.8988 9.29454 7.81975 6.09117 5.20969 6.87454 6.11787 4.65368 1.48947 0.340488
threshold=0.82850000000000013 58.680500000000002 0.60250000000000015 1.1045000000000003 0.95650000000000002 0.19800000000000004 0.5525000000000001 0.11550000000000002 0.64850000000000019 59.25950000000001 0.46750000000000008
decision_type=2 2 2 2 2 2 2 2 2 2 2
left_child=1 -1 3 -3 5 6 -2 9 -7 -8 -6
right_child=4 2 -4 -5 10 8 7 -9 -10 -11 -12
leaf_value=0 -0.0049430129783494129 0.009770927929725403 0.014437454908322066 0.00041579440236091616 -0.0036197460188970459 -0.0064584298285783508 -0.0026351492543305673 0.0056820977006784889 0 0.0011551261991262437 -0.0067532528137288442
leaf_weight=25 17 19 19 21 45 25 17 27 17 22 20
leaf_count=25 17 19 19 21 45 25 17 27 17 22 20
internal_value=0.000198541 0.00588718 0.00842022 0.00517216 -0.00227279 -0.000875113 0.000474613 0.00204711 -0.00375193 -0.000256323 -0.00478077
internal_weight=274 84 59 40 190 125 83 66 42 39 65
internal_count=274 84 59 40 190 125 83 66 42 39 65
is_linear=0
shrinkage=0.01


Tree=144
num_leaves=14
num_cat=0
split_feature=4 1 5 5 3 1 1 10 1 9 7 5 5
split_gain=38.3962 8.61108 14.3879 8.08341 7.50539 5.61327 2.24287 3.45313 1.7203 1.76371 1.58528 0.774074 0.0761381
threshold=0.88350000000000006 0.34750000000000003 43.567500000000003 46.617000000000004 70.381500000000003 0.32250000000000006 0.32750000000000007 0.43250000000000005 0.34250000000000008 1.0015000000000003 0.17650000000000002 31.186500000000006 35.915500000000009
decision_type=2 2 2 2 2 2 2 2 2 2 2 2 2
left_child=1 2 4 -4 6 -2 7 -1 11 10 -10 -7 -13
right_child=5 -3 3 -5 -6 8 -8 -9 9 -11 -12 12 -14
leaf_value=0.0020780153112842682 0.00075399470139057086 -0.002445561014596493 0.014719114590708801 0.0048260538660817674 0.0084652783112092456 -0.0044981261078388462 0.0036423794542615479 -0.0033302039032181104 -0.00089619286230001121 -0.0081963695585727699 -0.0057493209130153426 0 -0.0015635439234249521
leaf_weight=23 23 14.999999999999998 20 22 15.999999999999998 14.999999999999998 18 22 19 23 20 15.000000000000002 15.999999999999998
leaf_count=23 23 15 20 22 16 15 18 22 19 23 20 15 16
internal_value=0.00045356 0.00420064 0.00511352 0.00989007 0.00240207 -0.00336167 0.000650201 -0.000353763 -0.00432975 -0.00556722 -0.00367941 -0.00240488 -0.00101923
internal_weight=267 136 121 42 79 131 63 45 108 62 39 46 31
internal_count=267 136 121 42 79 131 63 45 108 62 39 46 31
is_linear=0
shrinkage=0.01


Tree=145
num_leaves=13
num_cat=0
split_feature=4 1 5 5 3 8 1 10 1 10 3 8
split_gain=37.6932 8.45783 14.1019 7.90758 7.35594 5.54987 2.19874 3.38659 2.15495 1.09501 0.523264 1.21773
threshold=0.88350000000000006 0.34750000000000003 43.567500000000003 46.617000000000004 70.381500000000003 0.23950000000000002 0.32750000000000007 0.43250000000000005 0.32250000000000006 0.47250000000000003 61.381000000000007 0.18250000000000002
decision_type=2 2 2 2 2 2 2 2 2 2 2 2
left_child=1 2 4 -4 6 9 7 -1 -7 10 11 -2
right_child=5 -3 3 -5 -6 8 -8 -9 -10 -11 -12 -13
leaf_value=0.002057677241081887 -0.0043980413635034818 -0.0024218944207795206 0.014575513405043905 0.0047788658171064322 0.0083831907221765239 0.0021934550278114549 0.0036069400809906628 -0.0032976419059559704 -0.0020558910999308967 -0.0082165661934883363 -0.0054611945278563749 -8.0255012254457225e-05
leaf_weight=23 18 14.999999999999998 20 22 15.999999999999998 15.999999999999998 18 22 35 14.999999999999998 29 18
leaf_count=23 18 15 20 22 16 16 18 22 35 15 29 18
internal_value=0.000448187 0.00416112 0.00506611 0.00979582 0.00237999 -0.00333158 0.000643888 -0.000348165 -0.000520235 -0.00498522 -0.00402983 -0.00254379
internal_weight=267 136 121 42 79 131 63 45 51 80 65 36
internal_count=267 136 121 42 79 131 63 45 51 80 65 36
is_linear=0
shrinkage=0.01


Tree=146
num_leaves=13
num_cat=0
split_feature=9 1 4 1 0 3 7 0 1 8 7 7
split_gain=37.1787 10.3418 9.27433 9.48191 5.99582 5.81956 4.28222 5.98377 3.8408 1.87936 1.79165 2.50382
threshold=0.62050000000000016 0.34750000000000003 0.82850000000000013 0.31750000000000006 0.58750000000000002 60.454000000000008 0.081500000000000017 0.6625000000000002 0.34250000000000008 0.19350000000000003 0.22750000000000004 0.17650000000000002
decision_type=2 2 2 2 2 2 2 2 2 2 2 2
left_child=1 2 3 5 -5 -1 -4 -8 10 -10 11 -2
right_child=8 -3 6 4 -6 -7 7 -9 9 -11 -12 -13
leaf_value=-0.00079916025036870834 -0.00021518810493190114 -0.0022750358822497918 -0.0015705073694157047 0.005591429596947084 0.016135812975240475 0.0067855716041874056 0 0.0071428783737281535 -0.0079730077441466062 -0.0030645809696074958 9.1682244546529722e-05 -0.0059966941390718733
leaf_weight=14.999999999999998 20 23 21 15.000000000000002 15.999999999999998 21 23 23 29 24 20 17
leaf_count=15 20 23 21 15 16 21 23 23 29 24 20 17
internal_value=0.000443138 0.00359555 0.00468225 0.00735424 0.0115209 0.00338364 0.00182744 0.00359393 -0.00396163 -0.00598665 -0.00186911 -0.00318276
internal_weight=267 157 134 67 31 36 67 46 110 53 57 37
internal_count=267 157 134 67 31 36 67 46 110 53 57 37
is_linear=0
shrinkage=0.01


Tree=147
num_leaves=14
num_cat=0
split_feature=9 1 4 1 0 3 4 1 4 8 7 7 4
split_gain=36.4739 10.15 9.09762 9.30138 5.85778 5.71307 4.27046 3.76147 3.20906 1.83078 1.76313 2.44929 1.41185
threshold=0.62050000000000016 0.34750000000000003 0.82850000000000013 0.31750000000000006 0.58750000000000002 60.454000000000008 0.84450000000000014 0.34250000000000008 0.89550000000000007 0.19350000000000003 0.22750000000000004 0.17650000000000002 0.87200000000000011
decision_type=2 2 2 2 2 2 2 2 2 2 2 2 2
left_child=1 2 3 5 -5 -1 -4 10 12 -9 11 -2 -8
right_child=7 -3 6 4 -6 -7 8 9 -10 -11 -12 -13 -14
leaf_value=-0.00079142634234871841 -0.00021308866215915217 -0.0022527696881839573 -0.0022962878779931506 0.0055373188324512957 0.015979344059120527 0.0067192940113979371 0.0022669411349940942 -0.0078946289748458541 0 -0.0030345605213043031 9.0787835055735047e-05 -0.0059384405357497082 0.0077364078873107516
leaf_weight=14.999999999999998 20 23 15.999999999999998 15.000000000000002 15.999999999999998 21 18 29 18 24 20 17 14.999999999999998
leaf_count=15 20 23 16 15 16 21 18 29 18 24 20 17 15
internal_value=0.000437817 0.00356053 0.00463735 0.00728423 0.0114123 0.00334788 0.00180798 -0.0039246 0.00329956 -0.00592969 -0.00185095 -0.00315443 0.00512993
internal_weight=267 157 134 67 31 36 67 110 51 53 57 37 33
internal_count=267 157 134 67 31 36 67 110 51 53 57 37 33
is_linear=0
shrinkage=0.01


Tree=148
num_leaves=12
num_cat=0
split_feature=4 1 5 5 3 8 7 1 10 1 3
split_gain=35.6866 8.02213 13.6241 7.59633 7.19104 5.28373 3.19422 2.08256 3.31212 1.13659 1.04827
threshold=0.88350000000000006 0.34750000000000003 43.567500000000003 46.617000000000004 70.381500000000003 0.23350000000000004 0.18900000000000003 0.32750000000000007 0.43250000000000005 0.34250000000000008 61.381000000000007
decision_type=2 2 2 2 2 2 2 2 2 2 2
left_child=1 2 4 -4 7 9 -7 8 -1 10 -2
right_child=5 -3 3 -5 -6 6 -8 -9 -10 -11 -12
leaf_value=0.0019807801015199501 -0.00027149358482071847 -0.002353625241066179 0.014264979180766316 0.0046486217452006212 0.0082176563143730157 0.0017402154601672114 -0.0029861734384449864 0.0034634308219962831 -0.0033066501051394474 -0.0062846275427560694 -0.0045932836709795775
leaf_weight=23 15.999999999999998 14.999999999999998 20 22 15.999999999999998 25 29 18 22 43 18
leaf_count=23 16 15 20 22 16 25 29 18 22 43 18
internal_value=0.000432916 0.00404658 0.00492872 0.00957708 0.00228696 -0.00324375 -0.000618654 0.000570428 -0.000392336 -0.00493983 -0.00288276
internal_weight=267 136 121 42 79 131 54 63 45 77 34
internal_count=267 136 121 42 79 131 54 63 45 77 34
is_linear=0
shrinkage=0.01


Tree=149
num_leaves=14
num_cat=0
split_feature=9 1 4 1 0 3 4 1 4 8 7 7 4
split_gain=35.209 9.78596 8.79323 9.05993 5.70736 5.59276 4.17997 3.61549 3.11022 1.75676 1.73532 2.37189 1.39079
threshold=0.62050000000000016 0.34750000000000003 0.82850000000000013 0.31750000000000006 0.58750000000000002 60.454000000000008 0.84450000000000014 0.34250000000000008 0.89550000000000007 0.19350000000000003 0.22750000000000004 0.17650000000000002 0.87200000000000011
decision_type=2 2 2 2 2 2 2 2 2 2 2 2 2
left_child=1 2 3 5 -5 -1 -4 10 12 -9 11 -2 -8
right_child=7 -3 6 4 -6 -7 8 9 -10 -11 -12 -13 -14
leaf_value=-0.00082232260926356246 -0.00020957227523733931 -0.002205682688571037 -0.002288317188169017 0.0054240939021110521 0.015742002043760184 0.0066085829135290406 0.0022078927264020248 -0.0077552396627300884 0 -0.0029733690797180239 0.00010648785931308096 -0.005854023720536913 0.0076327658558805146
leaf_weight=14.999999999999998 20 23 15.999999999999998 15.000000000000002 15.999999999999998 21 18 29 18 24 20 17 14.999999999999998
leaf_count=15 20 23 16 15 16 21 18 29 18 24 20 17 15
internal_value=0.000428484 0.00349718 0.00455494 0.00715785 0.0112323 0.00326955 0.00177013 -0.00385688 0.0032474 -0.00582481 -0.00181841 -0.00311311 0.00504937
internal_weight=267 157 134 67 31 36 67 110 51 53 57 37 33
internal_count=267 157 134 67 31 36 67 110 51 53 57 37 33
is_linear=0
shrinkage=0.01


Tree=150
num_leaves=12
num_cat=0
split_feature=9 1 5 1 2 3 1 5 5 1 3
split_gain=34.548 9.60679 12.5005 9.88192 7.76572 6.46976 3.54068 2.52283 1.97259 1.6525 1.52653
threshold=0.62050000000000016 0.34750000000000003 37.721500000000006 0.31750000000000006 0.19750000000000004 60.454000000000008 0.34250000000000008 34.743000000000009 30.199500000000004 0.31750000000000006 62.016000000000012
decision_type=2 2 2 2 2 2 2 2 2 2 2
left_child=1 2 9 5 -5 -4 8 -8 -2 -1 -10
right_child=6 -3 3 4 -6 -7 7 -9 10 -11 -12
leaf_value=0.0016854274117698274 -0.0049306018698600032 -0.0021840949935164858 -0.00036156022427033405 0.0046849578238195846 0.013999447564081269 0.0064456855112089307 -0.0074489375051688149 -0.001850118953709072 0.0011894156056088071 -0.0023769421297877742 -0.002450741886399513
leaf_weight=19 14.999999999999998 23 24 22 24 26 35 18 21 19 21
leaf_count=19 15 23 24 22 24 26 35 18 21 19 21
internal_value=0.000423672 0.00346374 0.00451201 0.0064285 0.00985802 0.00300896 -0.00382088 -0.00576943 -0.00180075 -9.05075e-05 -0.000402789
internal_weight=267 157 134 96 46 50 110 53 57 38 42
internal_count=267 157 134 96 46 50 110 53 57 38 42
is_linear=0
shrinkage=0.01


Tree=151
num_leaves=13
num_cat=0
split_feature=9 1 4 1 9 3 4 1 4 8 3 4
split_gain=33.8912 9.42827 8.55899 8.76387 5.56893 5.41892 4.07692 3.46707 3.04484 1.70959 1.53336 1.36274
threshold=0.62050000000000016 0.34750000000000003 0.82850000000000013 0.31750000000000006 0.41750000000000004 60.454000000000008 0.84450000000000014 0.34250000000000008 0.89550000000000007 0.19350000000000003 61.69700000000001 0.87200000000000011
decision_type=2 2 2 2 2 2 2 2 2 2 2 2
left_child=1 2 3 5 -5 -1 -4 10 11 -9 -2 -8
right_child=7 -3 6 4 -6 -7 8 9 -10 -11 -12 -13
leaf_value=-0.00081350718684975181 0 -0.0021627188838542776 -0.002286991332516526 0.0056206625880617072 0.01581927225234047 0.0064943604353208872 0.0021482074250643319 -0.007619060150395005 0 -0.0028964105928411745 -0.0033758371588537249 0.0075191144796929532
leaf_weight=14.999999999999998 28 23 15.999999999999998 16.000000000000004 14.999999999999998 21 18 29 18 24 29 14.999999999999998
leaf_count=15 28 23 16 16 15 21 18 29 18 24 29 15
internal_value=0.000418434 0.0034298 0.00446853 0.00703643 0.0110457 0.00320601 0.00171939 -0.00378518 0.00318047 -0.00571447 -0.00178328 0.00496382
internal_weight=267 157 134 67 31 36 67 110 51 53 57 33
internal_count=267 157 134 67 31 36 67 110 51 53 57 33
is_linear=0
shrinkage=0.01


Tree=152
num_leaves=12
num_cat=0
split_feature=9 6 10 8 8 10 8 10 8 3 4
split_gain=33.2566 9.22441 8.46142 6.45942 5.41775 4.83387 6.77284 2.81972 2.23131 1.75606 0.496791
threshold=0.62050000000000016 1.1955000000000002 0.44750000000000006 0.26250000000000007 0.29350000000000004 0.43250000000000005 0.40950000000000003 0.43750000000000006 0.19350000000000003 61.69700000000001 0.96050000000000002
decision_type=2 2 2 2 2 2 2 2 2 2 2
left_child=1 2 -1 -3 -5 -6 -7 9 -9 -2 -10
right_child=7 3 -4 4 5 6 -8 8 10 -11 -12
leaf_value=0.011371114646293678 0.00030702248124814615 -0.0028602747944080167 0.001961387123825938 0.0085284346570411035 0.0049372343843181931 -0.0032636674859766236 0.0044323723682680649 -0.0072533161158745106 -0.00079616044748675172 -0.0032692641363132238 -0.004312583099930517
leaf_weight=24 20 22 21 14.999999999999998 28 29 18 32 18 25 14.999999999999998
leaf_count=24 20 22 21 15 28 29 18 32 18 25 15
internal_value=0.000413643 0.00339701 0.0072695 0.00172681 0.00296821 0.00167459 -9.00906e-05 -0.00375004 -0.00514972 -0.00147412 -0.00273355
internal_weight=267 157 45 112 90 75 47 110 65 45 33
internal_count=267 157 45 112 90 75 47 110 65 45 33
is_linear=0
shrinkage=0.01


Tree=153
num_leaves=13
num_cat=0
split_feature=4 2 5 6 1 1 1 3 8 7 1 8
split_gain=41.8991 18.3895 11.7865 8.15145 8.21793 6.60216 3.03127 2.61807 2.29515 1.65807 0.952774 1.04304
threshold=0.88350000000000006 0.23750000000000002 37.721500000000006 1.1045000000000003 0.31250000000000006 0.33250000000000007 0.31250000000000006 59.25950000000001 0.32250000000000006 0.10600000000000001 0.33750000000000008 0.18050000000000002
decision_type=2 2 2 2 2 2 2 2 2 2 2 2
left_child=1 2 6 -4 7 -6 -1 -5 9 -2 -11 -12
right_child=8 -3 3 4 5 -7 -8 -9 -10 10 11 -13
leaf_value=0.0039376747475997091 -7.4665155826192909e-05 -0.0032614160012057487 0.014058525504135505 -0.00023950411063252075 0.013688425559263964 0.0035233290541556573 -0.0020832217529162087 0.0047691396442619532 0 -0.0024468352051475383 -0.0074341597439760857 -0.0034817241604479265
leaf_weight=15.000000000000002 15.999999999999998 23 20 15.999999999999998 19 14.999999999999998 15.999999999999998 18 15.999999999999998 39 23 35
leaf_count=15 16 23 20 16 19 15 16 18 16 39 23 35
internal_value=0.000820268 0.00458969 0.00619811 0.00806794 0.00607027 0.00960974 0.000528914 0.00215296 -0.0032535 -0.00375494 -0.00425594 -0.00527015
internal_weight=271 142 119 88 68 34 31 34 129 113 97 58
internal_count=271 142 119 88 68 34 31 34 129 113 97 58
is_linear=0
shrinkage=0.01


Tree=154
num_leaves=11
num_cat=0
split_feature=4 1 5 0 6 6 8 7 1 8
split_gain=41.1129 15.4845 14.9447 8.78559 6.05591 6.58764 2.25625 1.62025 0.92805 1.01283
threshold=0.88350000000000006 0.34250000000000008 43.567500000000003 0.6625000000000002 1.1285000000000001 1.3125000000000002 0.32250000000000006 0.10600000000000001 0.33750000000000008 0.18050000000000002
decision_type=2 2 2 2 2 2 2 2 2 2
left_child=1 2 4 -4 -1 -6 7 -2 -9 -10
right_child=6 -3 3 -5 5 -7 -8 8 9 -11
leaf_value=0.0077925271195609389 -7.3941020351467719e-05 -0.0022766982086742408 0.01524923823615338 0.0051442155060033466 -0.0026678925657525978 0.0042560283070216419 0 -0.0024226765636401839 -0.0073613998912116316 -0.0034473973205706603
leaf_weight=20 15.999999999999998 25 23 21 23 30 15.999999999999998 39 23 35
leaf_count=20 16 25 23 21 23 30 16 39 23 35
internal_value=0.000811525 0.0045457 0.00609207 0.0107631 0.00308653 0.00106754 -0.00322342 -0.00372063 -0.00421612 -0.00522009
internal_weight=271 142 117 44 73 53 129 113 97 58
internal_count=271 142 117 44 73 53 129 113 97 58
is_linear=0
shrinkage=0.01


Tree=155
num_leaves=12
num_cat=0
split_feature=4 2 5 6 1 1 0 10 1 8 7
split_gain=40.3394 17.9287 11.4617 7.86493 8.06245 6.37287 4.91433 3.05964 2.94472 0.758255 1.40033
threshold=0.88350000000000006 0.23750000000000002 37.721500000000006 1.1045000000000003 0.31250000000000006 0.33250000000000007 0.65250000000000019 0.42250000000000004 0.31250000000000006 0.19050000000000003 0.18900000000000003
decision_type=2 2 2 2 2 2 2 2 2 2 2
left_child=1 2 8 -4 6 -6 -5 -2 -1 -9 -11
right_child=7 -3 3 4 5 -7 -8 9 -10 10 -12
leaf_value=0.0038626555335377483 0.00012328824884182699 -0.0032476493288227854 0.013826086134081934 0.0063622020906017674 0.013484125614930422 0.0034736569321924642 -0.00085318600615629783 -0.0050981168225407601 -0.0020741400768923939 -0.00061575432671076157 -0.0040995014339528036
leaf_weight=15.000000000000002 18 23 20 14.999999999999998 19 14.999999999999998 19 47 15.999999999999998 29 35
leaf_count=15 18 23 20 15 19 15 19 47 16 29 35
internal_value=0.000802745 0.00450191 0.00609073 0.00793439 0.00596729 0.00947195 0.00208629 -0.00319364 0.000496757 -0.00381935 -0.00269298
internal_weight=271 142 119 88 68 34 34 129 31 111 64
internal_count=271 142 119 88 68 34 34 129 31 111 64
is_linear=0
shrinkage=0.01


Tree=156
num_leaves=13
num_cat=0
split_feature=4 2 1 8 4 4 7 4 10 8 9 9
split_gain=39.57 17.5956 6.62566 6.59193 7.11135 11.1076 4.5315 4.08884 3.00821 0.73349 1.43006 1.79717
threshold=0.88350000000000006 0.23750000000000002 0.33750000000000008 0.30550000000000005 0.77250000000000008 0.8175 0.11000000000000001 0.81350000000000011 0.42250000000000004 0.19050000000000003 0.64100000000000013 0.8005000000000001
decision_type=2 2 2 2 2 2 2 2 2 2 2 2
left_child=1 2 3 7 -5 -6 -7 -1 -2 -10 -11 -12
right_child=8 -3 -4 4 5 6 -8 -9 9 10 11 -13
leaf_value=0.015109284791079433 0.00012208866106497274 -0.0032158637934542717 0 -0.0003469942036000165 0.012601052161033561 -0.00065546162990909643 0.0063309890844605188 0.0061548121316092356 -0.0050476723129517943 -0.0050647142656692649 0.00090219123232545271 -0.0029173042032083398
leaf_weight=15.999999999999998 18 23 18 15.999999999999998 20 15.999999999999998 15.999999999999998 17 47 20 15.999999999999998 28
leaf_count=16 18 23 18 16 20 16 16 17 47 20 16 28
internal_value=0.000794812 0.00445881 0.00603309 0.00702714 0.00490865 0.00670415 0.00257373 0.0109556 -0.00316285 -0.00378339 -0.00266796 -0.00130915
internal_weight=271 142 119 101 68 52 32 33 129 111 64 44
internal_count=271 142 119 101 68 52 32 33 129 111 64 44
is_linear=0
shrinkage=0.01


Tree=157
num_leaves=12
num_cat=0
split_feature=4 1 5 0 6 6 10 8 9 9 10
split_gain=38.8075 14.7597 14.4763 8.49774 5.77523 6.47802 2.95662 0.71125 1.39995 1.76466 0.472071
threshold=0.88350000000000006 0.34250000000000008 43.567500000000003 0.6625000000000002 1.1285000000000001 1.3125000000000002 0.42250000000000004 0.19050000000000003 0.64100000000000013 0.8005000000000001 0.43250000000000005
decision_type=2 2 2 2 2 2 2 2 2 2 2
left_child=1 2 4 -4 -1 -6 -2 -8 -9 -10 -7
right_child=6 -3 3 -5 5 10 7 8 9 -11 -12
leaf_value=0.007561205794535032 0.000120900688139168 -0.0022387487401126648 0.014935154540741697 0.0049903331246486929 -0.0027127671114941859 0.0058509549438472705 -0.0049977269143993523 -0.0050153024003999989 0.00089344273293108652 -0.0028886430275528448 0.001687697393278922
leaf_weight=20 18 25 23 21 23 15.000000000000002 47 20 15.999999999999998 28 14.999999999999998
leaf_count=20 18 25 23 21 23 15 47 20 16 28 15
internal_value=0.000787221 0.00441603 0.00592657 0.0105229 0.0029674 0.000992506 -0.00313169 -0.003747 -0.00264183 -0.00129403 0.00415899
internal_weight=271 142 117 44 73 53 129 111 64 44 30
internal_count=271 142 117 44 73 53 129 111 64 44 30
is_linear=0
shrinkage=0.01


Tree=158
num_leaves=14
num_cat=0
split_feature=4 2 5 6 1 1 0 10 1 5 7 7 7
split_gain=38.0666 17.1482 11.044 7.48447 7.94172 6.07351 4.77844 2.90598 2.84069 0.663958 0.110645 0.993458 0.368563
threshold=0.88350000000000006 0.23750000000000002 37.721500000000006 1.1045000000000003 0.31250000000000006 0.33250000000000007 0.65250000000000019 0.42250000000000004 0.31250000000000006 39.426000000000009 0.18550000000000003 0.14850000000000002 0.28100000000000008
decision_type=2 2 2 2 2 2 2 2 2 2 2 2 2
left_child=1 2 8 -4 6 -6 -5 -2 -1 10 11 -9 -12
right_child=7 -3 3 4 5 -7 -8 9 -10 -11 12 -13 -14
leaf_value=0.0037511878193265962 0.00011972427770898148 -0.0031994986486561755 0.013494561221904872 0.0061909881522578579 0.013210743275972514 0.0034064822283483322 -0.00093204462948517919 -0.0040669567651000988 -0.0020877326443565613 -0.000753892821770522 -0.005833319895833299 -0.00025101502452577865 -0.0023163701466151648
leaf_weight=15.000000000000002 18 23 20 14.999999999999998 19 14.999999999999998 19 28 15.999999999999998 14.999999999999998 34 17 17
leaf_count=15 18 23 20 15 19 15 19 28 16 15 34 17 17
internal_value=0.000780052 0.00437433 0.00592912 0.00773824 0.00581307 0.00928725 0.0019648 -0.00310083 0.000434788 -0.00371096 -0.00406308 -0.00286376 -0.00488905
internal_weight=271 142 119 88 68 34 34 129 31 111 96 45 51
internal_count=271 142 119 88 68 34 34 129 31 111 96 45 51
is_linear=0
shrinkage=0.01


Tree=159
num_leaves=13
num_cat=0
split_feature=4 2 5 6 1 1 0 1 8 7 1 8
split_gain=37.3579 16.8299 10.836 7.31991 7.79039 5.9374 4.6901 2.78678 2.16017 1.59655 0.835294 0.964895
threshold=0.88350000000000006 0.23750000000000002 37.721500000000006 1.1045000000000003 0.31250000000000006 0.33250000000000007 0.65250000000000019 0.31250000000000006 0.32250000000000006 0.10600000000000001 0.33750000000000008 0.18050000000000002
decision_type=2 2 2 2 2 2 2 2 2 2 2 2
left_child=1 2 7 -4 6 -6 -5 -1 9 -2 -11 -12
right_child=8 -3 3 4 5 -7 -8 -9 -10 10 11 -13
leaf_value=0.0037148860144999712 0 -0.0031681843228796697 0.013362906920928053 0.006131075543742026 0.013082023454018129 0.0033735163654050522 -0.00092296318557017897 -0.0020674878660815231 0 -0.0023174921168556697 -0.0071005032461215842 -0.003277623356962708
leaf_weight=15.000000000000002 15.999999999999998 23 20 14.999999999999998 19 14.999999999999998 19 15.999999999999998 15.999999999999998 39 23 35
leaf_count=15 16 23 20 15 19 15 19 16 16 39 23 35
internal_value=0.000771528 0.00433247 0.00587305 0.00766511 0.005758 0.00919968 0.00194301 0.00042753 -0.00307264 -0.00356024 -0.0040488 -0.00501226
internal_weight=271 142 119 88 68 34 34 31 129 113 97 58
internal_count=271 142 119 88 68 34 34 31 129 113 97 58
is_linear=0
shrinkage=0.01


Tree=160
num_leaves=13
num_cat=0
split_feature=4 2 5 6 1 1 0 10 2 8 9 9
split_gain=36.6573 16.5176 10.632 7.15873 7.64197 5.8041 4.60342 2.84002 2.74513 0.663024 1.38424 1.70386
threshold=0.88350000000000006 0.23750000000000002 37.721500000000006 1.1045000000000003 0.31250000000000006 0.33250000000000007 0.65250000000000019 0.42250000000000004 0.19750000000000004 0.19050000000000003 0.64100000000000013 0.8005000000000001
decision_type=2 2 2 2 2 2 2 2 2 2 2 2
left_child=1 2 8 -4 6 -6 -5 -2 -1 -9 -11 -12
right_child=7 -3 3 4 5 -7 -8 9 -10 10 11 -13
leaf_value=0.0036852651039108388 0.00013609722659394547 -0.0031371766408073145 0.013232537276088828 0.0060717423500553256 0.012954557549494964 0.0033408693969249727 -0.00091397015139078484 -0.0048666938912907713 -0.0020533853567493762 -0.0049196910022235498 0.0009176291514075164 -0.0028021181090489818
leaf_weight=15.000000000000002 18 23 20 14.999999999999998 19 14.999999999999998 19 47 15.999999999999998 20 15.999999999999998 28
leaf_count=15 18 23 20 15 19 15 19 47 16 20 16 28
internal_value=0.000763343 0.00429102 0.00581753 0.0075927 0.00570346 0.00911297 0.00192144 -0.0030442 0.000420341 -0.0036479 -0.00256703 -0.00122965
internal_weight=271 142 119 88 68 34 34 129 31 111 64 44
internal_count=271 142 119 88 68 34 34 129 31 111 64 44
is_linear=0
shrinkage=0.01


Tree=161
num_leaves=12
num_cat=0
split_feature=5 7 10 8 1 5 9 8 7 1 5
split_gain=33.393 18.2625 16.215 11.1055 9.53276 4.95478 2.3573 4.33878 2.03945 1.28935 0.146972
threshold=43.567500000000003 0.041500000000000009 0.46250000000000008 0.32950000000000007 0.30250000000000005 39.003000000000007 0.50600000000000012 0.23650000000000002 0.21250000000000002 0.33750000000000008 33.440000000000005
decision_type=2 2 2 2 2 2 2 2 2 2 2
left_child=1 -1 4 6 -2 -5 -3 9 -9 -8 -11
right_child=2 3 -4 5 -6 -7 7 8 -10 10 -12
leaf_value=0.0065286962107162583 0.0037723842864075016 -0.0066636097803711896 0 -0.00077704779824448961 0.015164205115668627 0.0056409813052173277 -0.0018893612100594288 0.0029375271973831043 -0.0018504412399559488 -0.0061897376991930557 -0.0030616701808240678
leaf_weight=27 14.999999999999998 24 17 22 24 21 34 14.999999999999998 20 30 22
leaf_count=27 15 24 17 22 24 21 34 15 20 30 22
internal_value=0.000756109 -0.000998523 0.00761885 -0.00214706 0.0111391 0.00215626 -0.00349497 -0.00275934 0 -0.00396367 -0.00509856
internal_weight=271 215 56 188 39 43 145 121 35 86 52
internal_count=271 215 56 188 39 43 145 121 35 86 52
is_linear=0
shrinkage=0.01


Tree=162
num_leaves=13
num_cat=0
split_feature=8 6 5 9 5 8 7 9 6 6 8 5
split_gain=23.6031 10.8399 6.48243 6.89999 5.5255 5.07052 2.03742 4.61575 1.90434 1.38779 0.843393 1.27488
threshold=0.23350000000000004 1.1955000000000002 39.003000000000007 0.43450000000000005 40.898000000000003 0.35750000000000004 0.17650000000000002 0.64850000000000019 1.4440000000000002 1.3655000000000002 0.18550000000000003 32.987500000000004
decision_type=2 2 2 2 2 2 2 2 2 2 2 2
left_child=4 5 6 -4 9 -2 -3 -8 -5 10 11 -1
right_child=1 2 3 8 -6 -7 7 -9 -10 -11 -12 -13
leaf_value=-0.0037779020181586661 0.0026069727104227496 0 -0.0011825549131945562 0.0015285486208670069 0 0.010407577046326229 -0.0078908125431306885 0 0.0071545624244544236 -0.0065463004984612607 -0.0056112899414954643 0
leaf_weight=15.000000000000002 26 26 28 15.999999999999998 24 17 15.000000000000002 14.999999999999998 22 51 14.999999999999998 14.999999999999998
leaf_count=15 26 26 28 16 24 17 15 15 22 51 15 15
internal_value=-0.000696865 0.00171339 0.000100812 0.00229317 -0.00408732 0.006005 -0.00230348 -0.00406315 0.00509607 -0.00515626 -0.00330647 -0.00175309
internal_weight=285 165 122 66 120 43 56 30 38 96 45 30
internal_count=285 165 122 66 120 43 56 30 38 96 45 30
is_linear=0
shrinkage=0.01


Tree=163
num_leaves=13
num_cat=0
split_feature=8 6 5 4 5 8 2 7 6 8 5 1
split_gain=23.1508 10.6406 6.36087 5.55905 5.42448 4.96138 4.59637 1.99597 1.34734 0.822326 1.25203 0.375728
threshold=0.23350000000000004 1.1955000000000002 39.003000000000007 0.84850000000000014 40.898000000000003 0.35750000000000004 0.18250000000000002 0.17650000000000002 1.3655000000000002 0.18550000000000003 32.987500000000004 0.32750000000000007
decision_type=2 2 2 2 2 2 2 2 2 2 2 2
left_child=4 5 7 6 8 -2 -4 -3 9 10 -1 -9
right_child=1 2 3 -5 -6 -7 -8 11 -10 -11 -12 -13
leaf_value=-0.0037413416574558897 0.002581394979695104 0 0.004298216933102319 0.0061844530574818877 0 0.010306474983692169 -0.0023726107417182487 -0.0056166146503340798 -0.0064814730292385063 -0.0055569871539069759 0 -0.0016570971131084427
leaf_weight=15.000000000000002 26 26 15.999999999999998 23 24 17 27 15.000000000000002 51 14.999999999999998 14.999999999999998 14.999999999999998
leaf_count=15 26 26 16 23 24 17 27 15 51 15 15 15
internal_value=-0.000689874 0.00169677 9.83318e-05 0.0022708 -0.00404792 0.00594874 0 -0.00228253 -0.00510706 -0.00327551 -0.00173451 -0.00402435
internal_weight=285 165 122 66 120 43 43 56 96 45 30 30
internal_count=285 165 122 66 120 43 43 56 96 45 30 30
is_linear=0
shrinkage=0.01


Tree=164
num_leaves=13
num_cat=0
split_feature=8 6 5 4 5 8 2 7 0 6 8 5
split_gain=22.7036 10.4475 6.24559 5.45039 5.32537 4.85445 4.50729 1.95814 1.36211 1.30783 0.801712 1.22961
threshold=0.23350000000000004 1.1955000000000002 39.003000000000007 0.84850000000000014 40.898000000000003 0.35750000000000004 0.18250000000000002 0.17650000000000002 0.68250000000000022 1.3655000000000002 0.18550000000000003 32.987500000000004
decision_type=2 2 2 2 2 2 2 2 2 2 2 2
left_child=4 5 7 6 9 -2 -4 -3 -9 10 11 -1
right_child=1 2 3 -5 -6 -7 -8 8 -10 -11 -12 -13
leaf_value=-0.0037051351320359005 0.0025560679933372531 0 0.0042565372383052656 0.0061239244994965008 0 0.010206354984215326 -0.002349315723234957 -0.0062613695956045571 -0.00094195140705954645 -0.0064172875432713522 -0.0055032098725918801 0
leaf_weight=15.000000000000002 26 26 15.999999999999998 23 24 17 27 15.000000000000002 14.999999999999998 51 14.999999999999998 14.999999999999998
leaf_count=15 26 26 16 23 24 17 27 15 15 51 15 15
internal_value=-0.000683224 0.00167984 9.52423e-05 0.00224871 -0.00400892 0.00589303 0 -0.00226322 -0.00398857 -0.00505836 -0.00324486 -0.00171611
internal_weight=285 165 122 66 120 43 43 56 30 96 45 30
internal_count=285 165 122 66 120 43 43 56 30 96 45 30
is_linear=0
shrinkage=0.01


Tree=165
num_leaves=13
num_cat=0
split_feature=5 2 4 6 4 5 5 4 4 9 5 5
split_gain=21.1582 11.2665 10.0453 11.6709 5.13735 8.64407 3.51284 2.41903 2.36939 2.10935 1.63378 0.266933
threshold=35.250000000000007 0.20750000000000002 0.80750000000000022 1.1955000000000002 0.84850000000000014 39.647500000000008 42.619000000000007 0.82850000000000013 0.9385 0.52300000000000013 33.64950000000001 38.822500000000005
decision_type=2 2 2 2 2 2 2 2 2 2 2 2
left_child=8 2 3 -2 7 -6 9 -4 10 -3 -1 -11
right_child=1 6 4 -5 5 -7 -8 -9 -10 11 -12 -13
leaf_value=-0.0037446374409809348 0.013521009099270617 -0.0060895969508550111 0.0011127205536915707 0.0012991416454315185 -0.00078349771477827213 0.0077513103535834784 0.0016766620517680139 -0.003360686778109901 -0.0057015674514329338 0 2.5398371921431633e-05 -0.0021594264561479743
leaf_weight=20 17 19 19 18 20 23 15.999999999999998 24 63 15.000000000000002 14.999999999999998 15.999999999999998
leaf_count=20 17 19 19 18 20 23 16 24 63 15 15 16
internal_value=-0.00067664 0.00125461 0.00309553 0.00762399 0.00110353 0.00358837 -0.00196792 -0.00116411 -0.00445097 -0.00333726 -0.00186962 -0.00126301
internal_weight=285 187 121 35 86 43 66 43 98 50 35 31
internal_count=285 187 121 35 86 43 66 43 98 50 35 31
is_linear=0
shrinkage=0.01


Tree=166
num_leaves=11
num_cat=0
split_feature=8 6 9 10 10 7 6 6 1 8
split_gain=22.0404 10.1208 5.04563 4.76659 3.68166 3.36063 2.69262 4.77827 7.56085 1.88581
threshold=0.23350000000000004 1.1955000000000002 0.42150000000000004 0.44750000000000006 0.41750000000000004 0.27500000000000008 1.2815000000000001 1.5115000000000001 0.31250000000000006 0.34450000000000003
decision_type=2 2 2 2 2 2 2 2 2 2
left_child=2 3 -1 -2 -3 6 -6 8 -8 -9
right_child=1 4 -4 -5 5 -7 7 9 -10 -11
leaf_value=0.00058672809175082613 0.008527296791380307 0.0042745309101568686 -0.0047908787956632273 0.00094572693109512334 -0.0032992363146373206 -0.0048633454295416035 -0.0015390599014297611 -0.0041528383954878775 0.0069913798950764598 0.00015498377886172889
leaf_weight=17 26 18 103 17 17 14.999999999999998 14.999999999999998 14.999999999999998 24 18
leaf_count=17 26 18 103 17 17 15 15 15 24 18
internal_value=-0.000669607 0.0016581 -0.00394679 0.00580514 9.70769e-05 -0.000547243 9.15637e-05 0.00104733 0.00347933 -0.00153737
internal_weight=285 165 120 43 122 104 89 72 39 33
internal_count=285 165 120 43 122 104 89 72 39 33
is_linear=0
shrinkage=0.01


Tree=167
num_leaves=13
num_cat=0
split_feature=5 2 4 6 4 5 5 4 4 9 5 5
split_gain=20.4904 10.9548 9.82588 11.3216 5.0681 8.39845 3.41751 2.33695 2.27663 2.09028 1.5845 0.265438
threshold=35.250000000000007 0.20750000000000002 0.80750000000000022 1.1955000000000002 0.84850000000000014 39.647500000000008 42.619000000000007 0.82850000000000013 0.9385 0.52300000000000013 33.64950000000001 38.822500000000005
decision_type=2 2 2 2 2 2 2 2 2 2 2 2
left_child=8 2 3 -2 7 -6 9 -4 10 -3 -1 -11
right_child=1 6 4 -5 5 -7 -8 -9 -10 11 -12 -13
leaf_value=-0.0036840726601786162 0.013342510076505798 -0.0060271107806609226 0.0010591325221153405 0.0012920730077737087 -0.00075127989553460262 0.0076543596767364667 0.0016509065506133166 -0.0033278801657107412 -0.0056048925886825317 0 2.0122329794591472e-05 -0.0021165451678362762
leaf_weight=20 17 19 19 18 20 23 15.999999999999998 24 63 15.000000000000002 14.999999999999998 15.999999999999998
leaf_count=20 17 19 19 18 20 23 16 24 63 15 15 16
internal_value=-0.00066216 0.00123774 0.00305344 0.00753232 0.00108204 0.00355118 -0.00193862 -0.00116965 -0.00437688 -0.00329026 -0.00183695 -0.00122633
internal_weight=285 187 121 35 86 43 66 43 98 50 35 31
internal_count=285 187 121 35 86 43 66 43 98 50 35 31
is_linear=0
shrinkage=0.01


Tree=168
num_leaves=13
num_cat=0
split_feature=8 6 5 9 5 8 7 9 6 6 8 5
split_gain=21.3823 9.80177 5.87934 6.66072 4.95018 4.73457 1.88056 4.49885 1.85688 1.26208 0.778278 1.13213
threshold=0.23350000000000004 1.1955000000000002 39.003000000000007 0.43450000000000005 40.898000000000003 0.35750000000000004 0.17650000000000002 0.64850000000000019 1.4440000000000002 1.3655000000000002 0.18550000000000003 32.987500000000004
decision_type=2 2 2 2 2 2 2 2 2 2 2 2
left_child=4 5 6 -4 9 -2 -3 -8 -5 10 11 -1
right_child=1 2 3 8 -6 -7 7 -9 -10 -11 -12 -13
leaf_value=-0.003521003636621659 0.0024241098424173753 0 -0.001222073600480431 0.0014280134033073078 0 0.0099717225943292895 -0.0076537156201178019 0 0.0069750348635845717 -0.0062283162154184958 -0.0053262902507858886 0
leaf_weight=15.000000000000002 26 26 28 15.999999999999998 24 17 15.000000000000002 14.999999999999998 22 51 14.999999999999998 14.999999999999998
leaf_count=15 26 26 28 16 24 17 15 15 22 51 15 15
internal_value=-0.000655257 0.00163683 9.91947e-05 0.00219055 -0.00388358 0.00571825 -0.0021862 -0.0038755 0.00494807 -0.00489519 -0.0031127 -0.00160886
internal_weight=285 165 122 66 120 43 56 30 38 96 45 30
internal_count=285 165 122 66 120 43 56 30 38 96 45 30
is_linear=0
shrinkage=0.01


Tree=169
num_leaves=14
num_cat=0
split_feature=8 2 6 5 9 5 8 9 7 6 8 8 5
split_gain=20.9744 9.85225 7.84908 5.05834 11.508 4.85948 4.2735 2.66057 2.16583 1.22494 1.19291 0.758909 1.11202
threshold=0.23350000000000004 0.16750000000000004 1.1955000000000002 39.003000000000007 0.43450000000000005 40.898000000000003 0.34050000000000008 0.64850000000000019 0.17650000000000002 1.3655000000000002 0.36050000000000004 0.18550000000000003 32.987500000000004
decision_type=2 2 2 2 2 2 2 2 2 2 2 2 2
left_child=5 -2 6 7 -5 9 -3 8 -4 11 -6 12 -1
right_child=1 2 3 4 10 -7 -8 -9 -10 -11 -12 -13 -14
leaf_value=-0.0034869293580132138 0.008549353786416955 0.0012451958358287811 -0.0013778922525899751 -0.0040757155915101366 0.0023586343328763798 0 0.0088262069369516062 0 -0.007579647348893266 -0.006166637718171171 0.0073233535095597758 -0.0052747454902818125 0
leaf_weight=15.000000000000002 18 22 17 22 20 24 14.999999999999998 20 14.999999999999998 51 15.999999999999998 14.999999999999998 14.999999999999998
leaf_count=15 18 22 17 22 20 24 15 20 15 51 16 15 15
internal_value=-0.000648583 0.00162113 0.000678876 -0.00058542 0.00132451 -0.00384621 0.00466195 -0.00289853 -0.00466454 -0.00484852 0.00490924 -0.00308353 -0.00159155
internal_weight=285 165 147 110 58 120 37 52 32 96 36 45 30
internal_count=285 165 147 110 58 120 37 52 32 96 36 45 30
is_linear=0
shrinkage=0.01


Tree=170
num_leaves=13
num_cat=0
split_feature=8 2 5 2 1 8 5 8 1 1 5 8
split_gain=20.5771 9.65833 6.28471 9.59269 5.38786 12.3002 4.7705 3.76695 1.42794 1.46782 0.585296 1.48751
threshold=0.23350000000000004 0.16750000000000004 37.721500000000006 0.23750000000000002 0.31250000000000006 0.35750000000000004 40.898000000000003 0.30650000000000005 0.32750000000000007 0.31250000000000006 35.010500000000008 0.18250000000000002
decision_type=2 2 2 2 2 2 2 2 2 2 2 2
left_child=6 -2 8 4 -4 7 10 -6 9 -3 -1 -12
right_child=1 2 3 -5 5 -7 -8 -9 -10 -11 11 -13
leaf_value=-0.0055564594473269651 0.0084661706718238625 -0.00022720115409503055 0 -0.0042752653631297028 0.0052625467199267761 0.012714267185756139 0 -0.0011594461598856882 0 -0.0053881789834210369 0 -0.0049490865007523564
leaf_weight=66 18 15.000000000000002 25 15.999999999999998 15.999999999999998 17 24 15.999999999999998 26 15.999999999999998 15.000000000000002 14.999999999999998
leaf_count=66 18 15 25 16 16 17 24 16 26 16 15 15
internal_value=-0.000641764 0.00160595 0.000672276 0.00236193 0.00395029 0.00586264 -0.0038092 0.00177542 -0.00181903 -0.00325164 -0.00480231 -0.00275144
internal_weight=285 165 147 90 74 49 120 32 57 31 96 30
internal_count=285 165 147 90 74 49 120 32 57 31 96 30
is_linear=0
shrinkage=0.01


Tree=171
num_leaves=13
num_cat=0
split_feature=4 6 7 4 6 7 9 9 9 7 6 8
split_gain=21.2694 8.65724 13.0292 5.25094 4.92783 4.83085 3.33341 3.16254 4.44736 1.94217 1.441 0.585035
threshold=0.88350000000000006 1.1355000000000002 0.019500000000000003 0.85150000000000003 1.0440000000000003 0.052500000000000005 0.8005000000000001 0.47850000000000004 0.41350000000000003 0.18900000000000003 1.4600000000000002 0.19450000000000003
decision_type=2 2 2 2 2 2 2 2 2 2 2 2
left_child=1 4 -3 5 -1 -4 9 8 -7 10 -2 -8
right_child=6 2 3 -5 -6 7 11 -9 -10 -11 -12 -13
leaf_value=0.0026803502020163413 -0.0017908485497279867 -0.0073549011181439127 0.0055304552572114129 0.0070382504719423093 0.011353219334156282 -0.0018564139709279343 -0.0058830220874729038 -0.0041696656412783676 0.005208605950878512 -0.0034937513574045532 0.0019550220246949209 -0.0026745704248688131
leaf_weight=19 20 14.999999999999998 17 20 14.999999999999998 18 39 15.999999999999998 14.999999999999998 24 20 26
leaf_count=19 20 15 17 20 15 18 39 16 15 24 20 26
internal_value=-0.000198823 0.00253061 0.000932575 0.00252783 0.00690556 0.000968018 -0.00313117 -0.000452722 0.00108626 -0.0012749 0 -0.00478253
internal_weight=264 135 101 86 34 66 129 49 33 64 40 65
internal_count=264 135 101 86 34 66 129 49 33 64 40 65
is_linear=0
shrinkage=0.01


Tree=172
num_leaves=11
num_cat=0
split_feature=5 6 9 4 4 5 0 1 8 9
split_gain=20.9933 10.4768 4.4058 4.13582 4.60914 4.11478 2.22495 1.48123 0.861578 0.635352
threshold=35.741500000000009 1.1190000000000004 0.36950000000000005 0.88350000000000006 0.7915000000000002 39.839500000000008 0.64250000000000018 0.31250000000000006 0.31350000000000006 1.05
decision_type=2 2 2 2 2 2 2 2 2 2
left_child=7 -2 -3 4 -4 -6 -7 -1 -5 -9
right_child=1 2 3 8 5 6 -8 9 -10 -11
leaf_value=-0.00037975330266260335 0.0072856101595749293 -0.0031121945350754015 -0.00035022280045918057 0.00012002405452918499 0.00044019770513220531 0.0028187064345805875 0.0095870663076639169 -0.0034240506527170832 -0.0023712172806717273 -0.0064735977270386439
leaf_weight=14.999999999999998 29 24 24 23 20 14.999999999999998 17 50 20 27
leaf_count=15 29 24 24 23 20 15 17 50 20 27
internal_value=-0.000196711 0.0018249 0.000626265 0.00147379 0.00290075 0.00458072 0.00681426 -0.00407378 -0.000822745 -0.00465727
internal_weight=264 172 143 119 76 52 32 92 43 77
internal_count=264 172 143 119 76 52 32 92 43 77
is_linear=0
shrinkage=0.01


Tree=173
num_leaves=11
num_cat=0
split_feature=5 6 7 5 1 9 5 10 1 9
split_gain=20.6021 10.2678 9.76338 4.49548 5.63982 5.35028 4.52971 2.60642 1.44527 0.614231
threshold=35.741500000000009 1.1190000000000004 0.019500000000000003 44.952000000000005 0.32750000000000007 0.42150000000000004 39.003000000000007 0.46750000000000008 0.31250000000000006 1.05
decision_type=2 2 2 2 2 2 2 2 2 2
left_child=8 -2 -3 4 5 -4 -7 -6 -1 -10
right_child=1 2 3 -5 7 6 -8 -9 9 -11
leaf_value=-0.00037607823648760398 0.0072139887132887113 -0.0065028345336516705 -0.0011142611771057813 0.0056269778152729603 -0.0042114747759509595 0.00023739603432742032 0.0079152301053206139 0.00011252447021935058 -0.0033901491453917237 -0.0064100386554544623
leaf_weight=14.999999999999998 29 15.999999999999998 19 23 23 15.999999999999998 22 24 50 27
leaf_count=15 29 16 19 23 23 16 22 24 50 27
internal_value=-0.000194666 0.00180764 0.000620251 0.00161806 0.000613099 0.00278751 0.00498727 -0.00181501 -0.00403576 -0.00461263
internal_weight=264 172 143 127 104 57 38 47 92 77
internal_count=264 172 143 127 104 57 38 47 92 77
is_linear=0
shrinkage=0.01


Tree=174
num_leaves=12
num_cat=0
split_feature=5 6 7 4 4 4 4 9 8 7 8
split_gain=20.2174 10.0635 9.57772 5.50784 6.66234 5.83269 7.9537 1.28867 1.37117 1.13294 0.631181
threshold=35.741500000000009 1.1190000000000004 0.019500000000000003 0.88350000000000006 0.7915000000000002 0.82850000000000013 0.85150000000000003 1.05 0.21750000000000003 0.18900000000000003 0.25150000000000006
decision_type=2 2 2 2 2 2 2 2 2 2 2
left_child=7 -2 -3 4 -4 -6 -7 8 -1 10 -5
right_child=1 2 3 9 5 6 -8 -9 -10 -11 -12
leaf_value=-0.00071332863579362125 0.0071430718772492168 -0.0064397768224730631 -0.00042751452379059378 -0.0012526839490859738 0.010477390758918995 -0.0014192396888318352 0.0074316753009082493 -0.0058967274149407198 -0.0043030180891242917 -0.0031046280377742016 0.001582061685922165
leaf_weight=29 29 15.999999999999998 28 15.000000000000002 15.999999999999998 19 18 33 30 15.999999999999998 14.999999999999998
leaf_count=29 29 16 28 15 16 19 18 33 30 16 15
internal_value=-0.000192736 0.00179042 0.00061412 0.001603 0.00319636 0.00528388 0.00266162 -0.00399811 -0.00272748 -0.00099185 0
internal_weight=264 172 143 127 81 53 37 92 59 46 30
internal_count=264 172 143 127 81 53 37 92 59 46 30
is_linear=0
shrinkage=0.01


Tree=175
num_leaves=11
num_cat=0
split_feature=4 2 6 4 4 1 5 7 8 8
split_gain=19.8426 9.46338 8.43348 9.32121 5.53437 9.76493 3.41657 1.6242 0.61877 0.388001
threshold=0.88350000000000006 0.23750000000000002 1.1355000000000002 0.85150000000000003 0.82850000000000013 0.30750000000000005 39.003000000000007 0.11950000000000001 0.17750000000000002 0.19650000000000004
decision_type=2 2 2 2 2 2 2 2 2 2
left_child=1 2 -1 4 5 -4 7 -2 -9 -10
right_child=6 -3 3 -5 -6 -7 -8 8 9 -11
leaf_value=0.008640347697518088 -0.00049397940675799661 -0.0029800086696537176 -0.0020672581508392241 0.0084818229100533903 -0.0032930872718504862 0.0073322874376940171 0 -0.0063666862994432452 -0.0010871619837624687 -0.0040529117717543681
leaf_weight=27 19 24 20 17 26 21 24 25 17 44
leaf_count=27 19 24 20 17 26 21 24 25 17 44
internal_value=-0.000191885 0.00244302 0.00371336 0.00196959 0.000118497 0.00253652 -0.00302535 -0.00380439 -0.00441307 -0.00340455
internal_weight=264 135 111 84 67 41 129 105 86 61
internal_count=264 135 111 84 67 41 129 105 86 61
is_linear=0
shrinkage=0.01


Tree=176
num_leaves=11
num_cat=0
split_feature=5 6 7 5 1 9 5 10 1 9
split_gain=19.5174 9.68523 9.36653 4.3607 5.49737 5.23499 4.4128 2.56779 1.42275 0.562434
threshold=35.741500000000009 1.1190000000000004 0.019500000000000003 44.952000000000005 0.32750000000000007 0.42150000000000004 39.003000000000007 0.46750000000000008 0.31250000000000006 1.05
decision_type=2 2 2 2 2 2 2 2 2 2
left_child=8 -2 -3 4 5 -4 -7 -6 -1 -10
right_child=1 2 3 -5 7 6 -8 -9 9 -11
leaf_value=-0.00030754035038332785 0.007008885210853512 -0.0063730385809233694 -0.0011185887570564564 0.0055283709916662659 -0.0041851307756881765 0.00021951457767775567 0.0078046263953049982 0.00010288510699661411 -0.0033047983303002206 -0.0062501045004888017
leaf_weight=14.999999999999998 29 15.999999999999998 19 23 23 15.999999999999998 22 24 50 27
leaf_count=15 29 16 19 23 23 16 22 24 50 27
internal_value=-0.00019066 0.00175714 0.000601709 0.0015804 0.000589318 0.00273763 0.00491496 -0.00180695 -0.00393013 -0.00450026
internal_weight=264 172 143 127 104 57 38 47 92 77
internal_count=264 172 143 127 104 57 38 47 92 77
is_linear=0
shrinkage=0.01


Tree=177
num_leaves=13
num_cat=0
split_feature=4 6 7 4 6 7 5 8 7 8 3 8
split_gain=19.1746 7.87442 12.0552 4.98841 4.88332 4.7407 3.28216 3.0222 1.59049 0.591764 0.391893 0.500952
threshold=0.88350000000000006 1.1355000000000002 0.019500000000000003 0.85150000000000003 1.0440000000000003 0.052500000000000005 39.003000000000007 0.35750000000000004 0.11950000000000001 0.17750000000000002 59.850500000000004 0.26450000000000007
decision_type=2 2 2 2 2 2 2 2 2 2 2 2
left_child=1 4 -3 5 -1 -4 8 -7 -2 -10 11 -11
right_child=6 2 3 -5 -6 7 -8 -9 9 10 -12 -13
leaf_value=0.0023932560437764879 -0.00046044222652339019 -0.0070952697410698864 0.005414115135158811 0.0068033617898458389 0.010977716820855295 -0.0033780320518546638 0 0.0014632703067565505 -0.0062639068768304941 -0.00033562426796046699 -0.0046936547446925691 -0.0035093108113975298
leaf_weight=19 19 14.999999999999998 17 20 14.999999999999998 22 24 27 25 20 26 14.999999999999998
leaf_count=19 19 15 17 20 15 22 24 27 25 20 26 15
internal_value=-0.00018877 0.00240071 0.00087166 0.00240983 0.00657458 0.000886936 -0.00297472 -0.000520521 -0.00373805 -0.00433972 -0.00334401 -0.00200774
internal_weight=264 135 101 86 34 66 129 49 105 86 61 35
internal_count=264 135 101 86 34 66 129 49 105 86 61 35
is_linear=0
shrinkage=0.01


Tree=178
num_leaves=12
num_cat=0
split_feature=5 6 7 4 4 4 4 1 7 8 9
split_gain=18.8971 9.34495 9.04144 5.16921 6.46084 5.6841 7.55915 1.38156 1.08031 0.599144 0.530271
threshold=35.741500000000009 1.1190000000000004 0.019500000000000003 0.88350000000000006 0.7915000000000002 0.82850000000000013 0.85150000000000003 0.31250000000000006 0.18900000000000003 0.25150000000000006 1.05
decision_type=2 2 2 2 2 2 2 2 2 2 2
left_child=7 -2 -3 4 -4 -6 -7 -1 9 -5 -9
right_child=1 2 3 8 5 6 -8 10 -10 -11 -12
leaf_value=-0.00028826694575048262 0.0068884725944470546 -0.0062576904644568764 -0.00046612767535343506 -0.0012024795270014191 0.010281694964929059 -0.0014013872266961977 0.0072214472565699274 -0.0032505675803611773 -0.003017946246898536 0.001555470999089941 -0.0061482556949962264
leaf_weight=14.999999999999998 29 15.999999999999998 28 15.000000000000002 15.999999999999998 19 18 50 15.999999999999998 14.999999999999998 27
leaf_count=15 29 16 28 15 16 19 18 50 16 15 27
internal_value=-0.00018689 0.00172908 0.000592728 0.00155536 0.00309979 0.00515734 0.00256719 -0.00386701 -0.00095322 0 -0.00442878
internal_weight=264 172 143 127 81 53 37 92 46 30 77
internal_count=264 172 143 127 81 53 37 92 46 30 77
is_linear=0
shrinkage=0.01


Tree=179
num_leaves=12
num_cat=0
split_feature=5 4 2 0 9 10 4 4 8 9 8
split_gain=18.5346 7.58983 10.8324 4.27867 3.70707 2.75471 1.29942 4.18458 2.80332 1.16978 1.37793
threshold=35.741500000000009 0.82850000000000013 0.23750000000000002 0.65250000000000019 0.38400000000000006 0.41750000000000004 0.84850000000000014 0.88350000000000006 0.31350000000000006 1.05 0.21750000000000003
decision_type=2 2 2 2 2 2 2 2 2 2 2
left_child=9 2 3 4 -2 -3 -7 -8 -9 10 -1
right_child=1 5 -4 -5 -6 6 7 8 -10 -11 -12
leaf_value=-0.00060096077242140038 0.0029983596359529803 0.0035447288327144855 -0.0030442565439208862 0.0017839946432246102 0.010672992723328728 -0.0033634585865906308 0.0036072585397423839 0 -0.0051961997752501213 -0.005654407440504031 -0.0041711241055707457
leaf_weight=29 14.999999999999998 15.999999999999998 14.999999999999998 22 24 17 19 28 15.999999999999998 33 30
leaf_count=29 15 16 15 22 24 17 19 28 16 33 30
internal_value=-0.000186082 0.00171102 0.00406427 0.00598541 0.00804969 -5.97419e-05 -0.000922399 -8.49227e-05 -0.00192661 -0.00383103 -0.00260416
internal_weight=264 172 76 61 39 96 80 63 44 92 59
internal_count=264 172 76 61 39 96 80 63 44 92 59
is_linear=0
shrinkage=0.01


Tree=180
num_leaves=14
num_cat=0
split_feature=4 10 10 4 9 7 5 7 9 6 0 4 4
split_gain=23.2926 12.4199 10.9111 7.95685 10.7273 9.96406 5.21957 0.880843 2.74568 2.35673 3.41382 2.02691 1.38953
threshold=0.83350000000000002 0.42750000000000005 0.41750000000000004 0.73100000000000009 0.40050000000000008 0.076500000000000012 42.452500000000008 0.18900000000000003 0.64100000000000013 1.2425000000000004 0.73250000000000004 1.0015000000000003 0.92050000000000021
decision_type=2 2 2 2 2 2 2 2 2 2 2 2 2
left_child=1 -1 -2 -3 -5 -6 7 9 -9 -4 12 -10 -11
right_child=2 3 6 4 5 -7 -8 8 11 10 -12 -13 -14
leaf_value=0.010902665565825172 0.0049551754120068679 -0.0040015425989704742 -0.0055735411781531116 -0.0014234097020291701 0.013445257525290213 0.0016794333707641912 0.0023024554268246699 -0.0079238582093541215 -0.00052120407937832601 0.0026619333673167872 -0.0042255397741165421 -0.0055556011335416277 -0.0011141133584985227
leaf_weight=22 19 14.999999999999998 19 20 14.999999999999998 18 14.999999999999998 20 26 18 22 15.999999999999998 15.999999999999998
leaf_count=22 19 15 19 20 15 18 15 20 26 18 22 16 16
internal_value=0.000210619 0.00434892 -0.00191545 0.0020185 0.00393067 0.0074469 -0.00285329 -0.00349683 -0.00460669 -0.00242246 -0.00113649 -0.00271716 0.000604722
internal_weight=261 90 171 68 53 33 152 137 62 75 56 42 34
internal_count=261 90 171 68 53 33 152 137 62 75 56 42 34
is_linear=0
shrinkage=0.01


Tree=181
num_leaves=13
num_cat=0
split_feature=4 2 1 7 1 7 2 6 5 5 7 6
split_gain=22.8495 13.526 8.895 5.7137 11.3749 4.00872 2.45842 2.32883 2.28518 0.789266 0.505604 1.96008
threshold=0.83350000000000002 0.23750000000000002 0.31750000000000006 0.048000000000000008 0.30750000000000005 0.081500000000000017 0.21250000000000002 1.1115000000000002 40.263000000000005 37.048000000000009 0.22950000000000004 1.5830000000000004
decision_type=2 2 2 2 2 2 2 2 2 2 2 2
left_child=1 3 5 7 -5 -2 8 -1 10 -8 11 -4
right_child=2 -3 6 4 -6 -7 9 -9 -10 -11 -12 -13
leaf_value=0.013118969048223185 -0.0016266491918852835 -0.0032785309718123506 -0.0051519048805706777 -0.0027704268468148781 0.0075074448787941133 0.004308214044029062 -0.0030665651663410952 0.0054872386642929281 0.00060426413912225416 -0.007615093089438774 -0.0008171360085650188 -0.00050601316843090988
leaf_weight=15.000000000000002 15.999999999999998 17 32 15.999999999999998 26 27 20 15.999999999999998 18 18 20 20
leaf_count=15 16 17 32 16 26 27 20 16 18 18 20 20
internal_value=0.000207473 0.00430657 -0.0018979 0.0062193 0.00337024 0.00187669 -0.00324612 0.00964709 -0.00213682 -0.00555179 -0.00295947 -0.00357734
internal_weight=261 90 171 73 42 43 128 31 90 38 72 52
internal_count=261 90 171 73 42 43 128 31 90 38 72 52
is_linear=0
shrinkage=0.01


Tree=182
num_leaves=12
num_cat=0
split_feature=1 3 5 7 1 2 7 7 5 5 9
split_gain=19.4625 16.4556 9.42758 4.72616 4.47596 4.23109 3.67489 1.47867 5.17773 2.6736 0.299686
threshold=0.32250000000000006 59.25950000000001 41.736000000000011 0.13350000000000004 0.33750000000000008 0.19250000000000003 0.0095000000000000015 0.11300000000000002 37.048000000000009 32.039500000000011 0.8005000000000001
decision_type=2 2 2 2 2 2 2 2 2 2 2
left_child=1 5 7 6 -4 -1 -3 -2 9 -9 -11
right_child=2 3 4 -5 -6 -7 -8 8 -10 10 -12
leaf_value=0.00086148297377661165 -0.00076753433090898235 0.002584392736035009 0.0060633707355175707 0.00087745481368267186 -0.0008939531632518817 -0.0054127699497974278 0.0096562011249653711 -0.0049950090304334109 -0.0077563411010461939 0 -0.0013389072887772739
leaf_weight=25 26 14.999999999999998 17 15.999999999999998 14.999999999999998 15.999999999999998 38 23 28 21 21
leaf_count=25 26 15 17 16 15 16 38 23 28 21 21
internal_value=0.000203987 0.00342947 -0.00208326 0.00642158 0.00253085 -0.00138176 0.00788452 -0.00341311 -0.00403773 -0.00223621 -0.000449151
internal_weight=261 110 151 69 32 41 53 119 93 65 42
internal_count=261 110 151 69 32 41 53 119 93 65 42
is_linear=0
shrinkage=0.01


Tree=183
num_leaves=13
num_cat=0
split_feature=4 2 1 4 8 7 6 2 5 5 7 6
split_gain=22.1581 13.1925 8.54316 5.61706 6.25685 3.95072 3.51037 2.37882 2.21597 0.740096 0.498886 1.90245
threshold=0.83350000000000002 0.23750000000000002 0.31750000000000006 0.7410000000000001 0.35750000000000004 0.081500000000000017 1.1840000000000004 0.21250000000000002 40.263000000000005 37.048000000000009 0.22950000000000004 1.5830000000000004
decision_type=2 2 2 2 2 2 2 2 2 2 2 2
left_child=1 3 5 -1 6 -2 -5 8 10 -9 11 -4
right_child=2 -3 7 4 -6 -7 -8 9 -10 -11 -12 -13
leaf_value=0.00020741439226901895 -0.0016531118118401731 -0.003248263395424666 -0.0050728378345419722 8.2107926860000129e-06 0.011419964314631697 0.0042418511428616267 0.0073716214142980118 -0.0030180134969513589 0.00059442216052195515 -0.0074850889798757196 -0.00078347029664167539 -0.00048787282688952076
leaf_weight=15.999999999999998 15.999999999999998 17 32 16.000000000000004 26 27 14.999999999999998 20 18 18 20 20
leaf_count=16 16 17 32 16 26 27 15 20 18 18 20 20
internal_value=0.000201532 0.0042387 -0.00187115 0.00612853 0.00760043 0.0018247 0.00394907 -0.00319281 -0.00209871 -0.00546347 -0.00290938 -0.00352131
internal_weight=261 90 171 73 57 43 31 128 90 38 72 52
internal_count=261 90 171 73 57 43 31 128 90 38 72 52
is_linear=0
shrinkage=0.01


Tree=184
num_leaves=13
num_cat=0
split_feature=4 2 10 10 1 1 5 2 4 9 5 2
split_gain=21.755 12.9556 10.3271 6.74581 10.0543 6.85125 4.99333 1.92692 2.29642 3.09699 1.3255 0.91857
threshold=0.83350000000000002 0.23750000000000002 0.41750000000000004 0.42750000000000005 0.30750000000000005 0.32750000000000007 42.452500000000008 0.21250000000000002 0.87200000000000011 0.79200000000000015 37.048000000000009 0.19750000000000004
decision_type=2 2 2 2 2 2 2 2 2 2 2 2
left_child=1 3 -2 -1 -5 -6 7 8 -4 11 -9 -10
right_child=2 -3 6 4 5 -7 -8 10 9 -11 -12 -13
leaf_value=0.011849157499415536 0.004825061957041423 -0.0032167087112154281 -0.0057047338311265149 -0.00081313672827349782 0.012303613875851487 0.0023926083783845646 0.002268172732944931 -0.0029885694893395029 -0.00064622720904849681 -0.0032206462399515601 -0.0083894346341971422 0.0023696359585631977
leaf_weight=17 19 17 20 22 15.999999999999998 18 14.999999999999998 20 18 48 14.999999999999998 15.999999999999998
leaf_count=17 19 17 20 22 16 18 15 20 18 48 15 16
internal_value=0.000198792 0.00419939 -0.00185458 0.00607262 0.0040527 0.00745719 -0.0027682 -0.00339859 -0.00249761 -0.00156433 -0.00567048 0.000496921
internal_weight=261 90 171 73 56 34 152 137 102 82 35 34
internal_count=261 90 171 73 56 34 152 137 102 82 35 34
is_linear=0
shrinkage=0.01


Tree=185
num_leaves=13
num_cat=0
split_feature=4 2 10 10 1 1 5 2 4 9 5 2
split_gain=21.3378 12.7169 10.1335 6.60354 9.87437 6.70484 4.90548 1.88647 2.24745 3.03526 1.28935 0.901785
threshold=0.83350000000000002 0.23750000000000002 0.41750000000000004 0.42750000000000005 0.30750000000000005 0.32750000000000007 42.452500000000008 0.21250000000000002 0.87200000000000011 0.79200000000000015 37.048000000000009 0.19750000000000004
decision_type=2 2 2 2 2 2 2 2 2 2 2 2
left_child=1 3 -2 -1 -5 -6 7 8 -4 11 -9 -10
right_child=2 -3 6 4 5 -7 -8 10 9 -11 -12 -13
leaf_value=0.011734051470245635 0.0047780486177175473 -0.0031854608130774328 -0.0056490778050771575 -0.00080518610692686509 0.012184306030923671 0.0023693290272274532 0.0022462226016326777 -0.0029594127179645912 -0.00063993955081379091 -0.0031887718030856444 -0.008308246558712375 0.0023466576398773627
leaf_weight=17 19 17 20 22 15.999999999999998 18 14.999999999999998 20 18 48 14.999999999999998 15.999999999999998
leaf_count=17 19 17 20 22 16 18 15 20 18 48 15 16
internal_value=0.00019625 0.00415864 -0.00183696 0.006015 0.0040134 0.00738764 -0.00274236 -0.00336746 -0.00247396 -0.00154878 -0.00561819 0.000489303
internal_weight=261 90 171 73 56 34 152 137 102 82 35 34
internal_count=261 90 171 73 56 34 152 137 102 82 35 34
is_linear=0
shrinkage=0.01


Tree=186
num_leaves=14
num_cat=0
split_feature=4 2 10 10 1 1 5 2 4 4 8 5 7
split_gain=20.9286 12.4827 9.94366 6.46414 9.69775 6.56139 4.81926 1.84683 2.19947 2.37588 2.82402 1.254 0.651743
threshold=0.83350000000000002 0.23750000000000002 0.41750000000000004 0.42750000000000005 0.30750000000000005 0.32750000000000007 42.452500000000008 0.21250000000000002 0.87200000000000011 1.0015000000000003 0.17650000000000002 37.048000000000009 0.18550000000000003
decision_type=2 2 2 2 2 2 2 2 2 2 2 2 2
left_child=1 3 -2 -1 -5 -6 7 8 -4 10 -10 -9 -11
right_child=2 -3 6 4 5 -7 -8 11 9 12 -12 -13 -14
leaf_value=0.01162006359973124 0.0047314931643314849 -0.0031545163749584133 -0.0055939647918794213 -0.00079731300142076283 0.012066155148274971 0.0023462760287362174 0.002224485182331034 -0.0029305403552404262 -0.0037547119923176304 -0.0011602338567195879 0.0013229826108029444 -0.0082278441325310744 -0.0053703837367621333
leaf_weight=17 19 17 20 22 15.999999999999998 18 14.999999999999998 20 14.999999999999998 15.000000000000002 36 14.999999999999998 15.999999999999998
leaf_count=17 19 17 20 22 16 18 15 20 15 15 36 15 16
internal_value=0.000193731 0.00411829 -0.0018195 0.00595795 0.00397448 0.00731877 -0.00271678 -0.00333664 -0.00245054 -0.00153338 0 -0.00556641 -0.00370143
internal_weight=261 90 171 73 56 34 152 137 102 82 51 35 31
internal_count=261 90 171 73 56 34 152 137 102 82 51 35 31
is_linear=0
shrinkage=0.01


Tree=187
num_leaves=13
num_cat=0
split_feature=4 2 10 10 5 5 2 4 4 8 5 7
split_gain=20.5328 12.253 9.75988 6.32754 7.36507 4.73632 1.80556 2.14995 2.33393 2.76939 1.21942 0.632035
threshold=0.83350000000000002 0.23750000000000002 0.41750000000000004 0.42750000000000005 43.938500000000012 42.452500000000008 0.21250000000000002 0.87200000000000011 1.0015000000000003 0.17650000000000002 37.048000000000009 0.18550000000000003
decision_type=2 2 2 2 2 2 2 2 2 2 2 2
left_child=1 3 -2 -1 -5 6 7 -4 9 -9 -8 -10
right_child=2 -3 5 4 -6 -7 10 8 11 -11 -12 -13
leaf_value=0.011507182905716555 0.0046853914780494495 -0.0031238725031060835 -0.0055393896887942062 0.0073916661006919408 0 0.0022029576076555155 -0.0029019497634797564 -0.0037183760202700094 -0.001149005783898305 0.0013099340181032275 -0.0081482198690214468 -0.0053183072986024808
leaf_weight=17 19 17 20 29 27 14.999999999999998 20 14.999999999999998 15.000000000000002 36 14.999999999999998 15.999999999999998
leaf_count=17 19 17 20 29 27 15 20 15 15 36 15 16
internal_value=0.00019071 0.00407833 -0.00180302 0.00590145 0.00393594 -0.00269235 -0.00330712 -0.0024287 -0.0015198 0 -0.00551514 -0.00366862
internal_weight=261 90 171 73 56 152 137 102 82 51 35 31
internal_count=261 90 171 73 56 152 137 102 82 51 35 31
is_linear=0
shrinkage=0.01


Tree=188
num_leaves=15
num_cat=0
split_feature=4 2 2 7 4 5 4 6 3 5 6 3 4 5
split_gain=20.1455 12.0281 5.90432 5.60105 6.89546 2.95611 3.1388 2.23057 2.04321 3.01108 2.6277 0.193848 0.176424 0.638486
threshold=0.83350000000000002 0.23750000000000002 0.20750000000000002 0.048000000000000008 0.7915000000000002 40.263000000000005 0.87700000000000011 1.1115000000000002 57.007500000000007 32.039500000000011 1.4505000000000001 51.613000000000007 0.95650000000000002 37.048000000000009
decision_type=2 2 2 2 2 2 2 2 2 2 2 2 2 2
left_child=1 3 5 7 -5 8 -7 -1 11 -10 -11 -2 13 -4
right_child=2 -3 12 4 -6 6 -8 -9 9 10 -12 -13 -14 -15
leaf_value=0.012606527286191138 -0.0014921227842569348 -0.0030935261260185928 -0.0012834598964605575 -0.00059702707627831502 0.0070687659041479582 -0.00062871173137065144 0.005132215303001981 0.0051583607065858262 -0.0038098752413477216 -0.00080311369735430532 0.0040063350828918251 -0.0049678224517453106 -0.0066202942157785093 -0.0051458201941215632
leaf_weight=15.000000000000002 15.000000000000002 17 19 21 21 15.999999999999998 15.999999999999998 15.999999999999998 17 23 18 14.999999999999998 15.999999999999998 15.999999999999998
leaf_count=15 15 17 19 21 21 16 16 16 17 23 18 15 16 16
internal_value=0.000187768 0.00403889 -0.0017867 0.00584567 0.00303864 -0.000475105 0.0019787 0.00922267 -0.00148653 -0.000195364 0.00109022 -0.00361079 -0.00464405 -0.00337841
internal_weight=261 90 171 73 42 120 32 31 88 58 41 30 51 35
internal_count=261 90 171 73 42 120 32 31 88 58 41 30 51 35
is_linear=0
shrinkage=0.01


Tree=189
num_leaves=13
num_cat=0
split_feature=1 8 7 4 8 4 0 9 10 8 8 10
split_gain=13.8963 7.20845 6.27291 5.6439 11.238 12.9677 5.67857 4.76169 4.69659 1.47753 0.837355 0.330773
threshold=0.32750000000000007 0.27150000000000007 0.22350000000000003 0.82850000000000013 0.28200000000000008 0.77650000000000008 0.70750000000000013 0.47850000000000004 0.47250000000000003 0.19350000000000003 0.21150000000000002 0.46250000000000008
decision_type=2 2 2 2 2 2 2 2 2 2 2 2
left_child=3 9 8 4 -1 -6 7 -5 -3 -2 -11 -12
right_child=1 2 -4 6 5 -7 -8 -9 -10 10 11 -13
leaf_value=0.010870435746704661 -0.0047594610490253033 0.0074758795310150492 -0.0038755832636548629 -0.0046280050095246763 -0.0045572782468956867 0.0065082374246830631 0.0045824002756012809 0.0016072571286281875 0 0 -0.0041402753178150422 -0.00092044463330829467
leaf_weight=20 53 15.999999999999998 14.999999999999998 24 18 23 22 21 17 15.999999999999998 14.999999999999998 18
leaf_count=20 53 16 15 24 18 23 22 21 17 16 15 18
internal_value=8.58784e-05 -0.0019391 0.00109382 0.00253503 0.00473948 0.00141287 0.000359614 -0.00151275 0.00367527 -0.00346229 -0.00182331 -0.00272246
internal_weight=278 150 48 128 61 41 67 45 33 102 49 33
internal_count=278 150 48 128 61 41 67 45 33 102 49 33
is_linear=0
shrinkage=0.01


Tree=190
num_leaves=12
num_cat=0
split_feature=1 6 0 8 7 1 5 0 3 8 8
split_gain=13.6373 11.6642 8.11933 7.07101 6.15394 5.36444 11.9406 3.93306 3.44379 1.43812 0.823267
threshold=0.32750000000000007 1.1045000000000003 0.55750000000000022 0.27150000000000007 0.22350000000000003 0.30750000000000005 39.839500000000008 0.6775000000000001 60.454000000000008 0.19350000000000003 0.21150000000000002
decision_type=2 2 2 2 2 2 2 2 2 2 2
left_child=1 -1 -3 9 7 8 -7 -5 -4 -2 -11
right_child=3 2 5 4 -6 6 -8 -9 -10 10 -12
leaf_value=0.0084690035682804185 -0.0047123112237063523 -0.0054041093802361774 -0.003460542901260097 0 -0.0038380776586071138 -0.00012880441604876052 0.0093193084799817628 0.0069160760108913704 0.002474740902228015 0 -0.0026989782985244225
leaf_weight=26 53 15.999999999999998 20 15.999999999999998 14.999999999999998 25 24 17 17 15.999999999999998 33
leaf_count=26 53 16 20 16 15 25 24 17 17 16 33
internal_value=8.44739e-05 0.00251102 0.000860854 -0.0019212 0.00108114 0.00216654 0.00434421 0.00363957 -0.000470218 -0.00343001 -0.00180741
internal_weight=278 128 102 150 48 86 49 33 37 102 49
internal_count=278 128 102 150 48 86 49 33 37 102 49
is_linear=0
shrinkage=0.01


Tree=191
num_leaves=14
num_cat=0
split_feature=5 3 7 3 6 10 7 7 9 6 7 7 7
split_gain=13.4311 8.30315 7.81686 9.67348 6.8577 3.55657 4.73172 1.80165 5.92526 3.84246 0.875161 1.53797 0.114895
threshold=33.440000000000005 50.740000000000009 0.045500000000000006 54.422000000000004 1.1045000000000003 0.43250000000000005 0.14450000000000002 0.12550000000000003 0.54200000000000015 1.2555000000000003 0.13350000000000004 0.18550000000000003 0.22950000000000004
decision_type=2 2 2 2 2 2 2 2 2 2 2 2 2
left_child=10 -2 4 -4 -3 6 -5 9 -9 -7 -1 -12 -13
right_child=1 2 3 5 -6 7 -8 8 -10 -11 11 12 -14
leaf_value=-0.0063273157382553267 -0.0037356445333867707 0.010381178557872772 0.0075689479114638795 -0.00013414860538700046 0.0020692206313044337 -0.0028357467860788909 0.0065454782737839612 -0.0075447534792350999 0 0.0037777566387684957 0 -0.0052088921833218947 -0.0021017505323817566
leaf_weight=15.999999999999998 26 19 18 25 29 18 14.999999999999998 15.999999999999998 28 15.999999999999998 14.999999999999998 15.999999999999998 21
leaf_count=16 26 19 18 25 29 18 15 16 28 16 15 16 21
internal_value=8.27426e-05 0.00136912 0.00215282 0.000833111 0.00563866 -0.000137602 0.00217368 -0.00145656 -0.00279127 0 -0.00372491 -0.00268106 -0.00376358
internal_weight=278 210 184 136 48 118 40 78 44 34 68 52 37
internal_count=278 210 184 136 48 118 40 78 44 34 68 52 37
is_linear=0
shrinkage=0.01


Tree=192
num_leaves=13
num_cat=0
split_feature=4 8 2 8 0 10 9 7 3 3 6 9
split_gain=12.9876 10.3153 10.0293 8.79304 6.03075 5.27653 3.38825 1.88122 1.97055 1.99615 1.69378 1.64128
threshold=0.80750000000000022 0.26250000000000007 0.20750000000000002 0.30650000000000005 0.70750000000000013 0.44250000000000006 0.49750000000000005 0.095500000000000015 52.061000000000007 61.69700000000001 1.5645000000000002 0.41900000000000004
decision_type=2 2 2 2 2 2 2 2 2 2 2 2
left_child=2 7 3 -1 6 -6 11 -2 -9 10 -10 -3
right_child=1 4 -4 -5 5 -7 -8 8 9 -11 -12 -13
leaf_value=0.012616372976984296 -0.0062145097962603337 0 -0.00051678997165751912 0.0024233114901692312 0.0090351391271237397 0.00051502713217185098 0.0018193429582199808 -0.0051157695261968509 0.0022479913960687997 -0.0029490853710608051 -0.0020006181017467469 -0.0050357445690667989
leaf_weight=17 20 17 26 23 14.999999999999998 19 29 22 20 38 15.999999999999998 15.999999999999998
leaf_count=17 20 17 26 23 15 19 29 22 20 38 16 16
internal_value=8.09056e-05 -0.00108945 0.00397052 0.00710455 0.00125867 0.00464022 -0.000458023 -0.00311561 -0.00233752 -0.00134854 8.42089e-05 -0.00275514
internal_weight=278 212 66 40 96 34 62 116 96 74 36 33
internal_count=278 212 66 40 96 34 62 116 96 74 36 33
is_linear=0
shrinkage=0.01


Tree=193
num_leaves=13
num_cat=0
split_feature=1 6 0 4 6 4 10 1 7 9 9 1
split_gain=13.0536 11.1702 7.83361 5.54499 6.41467 3.82216 4.44336 5.40596 1.87714 0.726971 0.53366 0.0381603
threshold=0.32750000000000007 1.1045000000000003 0.55750000000000022 0.78650000000000009 1.4085000000000003 0.88350000000000006 0.45750000000000007 0.34750000000000003 0.13350000000000004 1.2165000000000001 0.95700000000000007 0.34750000000000003
decision_type=2 2 2 2 2 2 2 2 2 2 2 2
left_child=1 -1 -3 -4 -5 6 -2 -8 -6 10 11 -7
right_child=5 2 3 4 8 9 7 -9 -10 -11 -12 -13
leaf_value=0.0082855753544366587 -0.0036102302234087675 -0.0053140108919504919 -0.0027972295321083175 0.0074684998743674335 -0.0014921182574647845 -0.00336592811881902 0.0064837833408798494 -0.0012354083972111825 0.0025026335545136769 -0.0048851040999094647 -6.2931166911447375e-05 -0.0013272353094451281
leaf_weight=26 17 15.999999999999998 15.999999999999998 25 15.999999999999998 34 17 14.999999999999998 29 25 18 24
leaf_count=26 17 16 16 25 16 34 17 15 29 25 18 24
internal_value=7.95294e-05 0.00245437 0.000837259 0.00212139 0.00339935 -0.00188198 0.000225017 0.00259438 0.000861709 -0.00299878 -0.00221969 -0.00271183
internal_weight=278 128 102 86 70 150 49 32 45 101 76 58
internal_count=278 128 102 86 70 150 49 32 45 101 76 58
is_linear=0
shrinkage=0.01


Tree=194
num_leaves=14
num_cat=0
split_feature=1 6 0 4 6 4 10 1 7 9 4 3 4
split_gain=12.8084 10.9542 7.6808 5.44128 6.28806 3.74953 4.35329 5.30648 1.84224 0.704022 0.962072 0.818399 0.625519
threshold=0.32750000000000007 1.1045000000000003 0.55750000000000022 0.78650000000000009 1.4085000000000003 0.88350000000000006 0.45750000000000007 0.34750000000000003 0.13350000000000004 1.2165000000000001 0.90950000000000009 52.061000000000007 0.95400000000000007
decision_type=2 2 2 2 2 2 2 2 2 2 2 2 2
left_child=1 -1 -3 -4 -5 6 -2 -8 -6 10 -7 -12 -13
right_child=5 2 3 4 8 9 7 -9 -10 -11 11 12 -14
leaf_value=0.0082042828567747798 -0.0035751594177314211 -0.005262481021610174 -0.0027701050576499921 0.0073952791503831454 -0.0014776492254300552 -0.0046477830048763389 0.0064207980888230463 -0.0012234527834000127 0.0024780313061329266 -0.0048372107813609583 -0.0031900510574514804 -0.0015998062493486538 0.00065211087919589948
leaf_weight=26 17 15.999999999999998 15.999999999999998 25 15.999999999999998 15.999999999999998 17 14.999999999999998 29 25 18 22 20
leaf_count=26 17 16 16 25 16 16 17 15 29 25 18 22 20
internal_value=7.65914e-05 0.00242939 0.000826953 0.00209935 0.00336596 -0.00186608 0.000218892 0.00256617 0.000851005 -0.00297222 -0.00220041 -0.00134948 -0.000297115
internal_weight=278 128 102 86 70 150 49 32 45 101 76 60 42
internal_count=278 128 102 86 70 150 49 32 45 101 76 60 42
is_linear=0
shrinkage=0.01


Tree=195
num_leaves=15
num_cat=0
split_feature=5 1 6 6 1 9 5 10 9 1 7 7 9 7
split_gain=12.8445 10.4863 9.41163 6.15093 6.00829 4.9186 3.58795 3.39532 3.31115 3.54662 0.829009 1.53118 0.609256 0.101393
threshold=33.440000000000005 0.32750000000000007 1.1045000000000003 1.2425000000000004 0.30750000000000005 0.41350000000000003 40.624500000000005 0.45750000000000007 0.67000000000000015 0.34750000000000003 0.13350000000000004 0.18550000000000003 0.52650000000000008 0.22950000000000004
decision_type=2 2 2 2 2 2 2 2 2 2 2 2 2 2
left_child=10 2 -2 5 -5 -4 -6 12 9 -9 -1 -12 -3 -13
right_child=1 7 3 4 6 -7 -8 8 -10 -11 11 13 -14 -15
leaf_value=-0.0061981701533394785 0.0090539199235487953 -0.0051459879529747099 0.0017568322946982726 0 0.0023089675557228825 -0.0057302816452518592 0.010439315035098023 0.0049503973379817811 -0.0028958716033360898 -0.00034765416637380072 0 -0.0051218228042125705 -0.0014172170449827993 -0.0020628081106169281
leaf_weight=15.999999999999998 24 15.999999999999998 17 24 15.000000000000002 14.999999999999998 14.999999999999998 21 19 23 14.999999999999998 15.999999999999998 21 21
leaf_count=16 24 16 17 24 15 15 15 21 19 23 15 16 21 21
internal_value=7.39685e-05 0.00133279 0.00347635 0.00176088 0.00386039 -0.00147922 0.0068065 -0.000931192 0.000343215 0.00198345 -0.00364894 -0.00262252 -0.00334344 -0.00370295
internal_weight=278 210 110 86 54 32 30 100 63 44 68 52 37 37
internal_count=278 210 110 86 54 32 30 100 63 44 68 52 37 37
is_linear=0
shrinkage=0.01


Tree=196
num_leaves=14
num_cat=0
split_feature=5 3 3 7 6 0 4 4 9 7 7 2 7
split_gain=12.6077 7.94547 7.20984 9.66154 7.54776 2.02762 3.33945 8.13229 2.23544 1.4867 0.804322 1.5051 0.208197
threshold=33.440000000000005 50.740000000000009 54.422000000000004 0.045500000000000006 1.1045000000000003 0.57250000000000012 0.8650000000000001 0.80500000000000016 0.58750000000000002 0.076500000000000012 0.13350000000000004 0.20250000000000004 0.21950000000000003
decision_type=2 2 2 2 2 2 2 2 2 2 2 2 2
left_child=10 -2 -3 4 -4 9 7 -7 -8 -5 -1 12 -12
right_child=1 2 3 5 -6 6 8 -9 -10 -11 11 -13 -14
leaf_value=-0.0061380667065862905 -0.0036723365367583513 0.007632254724672367 0.010005523218558385 0 0.0012095000369931168 -0.0023277873714124004 -0.004050338958164282 0.0066803332917550777 0.00038610356877434929 -0.0036728268608133847 -0.0018118493191220544 0 -0.0053467524638681693
leaf_weight=15.999999999999998 26 21 19 14.999999999999998 26 14.999999999999998 15.999999999999998 23 26 23 15.999999999999998 20 15.999999999999998
leaf_count=16 26 21 19 15 26 15 16 23 26 23 16 20 16
internal_value=7.19278e-05 0.00131943 0.00208703 0.00129029 0.0052123 -0.000136678 0.000674637 0.0028807 -0.00109644 -0.00209103 -0.00361617 -0.00259866 -0.00394206
internal_weight=278 210 184 163 45 118 80 38 42 38 68 52 32
internal_count=278 210 184 163 45 118 80 38 42 38 68 52 32
is_linear=0
shrinkage=0.01


Tree=197
num_leaves=15
num_cat=0
split_feature=5 1 8 8 8 8 9 8 4 9 1 7 7 7
split_gain=12.3854 10.191 10.6706 8.79316 5.49191 5.36888 3.96416 3.30637 5.49147 0.933191 1.20774 0.77827 1.49035 0.0935196
threshold=33.440000000000005 0.32750000000000007 0.28200000000000008 0.32650000000000007 0.46850000000000008 0.24450000000000002 0.43450000000000005 0.27150000000000007 0.88350000000000006 0.95700000000000007 0.34750000000000003 0.13350000000000004 0.18550000000000003 0.22950000000000004
decision_type=2 2 2 2 2 2 2 2 2 2 2 2 2 2
left_child=11 2 5 -4 6 -2 -5 9 -9 10 -3 -1 -13 -14
right_child=1 7 3 4 -6 -7 -8 8 -10 -11 -12 12 13 -15
leaf_value=-0.0060785461612271538 0.0032011849719744464 -0.0044268063758894551 -0.0052030080043230995 0.0014819827041727433 -0.0017019317419298234 0.011899443578881187 0.0083484015976771336 0.0042953938230568048 -0.0030019366831490492 0 -0.00023017582568255336 0 -0.0050406886738809673 -0.0020202779674599338
leaf_weight=15.999999999999998 19 29 15.999999999999998 23 14.999999999999998 18 19 24 15.999999999999998 14.999999999999998 15.999999999999998 14.999999999999998 15.999999999999998 21
leaf_count=16 19 29 16 23 15 18 19 24 16 15 16 15 16 21
internal_value=7.00215e-05 0.0013068 0.0034204 0.00102573 0.0029781 0.00780168 0.00488519 -0.000924103 0.00112852 -0.00245583 -0.00317338 -0.00358511 -0.00257684 -0.00364286
internal_weight=278 210 110 73 57 37 42 100 40 60 45 68 52 37
internal_count=278 210 110 73 57 37 42 100 40 60 45 68 52 37
is_linear=0
shrinkage=0.01


Tree=198
num_leaves=11
num_cat=0
split_feature=5 2 5 10 6 1 1 4 6 6
split_gain=14.6004 8.89217 8.38791 4.35494 3.39112 3.08076 7.72992 4.76379 0.319409 1.13302
threshold=33.64950000000001 0.16250000000000003 47.974000000000011 0.41750000000000004 1.7575000000000001 0.31250000000000006 0.32250000000000006 0.84150000000000003 1.5830000000000004 1.3655000000000002
decision_type=2 2 2 2 2 2 2 2 2 2
left_child=8 -2 3 -3 5 7 -7 -5 9 -1
right_child=1 2 -4 4 -6 6 -8 -9 -10 -11
leaf_value=-0.0027744117827486182 0.0084709747993584848 0.0051568605822901572 0.0075459224437222343 -0.0051345143923345882 -0.0046875263101449514 0.0062018348077933 -0.00026624111036734028 0.0016035113555769767 -0.0020396282650389759 -0.0072708781678794011
leaf_weight=29 15.999999999999998 14.999999999999998 15.999999999999998 24 15.999999999999998 22 90 14.999999999999998 26 15.999999999999998
leaf_count=29 16 15 16 24 16 22 90 15 26 16
internal_value=1.92871e-05 0.00135837 0.000713351 3.88627e-05 -0.000375158 2.97379e-05 0.000937302 -0.00230231 -0.00385825 -0.00465527
internal_weight=285 214 198 182 167 151 112 39 71 45
internal_count=285 214 198 182 167 151 112 39 71 45
is_linear=0
shrinkage=0.01


Tree=199
num_leaves=10
num_cat=0
split_feature=5 2 5 10 6 9 5 6 6
split_gain=14.335 8.71782 8.22582 4.27106 3.32568 4.21706 6.15446 0.307412 1.10262
threshold=33.64950000000001 0.16250000000000003 47.974000000000011 0.41750000000000004 1.7575000000000001 0.39700000000000008 39.426000000000009 1.5830000000000004 1.3655000000000002
decision_type=2 2 2 2 2 2 2 2 2
left_child=7 -2 3 -3 5 -5 -7 8 -1
right_child=1 2 -4 4 -6 6 -8 -9 -10
leaf_value=-0.0027471379519014034 0.00838883183219216 0.0051069554878819378 0.0074727499033465528 -0.0035249281281007909 -0.0046420715410601015 -0.00096707454980253342 0.0034298841730443707 -0.0020196167611569731 -0.0072003725566195725
leaf_weight=29 15.999999999999998 14.999999999999998 15.999999999999998 26 15.999999999999998 71 54 26 15.999999999999998
leaf_count=29 16 15 16 26 16 71 54 26 16
internal_value=1.85129e-05 0.0013457 0.00070648 3.80049e-05 -0.000371474 2.88598e-05 0.000858828 -0.00382331 -0.00461202
internal_weight=285 214 198 182 167 151 125 71 45
internal_count=285 214 198 182 167 151 125 71 45
is_linear=0
shrinkage=0.01


Tree=200
num_leaves=11
num_cat=0
split_feature=5 2 5 3 9 5 3 5 1 5
split_gain=14.0716 8.54835 8.06843 4.14353 3.76103 5.61008 6.64585 3.69178 3.31277 0.212899
threshold=33.64950000000001 0.16250000000000003 47.974000000000011 50.526500000000006 0.39700000000000008 39.426000000000009 59.850500000000004 41.702500000000008 0.31750000000000006 29.686500000000002
decision_type=2 2 2 2 2 2 2 2 2 2
left_child=9 -2 3 -3 7 8 -7 -5 -6 -1
right_child=1 2 -4 4 5 6 -8 -9 -10 -11
leaf_value=-0.0054501282995523407 0.0083074855623823211 -0.0041389469257215169 0.0074002868388638359 0.00063260177450795321 0.0032142091962771542 0.0077767596728339486 0.00036102806477517383 -0.00571704974906011 -0.0015073691814755782 -0.0028458410355788055
leaf_weight=21 15.999999999999998 20 15.999999999999998 15.000000000000002 19 24 30 15.999999999999998 58 50
leaf_count=21 16 20 16 15 19 24 30 16 58 50
internal_value=1.73347e-05 0.0013326 0.000699085 3.65126e-05 0.000624689 0.00141474 0.0038815 -0.0023659 -0.000200052 -0.00378871
internal_weight=285 214 198 182 162 131 54 31 77 71
internal_count=285 214 198 182 162 131 54 31 77 71
is_linear=0
shrinkage=0.01


Tree=201
num_leaves=10
num_cat=0
split_feature=5 2 5 10 3 9 5 5 3
split_gain=13.8096 8.37958 7.91135 4.18703 3.2261 4.24355 7.43931 0.201789 0.584918
threshold=33.64950000000001 0.16250000000000003 47.974000000000011 0.41750000000000004 50.526500000000006 0.39700000000000008 39.426000000000009 29.686500000000002 65.575500000000019
decision_type=2 2 2 2 2 2 2 2 2
left_child=7 -2 3 -3 -5 -6 -7 -1 -9
right_child=1 2 -4 4 5 6 -8 8 -10
leaf_value=-0.0053968944833722226 0.0082269282774491744 0.005055614015267741 0.0073285265763600674 -0.0040985669595439266 -0.0034654013812541961 -0.0010661563533523404 0.0038690443308029361 -0.0036852299105097999 -0.00050496280406202591
leaf_weight=21 15.999999999999998 14.999999999999998 15.999999999999998 20 26 70 51 33 17
leaf_count=21 16 15 16 20 26 70 51 33 17
internal_value=1.73021e-05 0.00132058 0.0006928 3.61645e-05 -0.000368728 8.31093e-05 0.000939027 -0.0037528 -0.00281766
internal_weight=285 214 198 182 167 147 121 71 50
internal_count=285 214 198 182 167 147 121 71 50
is_linear=0
shrinkage=0.01


Tree=202
num_leaves=12
num_cat=0
split_feature=5 5 8 8 8 2 7 5 8 6 6
split_gain=13.5554 8.22145 5.52639 5.0636 8.22335 6.59924 5.68939 11.7347 2.05296 0.32484 1.07233
threshold=33.64950000000001 47.974000000000011 0.23650000000000002 0.30550000000000005 0.32650000000000007 0.20750000000000002 0.038500000000000006 37.721500000000006 0.18550000000000003 1.5830000000000004 1.3655000000000002
decision_type=2 2 2 2 2 2 2 2 2 2 2
left_child=9 2 8 5 -5 -4 -6 -8 -2 10 -1
right_child=1 -3 3 4 6 -7 7 -9 -10 -11 -12
leaf_value=-0.0026629361243508125 0 0.0077331159163165743 0.0083451141814390815 -0.0056370978866304667 -0.0028437953341651605 0 -0.0022935191438870229 0.006152628628757372 -0.0038165353526148885 -0.0019210653003516062 -0.0070560679675051663
leaf_weight=29 27 18 22 17 18 14.999999999999998 23 46 28 26 15.999999999999998
leaf_count=29 27 18 22 17 18 15 23 46 28 26 16
internal_value=1.61879e-05 0.00130775 0.000648595 0.00173403 0.000487465 0.00491799 0.00182388 0.00319712 -0.00194443 -0.00371874 -0.00450509
internal_weight=285 214 196 141 104 37 87 69 55 71 45
internal_count=285 214 196 141 104 37 87 69 55 71 45
is_linear=0
shrinkage=0.01


Tree=203
num_leaves=11
num_cat=0
split_feature=5 5 10 3 9 5 0 8 5 3
split_gain=13.3 8.06442 7.09861 3.65414 2.67137 4.53524 3.46706 2.49111 0.197123 0.570231
threshold=33.64950000000001 47.974000000000011 0.41750000000000004 50.526500000000006 0.36950000000000005 37.721500000000006 0.70750000000000013 0.31350000000000006 29.686500000000002 65.575500000000019
decision_type=2 2 2 2 2 2 2 2 2 2
left_child=8 2 -2 -4 -5 7 -7 -6 -1 -10
right_child=1 -3 3 4 5 6 -8 -9 9 -11
leaf_value=-0.0053110594926185388 0.0055668619348137986 0.0076578747903978507 -0.0040490274131298066 -0.0029923435642912584 0.00027823659044409559 0.0010526935944742547 0.0060505139931689867 -0.0039674903479654617 -0.0036133466395653728 -0.00047167859971523288
leaf_weight=21 25 18 20 18 31 61 21 20 33 17
leaf_count=21 25 18 20 18 31 61 21 20 33 17
internal_value=1.41176e-05 0.0012938 0.000640454 -3.56024e-05 0.000441579 0.000990694 0.00248275 -0.00121493 -0.00368516 -0.00275845
internal_weight=285 214 196 171 151 133 82 51 71 50
internal_count=285 214 196 171 151 133 82 51 71 50
is_linear=0
shrinkage=0.01


Tree=204
num_leaves=11
num_cat=0
split_feature=5 2 5 10 6 4 4 2 6 6
split_gain=13.0572 8.08721 7.46285 3.99348 3.13041 2.74747 3.26651 1.10113 0.331786 1.03576
threshold=33.64950000000001 0.16250000000000003 47.974000000000011 0.41750000000000004 1.7575000000000001 0.79550000000000021 0.8155 0.19750000000000004 1.5830000000000004 1.3655000000000002
decision_type=2 2 2 2 2 2 2 2 2 2
left_child=8 -2 3 -3 5 7 -7 -5 9 -1
right_child=1 2 -4 4 -6 6 -8 -9 -10 -11
leaf_value=-0.0026142480705028115 0.0080659844116731123 0.0049291517357191736 0.0071082162044265049 -8.2876262920243395e-05 -0.0045116764024803139 0.0050774580817068782 4.6002391734690758e-05 -0.0044837668057410946 -0.0018609995681370768 -0.0069493665072050959
leaf_weight=29 15.999999999999998 14.999999999999998 15.999999999999998 17 15.999999999999998 14.999999999999998 104 14.999999999999998 26 15.999999999999998
leaf_count=29 16 15 16 17 16 15 104 15 26 16
internal_value=1.32794e-05 0.00128155 0.000663999 2.47579e-05 -0.000369454 1.68919e-05 0.000782492 -0.00249073 -0.00365177 -0.00443483
internal_weight=285 214 198 182 167 151 119 32 71 45
internal_count=285 214 198 182 167 151 119 32 71 45
is_linear=0
shrinkage=0.01


Tree=205
num_leaves=14
num_cat=0
split_feature=8 4 10 9 10 6 8 6 8 8 4 6 7
split_gain=11.3135 5.76005 4.53228 11.2599 3.67821 2.48425 2.21946 3.92641 1.31891 2.31414 1.30604 0.430963 0.24438
threshold=0.23650000000000002 0.82850000000000013 0.43250000000000005 0.43600000000000005 0.41750000000000004 1.7575000000000001 0.30550000000000005 1.5490000000000002 0.18550000000000003 0.16750000000000004 0.87700000000000011 1.5260000000000002 0.18550000000000003
decision_type=2 2 2 2 2 2 2 2 2 2 2 2 2
left_child=8 2 -2 -4 -3 6 -6 10 9 12 -8 -10 -1
right_child=1 4 3 -5 5 -7 7 -9 11 -11 -12 -13 -14
leaf_value=-0.0010009753672139987 0.0077818213237656484 0.004530244880553448 -0.0017633880387272751 0.0084503241605830923 0.0024972246868430444 -0.0042416456582084778 -0.0052422558854926717 0.0027977512224066641 -0.0045469596852426939 0.00091409703150537676 -0.0005352161257099864 -0.0014968922064162609 -0.0040611537184034076
leaf_weight=17 22 15.999999999999998 28 15.999999999999998 26 14.999999999999998 15.999999999999998 14.999999999999998 34 25 18 20 17
leaf_count=17 22 16 28 16 26 15 16 15 34 25 18 20 17
internal_value=1.25289e-05 0.00166035 0.00397391 0.00177919 0.000114051 -0.000581245 4.16275e-05 -0.00107139 -0.00240383 -0.00109711 -0.00308402 -0.00362489 -0.0028576
internal_weight=285 172 66 44 106 90 75 49 113 59 34 54 34
internal_count=285 172 66 44 106 90 75 49 113 59 34 54 34
is_linear=0
shrinkage=0.01


Tree=206
num_leaves=11
num_cat=0
split_feature=5 2 5 10 6 1 1 6 6 3
split_gain=12.6952 7.82935 7.27174 3.8444 3.03149 2.99526 7.3322 3.58207 0.321902 1.40533
threshold=33.64950000000001 0.16250000000000003 47.974000000000011 0.41750000000000004 1.7575000000000001 0.31250000000000006 0.32250000000000006 1.3885000000000003 1.5830000000000004 65.575500000000019
decision_type=2 2 2 2 2 2 2 2 2 2
left_child=8 -2 3 -3 5 7 -7 -5 9 -1
right_child=1 2 -4 4 -6 6 -8 -9 -10 -11
leaf_value=-0.006520915880885928 0.0079388984405633183 0.004835354893678619 0.0070150378165823035 -0.0049729594637950266 -0.0044397787930387442 0.0060397081275780995 -0.00025757097111737037 0.00066750757609094894 -0.0018274613233274376 -0.0019965551793575285
leaf_weight=21 15.999999999999998 14.999999999999998 15.999999999999998 22 15.999999999999998 22 90 17 26 24
leaf_count=21 16 15 16 22 16 22 90 17 26 24
internal_value=1.14243e-05 0.00126249 0.000653969 2.22724e-05 -0.000363482 1.56637e-05 0.000911851 -0.0022838 -0.003602 -0.00437616
internal_weight=285 214 198 182 167 151 112 39 71 45
internal_count=285 214 198 182 167 151 112 39 71 45
is_linear=0
shrinkage=0.01


Tree=207
num_leaves=13
num_cat=0
split_feature=5 10 1 1 3 7 4 4 1 4 0 5
split_gain=20.8903 7.71594 10.4753 6.99863 10.033 4.68662 2.84412 1.47547 3.41173 3.18172 2.11118 0.228585
threshold=39.426000000000009 0.42250000000000004 0.30750000000000005 0.35250000000000004 65.575500000000019 0.037000000000000005 0.8175 0.90950000000000009 0.31750000000000006 0.9840000000000001 0.6625000000000002 37.135500000000008
decision_type=2 2 2 2 2 2 2 2 2 2 2 2
left_child=5 -2 -3 4 6 -1 -4 8 -7 10 -9 -10
right_child=1 2 3 -5 -6 7 -8 9 11 -11 -12 -13
leaf_value=0.0022530773474324136 0.0082767676640715868 -0.0048292323775016343 0.011674907495898586 -0.002270491696713913 -0.0009546541486467635 -0.0001331405053215642 0.0047417391763598313 -0.0023400875138786604 -0.0038716709117094677 -0.0040428663551631081 0.0017112334326226661 -0.0083055862965616019
leaf_weight=14.999999999999998 22 19 14.999999999999998 14.999999999999998 17 14.999999999999998 25 26 15.999999999999998 51 23 18
leaf_count=15 22 19 15 15 17 15 25 26 16 51 23 18
internal_value=-0.000333871 0.00292541 0.00148422 0.00331002 0.00495946 -0.00264245 0.00770063 -0.00320806 -0.0048404 -0.00228862 -0.00023835 -0.00659524
internal_weight=277 113 91 72 57 164 40 149 49 100 49 34
internal_count=277 113 91 72 57 164 40 149 49 100 49 34
is_linear=0
shrinkage=0.01


Tree=208
num_leaves=13
num_cat=0
split_feature=5 10 1 1 3 7 4 6 4 4 5 6
split_gain=20.4866 7.5655 10.2716 6.86969 9.85362 4.60399 2.77547 1.51106 2.65521 0.769462 2.26476 0.586349
threshold=39.426000000000009 0.42250000000000004 0.30750000000000005 0.35250000000000004 65.575500000000019 0.037000000000000005 0.8175 1.5645000000000002 0.97300000000000009 0.90250000000000019 35.741500000000009 1.2655000000000001
decision_type=2 2 2 2 2 2 2 2 2 2 2 2
left_child=5 -2 -3 4 6 -1 -4 9 -9 11 -11 -7
right_child=1 2 3 -5 -6 7 -8 8 -10 10 -12 -13
leaf_value=0.0022312733627134753 0.0081958395973261849 -0.0047821784038574264 0.011561924603677566 -0.0022485193372854301 -0.00094538044929504399 -0.0030377074006276254 0.0046952515679831597 0.00065235740372112814 -0.0036596058801097692 -0.0040658999452095352 0 -0.0073821909041018102
leaf_weight=14.999999999999998 22 19 14.999999999999998 14.999999999999998 17 19 25 24 26 44 18 18
leaf_count=15 22 19 15 15 17 19 25 24 26 44 18 18
internal_value=-0.000331219 0.002896 0.00146765 0.00327645 0.00491121 -0.00261769 0.00762812 -0.00317856 -0.00140588 -0.00396178 -0.00285427 -0.00548816
internal_weight=277 113 91 72 57 164 40 149 50 99 62 37
internal_count=277 113 91 72 57 164 40 149 50 99 62 37
is_linear=0
shrinkage=0.01


Tree=209
num_leaves=14
num_cat=0
split_feature=5 10 1 1 3 3 4 6 4 6 0 0 4
split_gain=20.0853 7.418 10.0718 6.74318 9.67757 2.8831 2.70827 1.25823 2.6061 0.566311 2.15141 1.09403 0.239258
threshold=39.426000000000009 0.42250000000000004 0.30750000000000005 0.35250000000000004 65.575500000000019 73.395500000000013 0.8175 1.5645000000000002 0.97300000000000009 1.3155000000000003 0.58250000000000013 0.54750000000000021 0.90450000000000019
decision_type=2 2 2 2 2 2 2 2 2 2 2 2 2
left_child=5 -2 -3 4 6 7 -4 9 -9 10 11 -1 -11
right_child=1 2 3 -5 -6 -7 -8 8 -10 12 -12 -13 -14
leaf_value=-0.0015761900747694622 0.0081157023514517486 -0.0047355827822899207 0.011450034860641724 -0.0022267594353686418 -0.00093619668483734127 0.00096815364040208588 0.0046492198065799829 0.0006459669495115475 -0.0036237002666688191 -0.0068046005027634759 0 -0.0062322663876318166 -0.0033801151983073501
leaf_weight=20 22 19 14.999999999999998 14.999999999999998 17 15.999999999999998 25 24 26 17 15.999999999999998 14.999999999999998 30
leaf_count=20 22 19 15 15 17 16 25 24 26 17 16 15 30
internal_value=-0.000328153 0.00286689 0.00145124 0.00324321 0.00486343 -0.00259243 0.00755631 -0.00304666 -0.00139014 -0.00377896 -0.0025253 -0.00391301 -0.00488787
internal_weight=277 113 91 72 57 164 40 148 50 98 51 35 47
internal_count=277 113 91 72 57 164 40 148 50 98 51 35 47
is_linear=0
shrinkage=0.01


Tree=210
num_leaves=14
num_cat=0
split_feature=5 10 1 1 3 7 4 6 4 4 5 6 5
split_gain=19.6946 7.27338 9.87586 6.61905 9.50478 4.49494 2.64248 1.46125 2.55792 0.744121 2.22396 0.540616 0.00492326
threshold=39.426000000000009 0.42250000000000004 0.30750000000000005 0.35250000000000004 65.575500000000019 0.037000000000000005 0.8175 1.5645000000000002 0.97300000000000009 0.90250000000000019 35.741500000000009 1.2655000000000001 30.830500000000004
decision_type=2 2 2 2 2 2 2 2 2 2 2 2 2
left_child=5 -2 -3 4 6 -1 -4 9 -9 11 12 -7 -11
right_child=1 2 3 -5 -6 7 -8 8 -10 10 -12 -13 -14
leaf_value=0.0022207905784729989 0.0080363487268073699 -0.004689441309907498 0.011339228047478585 -0.002205210267415931 -0.00092710220813751218 -0.0029903852901397611 0.0046036390594991986 0.00063963912883583383 -0.0035881469412794654 -0.0054594269448093001 0 -0.0072515136647868803 -0.0026352675225247038
leaf_weight=14.999999999999998 22 19 14.999999999999998 14.999999999999998 17 19 25 24 26 17 18 18 27
leaf_count=15 22 19 15 15 17 19 25 24 26 17 18 18 27
internal_value=-0.00032534 0.00283806 0.00143499 0.00321029 0.00481611 -0.00256779 0.00748521 -0.00312257 -0.00137455 -0.00389356 -0.00279909 -0.00539908 -0.00400022
internal_weight=277 113 91 72 57 164 40 149 50 99 62 37 44
internal_count=277 113 91 72 57 164 40 149 50 99 62 37 44
is_linear=0
shrinkage=0.01


Tree=211
num_leaves=13
num_cat=0
split_feature=5 10 1 1 3 1 4 4 4 0 5 0
split_gain=19.3139 7.13159 9.68375 6.49726 9.3352 2.84695 2.57808 2.27653 2.55115 1.9945 0.445935 0.0697646
threshold=39.426000000000009 0.42250000000000004 0.30750000000000005 0.35250000000000004 65.575500000000019 0.30750000000000005 0.8175 0.90950000000000009 0.9840000000000001 0.6625000000000002 37.135500000000008 0.73750000000000016
decision_type=2 2 2 2 2 2 2 2 2 2 2 2
left_child=5 -2 -3 4 6 -1 -4 10 9 -9 -7 -10
right_child=1 2 3 -5 -6 7 -8 8 11 -11 -12 -13
leaf_value=0.00034173499951337246 0.007957771099689934 -0.0046437492823371519 0.011229493666079738 -0.0021838694378252953 -0.00091809613364083427 -0.0031715244142448201 0.0045585052829747105 -0.0022428093267218121 -0.002244664476305809 0.0017005860773806878 -0.0068774233613072382 -0.0049142991214297538
leaf_weight=23 22 19 14.999999999999998 14.999999999999998 17 25 25 26 26 23 20 21
leaf_count=23 22 19 15 15 17 25 25 26 26 23 20 21
internal_value=-0.000322749 0.00280951 0.0014189 0.00317769 0.00476926 -0.00254372 0.00741479 -0.00308461 -0.0020167 -0.000191327 -0.00509585 -0.00368718
internal_weight=277 113 91 72 57 164 40 141 96 49 45 47
internal_count=277 113 91 72 57 164 40 141 96 49 45 47
is_linear=0
shrinkage=0.01


Tree=212
num_leaves=14
num_cat=0
split_feature=5 10 1 1 3 3 4 6 4 6 3 3 4
split_gain=18.9415 6.99257 9.49536 6.37776 9.16877 2.80114 2.51504 1.20802 2.46943 0.544106 1.58714 0.765983 0.19774
threshold=39.426000000000009 0.42250000000000004 0.30750000000000005 0.35250000000000004 65.575500000000019 73.395500000000013 0.8175 1.5645000000000002 0.97300000000000009 1.3155000000000003 64.34350000000002 67.606500000000011 0.90450000000000019
decision_type=2 2 2 2 2 2 2 2 2 2 2 2 2
left_child=5 -2 -3 4 6 7 -4 9 -9 10 -1 -12 -11
right_child=1 2 3 -5 -6 -7 -8 8 -10 12 11 -13 -14
leaf_value=0 0.0078799618457754458 -0.004598502382062949 0.011120821093359301 -0.0021627352074269327 -0.00090917742252349856 0.00098758979164289716 0.0045138142783852191 0.00063293789418376227 -0.0035177156251837622 -0.0066357555900301256 -0.0056663370324719345 -0.0015171645254623601 -0.0033030523048316845
leaf_weight=15.999999999999998 22 19 14.999999999999998 14.999999999999998 17 15.999999999999998 25 24 26 17 14.999999999999998 20 30
leaf_count=16 22 19 15 15 17 16 25 24 26 17 15 20 30
internal_value=-0.000320268 0.00278124 0.00140296 0.00314541 0.00472286 -0.00252003 0.00734506 -0.00296862 -0.00134084 -0.00368657 -0.00245162 -0.00363183 -0.00477619
internal_weight=277 113 91 72 57 164 40 148 50 98 51 35 47
internal_count=277 113 91 72 57 164 40 148 50 98 51 35 47
is_linear=0
shrinkage=0.01


Tree=213
num_leaves=14
num_cat=0
split_feature=5 2 1 3 8 7 3 6 4 4 5 6 5
split_gain=18.5757 5.76832 5.89172 8.71786 5.09448 4.37896 3.8577 1.40705 2.42382 0.707258 2.17766 0.497691 0.0120907
threshold=39.426000000000009 0.23750000000000002 0.30750000000000005 65.575500000000019 0.36400000000000005 0.037000000000000005 59.553500000000007 1.5645000000000002 0.97300000000000009 0.90250000000000019 35.741500000000009 1.2655000000000001 30.830500000000004
decision_type=2 2 2 2 2 2 2 2 2 2 2 2 2
left_child=5 2 6 4 -4 -1 -2 9 -9 11 12 -7 -11
right_child=1 -3 3 -5 -6 7 -8 8 -10 10 -12 -13 -14
leaf_value=0.0022289754882935556 -0.0034739943004904244 -0.0023872426332849444 0.0043954921936837296 0 0.012178011607076671 -0.0029148344084238393 0.0034702728237166547 0.00062673766698156084 -0.0034832021087970373 -0.0053623180783220706 0 -0.0070842807196282052 -0.002559674949131229
leaf_weight=14.999999999999998 15.000000000000002 15.999999999999998 29 19 18 19 15.999999999999998 24 26 17 18 18 27
leaf_count=15 15 16 29 19 18 19 16 24 26 17 18 18 27
internal_value=-0.000317747 0.00275324 0.00371161 0.00539052 0.00768337 -0.00249646 0 -0.00304493 -0.00132574 -0.00380168 -0.00272589 -0.00527729 -0.00391532
internal_weight=277 113 97 66 47 164 31 149 50 99 62 37 44
internal_count=277 113 97 66 47 164 31 149 50 99 62 37 44
is_linear=0
shrinkage=0.01


Tree=214
num_leaves=14
num_cat=0
split_feature=2 9 8 7 0 1 3 1 9 1 3 6 1
split_gain=9.46468 8.00694 4.91035 7.66797 7.21023 9.52945 3.90593 1.84447 1.66319 1.18326 0.95565 1.73139 0.744195
threshold=0.17250000000000001 0.40550000000000008 0.23650000000000002 0.20300000000000004 0.57250000000000012 0.30750000000000005 70.381500000000003 0.32750000000000007 0.62050000000000016 0.34250000000000008 65.041000000000011 1.3750000000000002 0.34750000000000003
decision_type=2 2 2 2 2 2 2 2 2 2 2 2 2
left_child=1 -1 7 4 6 -6 -4 -2 -5 -7 11 -9 -13
right_child=2 -3 3 8 5 9 -8 10 -10 -11 -12 12 -14
leaf_value=0.0095814386704428638 0 0 -0.0051268529253346582 -0.0054055760255674037 -0.0019741888216563632 0.0080377350205724889 0.0014384704924398854 8.1407992589858263e-05 -0.00084626580987657825 0.0030786714867821765 -0.0053029041781144986 -0.0012882250967494984 -0.0048029805686738763
leaf_weight=15.999999999999998 22 17 17 20 17 27 14.999999999999998 14.999999999999998 24 17 25 23 22
leaf_count=16 22 17 17 20 17 27 15 15 24 17 25 23 22
internal_value=-0.000315103 0.00461688 -0.00103111 0.000155598 0.00184965 0.00390839 -0.00176688 -0.00263722 -0.00318085 0.00640257 -0.00330178 -0.00226576 -0.00326023
internal_weight=277 33 244 137 93 61 32 107 44 44 85 60 45
internal_count=277 33 244 137 93 61 32 107 44 44 85 60 45
is_linear=0
shrinkage=0.01


Tree=215
num_leaves=13
num_cat=0
split_feature=5 10 1 1 3 7 5 4 2 4 0 5
split_gain=17.9953 6.83756 9.14032 6.19871 9.49591 4.26822 3.24235 1.3826 3.56467 2.92109 1.89907 0.850162
threshold=39.426000000000009 0.42250000000000004 0.30750000000000005 0.34750000000000003 65.575500000000019 0.037000000000000005 43.567500000000003 0.90950000000000009 0.19250000000000003 0.9840000000000001 0.6625000000000002 37.135500000000008
decision_type=2 2 2 2 2 2 2 2 2 2 2 2
left_child=5 -2 -3 4 6 -1 -4 8 -7 10 -9 -10
right_child=1 2 3 -5 -6 7 -8 9 11 -11 -12 -13
leaf_value=0.0022038846390862619 0.0077494007613923815 -0.004539974681459941 0.0040922332537728688 -0.0015901960749682541 -0.00087331269468579966 -2.9567857131813513e-05 0.011418783131873968 -0.0021512979142508416 -0.0035356649245534629 -0.0037854167797322412 0.0017040907322092259 -0.0087354476162881563
leaf_weight=14.999999999999998 22 19 21 18 17 15.999999999999998 15.999999999999998 26 17 51 23 15.999999999999998
leaf_count=15 22 19 21 18 17 16 16 26 17 51 23 16
internal_value=-0.000312525 0.00270946 0.00134603 0.00305781 0.00479101 -0.00245744 0.00763714 -0.00299939 -0.00457569 -0.00210858 -0.000140672 -0.00644803
internal_weight=277 113 91 72 54 164 37 149 49 100 49 33
internal_count=277 113 91 72 54 164 37 149 49 100 49 33
is_linear=0
shrinkage=0.01


Tree=216
num_leaves=14
num_cat=0
split_feature=7 10 5 9 6 4 9 7 5 5 5 9 5
split_gain=18.0194 11.3349 5.81775 9.61595 3.91845 3.87724 3.98802 2.77488 2.6445 1.75155 0.99326 0.782405 1.08263
threshold=0.12550000000000003 0.42750000000000005 34.879500000000007 0.36950000000000005 1.2945000000000002 0.83150000000000002 0.43250000000000005 0.081500000000000017 41.736000000000011 38.822500000000005 30.199500000000004 1.0285000000000002 34.45900000000001
decision_type=2 2 2 2 2 2 2 2 2 2 2 2 2
left_child=1 4 -3 -4 -1 6 -5 -7 9 10 -2 12 -12
right_child=8 2 3 5 -6 7 -8 -9 -10 -11 11 -13 -14
leaf_value=0.011513122152004921 -0.0044893412182970749 -0.0041996559162031525 -0.0035750769042387242 0.0017919746089366177 0.003277143602061904 -0.0011232627501927448 0.0098409113690659817 0.0044103982155361482 0.00021380714564160866 -0.0062340264703546261 -0.00013633780254452838 0 -0.0034329222020555716
leaf_weight=17 20 15.999999999999998 20 14.999999999999998 15.999999999999998 17 18 14.999999999999998 27 17 25 22 30
leaf_count=17 20 16 20 15 16 17 18 15 27 17 25 22 30
internal_value=0.000182686 0.00283647 0.00104387 0.00216664 0.00792694 0.00409979 0.00656216 0.00119089 -0.00226979 -0.00294371 -0.00223549 -0.00149585 -0.00212938
internal_weight=275 134 101 85 33 65 33 32 141 114 97 77 55
internal_count=275 134 101 85 33 65 33 32 141 114 97 77 55
is_linear=0
shrinkage=0.01


Tree=217
num_leaves=14
num_cat=0
split_feature=7 10 5 7 7 6 6 8 5 5 5 5 5
split_gain=17.6842 11.1235 5.70748 8.14969 10.5135 6.59632 3.82735 3.5451 0.490956 0.957584 0.364856 0.448117 0.0247393
threshold=0.12550000000000003 0.42750000000000005 34.879500000000007 0.0095000000000000015 0.045500000000000006 1.2555000000000003 1.2945000000000002 0.40950000000000003 38.822500000000005 30.199500000000004 32.118000000000009 36.331500000000005 41.924500000000009
decision_type=2 2 2 2 2 2 2 2 2 2 2 2 2
left_child=1 6 -3 -4 -5 -6 -1 8 9 -2 -11 -12 -10
right_child=7 2 3 4 5 -7 -8 -9 12 10 11 -13 -14
leaf_value=0.011401280256254332 -0.0044455427222135592 -0.0041589320157513479 -0.0031110620862100182 0.010650844960473478 -0.002456604109870063 0.0047589543964362373 0.0032453652290683806 0.0015154644081721437 -0.0056997367559057282 0 -0.0026566181370793886 -0.00019356526931126915 -0.0022405320075490781
leaf_weight=17 20 15.999999999999998 20 17 22 26 15.999999999999998 18 16.000000000000004 17 33 22 14.999999999999998
leaf_count=17 20 16 20 17 22 26 16 18 16 17 33 22 15
internal_value=0.000180358 0.00280967 0.0010328 0.00214563 0.00392715 0.00125441 0.00785286 -0.00224885 -0.0028846 -0.00224296 -0.00146676 -0.0018622 -0.00440552
internal_weight=275 134 101 85 65 48 33 141 123 92 72 55 31
internal_count=275 134 101 85 65 48 33 141 123 92 72 55 31
is_linear=0
shrinkage=0.01


Tree=218
num_leaves=15
num_cat=0
split_feature=7 10 5 9 4 7 8 9 7 4 4 9 9 5
split_gain=17.3571 10.92 5.59696 9.42322 3.81708 3.86809 3.48595 3.24931 2.70614 1.42089 1.07542 1.40996 1.11398 0.516617
threshold=0.12550000000000003 0.42750000000000005 34.879500000000007 0.36950000000000005 0.83150000000000002 0.048000000000000008 0.40950000000000003 0.40250000000000008 0.081500000000000017 0.84550000000000003 0.9385 0.63150000000000006 0.82450000000000012 32.039500000000011
decision_type=2 2 2 2 2 2 2 2 2 2 2 2 2 2
left_child=1 7 -3 -4 5 -5 9 -1 -6 -2 11 -11 -12 -14
right_child=6 2 3 4 8 -7 -8 -9 -10 10 12 -13 13 -15
leaf_value=0.011340424027858358 -0.0061472305487240524 -0.004118602950916146 -0.003558760932305964 0.010413607897297028 -0.0011300768910774163 0.0024694158861765991 0.0015007193467101534 0.0036283690924091001 0.0043356282110776634 -0.0024153186541561985 -0.0057188658629144943 0.00093794674445421263 -0.0031089544052980383 -0.00035570950267162726
leaf_weight=15.999999999999998 14.999999999999998 15.999999999999998 20 14.999999999999998 17 18 18 17 14.999999999999998 25 17 19 24 23
leaf_count=16 15 16 20 15 17 18 18 17 15 25 17 19 24 23
internal_value=0.000177114 0.00278233 0.00102078 0.00212358 0.00403849 0.00648045 -0.00222917 0.00777951 0.00115157 -0.00285985 -0.00228488 -0.00074833 -0.00317223 -0.00199007
internal_weight=275 134 101 85 65 33 141 33 32 123 108 44 64 47
internal_count=275 134 101 85 65 33 141 33 32 123 108 44 64 47
is_linear=0
shrinkage=0.01


Tree=219
num_leaves=15
num_cat=0
split_feature=7 10 5 9 4 9 6 8 7 4 4 9 9 5
split_gain=17.0364 10.7165 5.49107 9.24875 3.74588 3.88266 3.71111 3.42635 2.65619 1.38607 1.05664 1.38394 1.08422 0.50268
threshold=0.12550000000000003 0.42750000000000005 34.879500000000007 0.36950000000000005 0.83150000000000002 0.43250000000000005 1.2945000000000002 0.40950000000000003 0.081500000000000017 0.84550000000000003 0.9385 0.63150000000000006 0.82450000000000012 32.039500000000011
decision_type=2 2 2 2 2 2 2 2 2 2 2 2 2 2
left_child=1 6 -3 -4 5 -5 -1 9 -6 -2 11 -11 -12 -14
right_child=7 2 3 4 8 -7 -8 -9 -10 10 12 -13 13 -15
leaf_value=0.011202395566872188 -0.0060877411740441478 -0.0040786650054382553 -0.0035240413139506085 0.0017098646442736348 -0.0011190991066396237 0.0096532799665992319 0.0031600148230791093 0.0014861176303915076 0.004293670440993963 -0.0023916391385536569 -0.0056633110429559434 0.00092880781596669777 -0.0030784993284210865 -0.00035222802073397536
leaf_weight=17 14.999999999999998 15.999999999999998 20 14.999999999999998 17 18 15.999999999999998 18 14.999999999999998 25 17 19 24 23
leaf_count=17 15 16 20 15 17 18 16 18 15 25 17 19 24 23
internal_value=0.000174763 0.00275612 0.00101 0.00210308 0.00400086 0.00642055 0.00770693 -0.00220884 0.00113747 -0.00283436 -0.00226436 -0.000738765 -0.00314432 -0.00197264
internal_weight=275 134 101 85 65 33 33 141 32 123 108 44 64 47
internal_count=275 134 101 85 65 33 33 141 32 123 108 44 64 47
is_linear=0
shrinkage=0.01


Tree=220
num_leaves=13
num_cat=0
split_feature=4 10 5 6 4 9 0 5 8 4 10 5
split_gain=13.1953 6.08914 4.9118 7.83957 7.01133 2.13815 1.6925 3.20328 2.67613 1.66632 0.40339 0.478342
threshold=0.82850000000000013 0.41750000000000004 37.721500000000006 1.1045000000000003 0.79550000000000021 0.38650000000000007 0.77750000000000019 35.741500000000009 0.34450000000000003 0.89300000000000013 0.46250000000000008 30.830500000000004
decision_type=2 2 2 2 2 2 2 2 2 2 2 2
left_child=2 -2 -1 -4 5 -5 7 10 9 -9 11 -3
right_child=1 6 3 4 -6 -7 -8 8 -10 -11 -12 -13
leaf_value=-0.00069803132078586478 0.0041419558865683423 -0.0035938854555825927 0.010841766460375353 0.0024549097591830839 0.0071150177371938055 -0.0024849083943244738 -0.0043267333494466645 0.0040272112233298166 -0.0023387865969403225 0 -0.0048058201053312851 -0.00088472447641517807
leaf_weight=19 17 18 15.999999999999998 14.999999999999998 20 19 28 17 27 28 17 34
leaf_count=19 17 18 16 15 20 19 28 17 27 28 17 34
internal_value=0.000172401 -0.00130421 0.00336012 0.0046006 0.00248538 -1.17279e-05 -0.00192164 -0.00135976 0 0.00160487 -0.00289369 -0.00203828
internal_weight=275 186 89 70 54 34 169 141 72 45 69 52
internal_count=275 186 89 70 54 34 169 141 72 45 69 52
is_linear=0
shrinkage=0.01


Tree=221
num_leaves=15
num_cat=0
split_feature=7 10 5 9 4 4 8 9 7 4 4 9 9 5
split_gain=16.5112 10.4655 5.30147 9.11797 3.64217 3.84309 3.34524 3.11958 2.60244 1.37342 1.0198 1.35531 1.04968 0.481987
threshold=0.12550000000000003 0.42750000000000005 34.879500000000007 0.36950000000000005 0.83150000000000002 0.79550000000000021 0.40950000000000003 0.40250000000000008 0.081500000000000017 0.84550000000000003 0.9385 0.60600000000000009 0.82450000000000012 32.039500000000011
decision_type=2 2 2 2 2 2 2 2 2 2 2 2 2 2
left_child=1 7 -3 -4 5 -5 9 -1 -6 -2 11 -11 -12 -14
right_child=6 2 3 4 8 -7 -8 -9 -10 10 12 -13 13 -15
leaf_value=0.011097222453717031 -0.0060298866802646267 -0.0040120938171943031 -0.003526228251980572 0.0023457305012522518 -0.0011124358155897686 0.010242488574116462 0.0014712920180849126 0.0035219437948295048 0.0042438477397926397 -0.0024945618434155242 -0.005576244274420398 0.00076461812091428174 -0.003019442245060084 -0.00033768284035489912
leaf_weight=15.999999999999998 14.999999999999998 15.999999999999998 20 18 17 14.999999999999998 18 17 14.999999999999998 23 17 21 24 23
leaf_count=16 15 16 20 18 17 15 18 17 15 23 17 21 24 23
internal_value=0.000169852 0.00271165 0.000985018 0.00206057 0.00394605 0.00633297 -0.00217614 0.00760412 0.00111729 -0.00279467 -0.00222746 -0.000723212 -0.00309296 -0.00193499
internal_weight=275 134 101 85 65 33 141 33 32 123 108 44 64 47
internal_count=275 134 101 85 65 33 141 33 32 123 108 44 64 47
is_linear=0
shrinkage=0.01


Tree=222
num_leaves=14
num_cat=0
split_feature=7 4 6 6 2 7 8 9 4 4 9 9 8
split_gain=16.2066 8.86035 6.40875 5.85935 5.01613 5.11356 3.28821 2.33628 1.33964 1.00201 1.33032 1.02135 0.282107
threshold=0.12550000000000003 0.80750000000000022 1.2555000000000003 1.5320000000000003 0.21750000000000003 0.051500000000000004 0.40950000000000003 0.47200000000000003 0.84550000000000003 0.9385 0.60600000000000009 0.82450000000000012 0.18550000000000003
decision_type=2 2 2 2 2 2 2 2 2 2 2 2 2
left_child=1 4 -3 7 5 -1 8 -4 -2 10 -10 -11 -13
right_child=6 2 3 -5 -6 -7 -8 -9 9 11 -12 12 -14
leaf_value=0.0099433901644589602 -0.005971532766857455 -0.0037802573263036958 0.001238336711618546 -0.0024177709534283606 0 0.0017063554977217027 0.0014569767302757986 0.0071534644563992821 -0.0024701469851301072 -0.0055220750378710886 0.00075714977544754053 -0.00049330494505293821 -0.0028374236335559767
leaf_weight=28 14.999999999999998 24 18 14.999999999999998 14.999999999999998 14.999999999999998 18 19 23 17 21 23 24
leaf_count=28 15 24 18 15 15 15 18 19 23 17 21 23 24
internal_value=0.000167565 0.00268613 0.000291634 0.00237955 0.00562349 0.00735253 -0.00215633 0.00459738 -0.00276983 -0.00220752 -0.000713927 -0.00306583 -0.0019181
internal_weight=275 134 76 52 58 43 141 37 123 108 44 64 47
internal_count=275 134 76 52 58 43 141 37 123 108 44 64 47
is_linear=0
shrinkage=0.01


Tree=223
num_leaves=15
num_cat=0
split_feature=7 10 5 9 6 4 4 8 7 4 4 9 9 5
split_gain=15.9101 10.2397 5.16868 8.94378 3.55114 3.53306 3.8014 3.23222 2.51946 1.30657 0.984561 1.30651 0.993642 0.472767
threshold=0.12550000000000003 0.42750000000000005 34.879500000000007 0.36950000000000005 1.2945000000000002 0.83150000000000002 0.79550000000000021 0.40950000000000003 0.081500000000000017 0.84550000000000003 0.9385 0.63150000000000006 0.82450000000000012 32.039500000000011
decision_type=2 2 2 2 2 2 2 2 2 2 2 2 2 2
left_child=1 4 -3 -4 -1 6 -5 9 -7 -2 11 -11 -12 -14
right_child=7 2 3 5 -6 8 -8 -9 -10 10 12 -13 13 -15
leaf_value=0.010920992289270674 -0.0059137437564711418 -0.0039808557024507817 -0.0035160729289054871 0.0022734522336238139 0.0030384931194059779 -0.0010940769852272102 0.010119969054095205 0.0014428007481871424 0.0041723368857656757 -0.0023154633083179886 -0.0054684320475373947 0.00090685706585645674 -0.0029735502326975059 -0.00031757979316914334
leaf_weight=17 14.999999999999998 15.999999999999998 20 18 15.999999999999998 17 14.999999999999998 18 14.999999999999998 25 17 19 24 23
leaf_count=17 15 16 20 18 16 17 15 18 15 25 17 19 24 23
internal_value=0.000165472 0.00266121 0.000952509 0.00201595 0.00750007 0.00388463 0.00623637 -0.00213671 0.00109307 -0.00274523 -0.00218777 -0.000704733 -0.00303896 -0.00190137
internal_weight=275 134 101 85 33 65 33 141 32 123 108 44 64 47
internal_count=275 134 101 85 33 65 33 141 32 123 108 44 64 47
is_linear=0
shrinkage=0.01


Tree=224
num_leaves=14
num_cat=0
split_feature=7 10 4 9 8 9 5 9 4 4 9 9 5
split_gain=15.6166 10.049 5.12539 8.56851 3.17723 2.99681 2.71238 2.05124 1.27421 0.96748 1.28368 0.966538 0.459857
threshold=0.12550000000000003 0.42750000000000005 0.80750000000000022 0.39700000000000008 0.40950000000000003 0.40250000000000008 35.915500000000009 0.49250000000000005 0.84550000000000003 0.9385 0.60600000000000009 0.82450000000000012 32.039500000000011
decision_type=2 2 2 2 2 2 2 2 2 2 2 2 2
left_child=1 5 3 -3 8 -1 -4 -8 -2 10 -10 -11 -13
right_child=4 2 6 -5 -6 -7 7 -9 9 11 -12 12 -14
leaf_value=0.010857215474049251 -0.0058565139482098238 -0.0010232196024485998 -0.0043926883080313284 0.0079148037963443323 0.0014287626421129382 0.00341518389752933 -0.0011866830083492555 0.0029427240062982608 -0.0024233091448215729 -0.0054153101045106133 0.00074389425257957264 -0.0029444215613968518 -0.0003144715662966383
leaf_weight=15.999999999999998 14.999999999999998 17 14.999999999999998 22 18 17 28 19 23 17 21 24 23
leaf_count=16 15 17 15 22 18 17 28 19 23 17 21 24 23
internal_value=0.000163224 0.00263615 0.000942391 0.00380194 -0.00211727 0.00743014 -0.000712384 0.00028553 -0.00272086 -0.00216821 -0.000695596 -0.00301235 -0.00188481
internal_weight=275 134 101 39 141 33 62 47 123 108 44 64 47
internal_count=275 134 101 39 141 33 62 47 123 108 44 64 47
is_linear=0
shrinkage=0.01


Tree=225
num_leaves=13
num_cat=0
split_feature=5 1 7 5 2 7 9 5 3 0 2 9
split_gain=13.3036 11.6389 6.31385 3.62413 2.71369 2.17033 1.92061 1.88241 1.54183 3.40104 1.63475 1.22578
threshold=43.567500000000003 0.33250000000000007 0.18900000000000003 46.303500000000007 0.16750000000000004 0.16550000000000004 0.82450000000000012 33.440000000000005 58.680500000000002 0.57250000000000012 0.20250000000000004 0.51650000000000007
decision_type=2 2 2 2 2 2 2 2 2 2 2 2
left_child=2 3 4 -2 -1 8 -4 -8 11 10 -10 -6
right_child=1 -3 6 -5 5 -7 7 -9 9 -11 -12 -13
leaf_value=0.0038505431151751317 0.011048581046717507 -0.0022047360278666019 -0.0053070213099320734 0.0037148405611515047 -0.0050237094178315136 0.0026234788639204845 -0.0035029558605617949 0.0005480058175144774 0 0.0026069424618562721 -0.0040729490899815198 -0.00062855841881699029
leaf_weight=15.999999999999998 17 17 37 22 14.999999999999998 17 22 15.999999999999998 20 26 19 22
leaf_count=16 17 17 37 22 15 17 22 16 20 26 19 22
internal_value=-5.03501e-05 0.00421861 -0.00124356 0.00726415 0 -0.000472935 -0.0035601 -0.00155258 -0.00109685 -6.35974e-06 -0.00201267 -0.00272027
internal_weight=266 56 210 39 135 119 75 38 102 65 39 37
internal_count=266 56 210 39 135 119 75 38 102 65 39 37
is_linear=0
shrinkage=0.01


Tree=226
num_leaves=13
num_cat=0
split_feature=5 1 7 8 5 8 8 7 5 9 4 4
split_gain=13.0453 11.4275 6.19001 3.80872 3.54045 3.00394 4.36767 4.24716 2.77349 2.2613 0.682592 1.39125
threshold=43.567500000000003 0.33250000000000007 0.18900000000000003 0.27750000000000008 46.303500000000007 0.23350000000000004 0.30550000000000005 0.070500000000000021 33.440000000000005 0.43450000000000005 0.90250000000000019 1.0150000000000003
decision_type=2 2 2 2 2 2 2 2 2 2 2 2
left_child=2 4 5 8 -2 10 -7 -8 -4 -9 -1 -12
right_child=1 -3 3 -5 -6 6 7 9 -10 -11 11 -13
leaf_value=-0.0033233056166322855 0.010941252240112848 -0.002183318552161966 -0.0038224509368209466 -0.0069207384574170019 0.0036785177141427997 0.0051469471366253003 -0.0029153322680085378 0.005134449312763828 0.00052582129836082465 0 0.00084205973575391421 -0.0029407257803024784
leaf_weight=20 17 17 28 24 22 21 28 15.000000000000002 23 15.999999999999998 20 14.999999999999998
leaf_count=20 17 17 28 24 22 21 28 15 23 16 20 15
internal_value=-4.94057e-05 0.00417753 -0.00123134 -0.00352505 0.00719591 0 0.00128436 0 -0.00168122 0.00240693 -0.00173778 -0.000516029
internal_weight=266 56 210 75 39 135 80 59 51 31 55 35
internal_count=266 56 210 75 39 135 80 59 51 31 55 35
is_linear=0
shrinkage=0.01


Tree=227
num_leaves=12
num_cat=0
split_feature=5 10 7 8 8 8 8 7 5 9 6
split_gain=12.7929 8.50265 6.06846 3.73133 3.69738 2.94508 4.2834 4.16291 2.72255 2.21948 0.774337
threshold=43.567500000000003 0.46250000000000008 0.18900000000000003 0.27750000000000008 0.32950000000000007 0.23350000000000004 0.30550000000000005 0.070500000000000021 33.440000000000005 0.43450000000000005 1.3750000000000002
decision_type=2 2 2 2 2 2 2 2 2 2 2
left_child=2 4 5 8 -2 10 -7 -8 -4 -9 -1
right_child=1 -3 3 -5 -6 6 7 9 -10 -11 -12
leaf_value=-0.00019121680353468252 0.0026903635798356472 -0.0012637106398386614 -0.0037848970279651039 -0.0068529433954735187 0.0099212296125365459 0.0050966745537034302 -0.0028866903349070955 0.0050847611504216336 0.00052067501430815835 0 -0.0030139070777398238
leaf_weight=29 19 17 28 24 20 21 28 15.000000000000002 23 15.999999999999998 26
leaf_count=29 19 17 28 24 20 21 28 15 23 16 26
internal_value=-4.85996e-05 0.00413686 -0.0012194 -0.00349047 0.00673031 0 0.0012715 0 -0.00166279 0.00238248 -0.00172089
internal_weight=266 56 210 75 39 135 80 59 51 31 55
internal_count=266 56 210 75 39 135 80 59 51 31 55
is_linear=0
shrinkage=0.01


Tree=228
num_leaves=12
num_cat=0
split_feature=5 1 7 8 5 8 8 7 5 5 6
split_gain=12.547 11.0809 5.94714 3.65547 3.46027 2.89039 4.20076 4.08032 2.67257 2.15838 0.755875
threshold=43.567500000000003 0.33250000000000007 0.18900000000000003 0.27750000000000008 46.303500000000007 0.23350000000000004 0.30550000000000005 0.070500000000000021 33.440000000000005 37.721500000000006 1.3750000000000002
decision_type=2 2 2 2 2 2 2 2 2 2 2
left_child=2 4 5 8 -2 10 -7 -8 -4 -9 -1
right_child=1 -3 3 -5 -6 6 7 9 -10 -11 -12
leaf_value=-0.00018933705259430205 0.010772030651569366 -0.0021611305422016554 -0.0037477120703184293 -0.0067858125664749924 0.0035893790804677542 0.0050468930861977644 -0.0028583299952126191 0 0.00051557909618032743 0.0048680999942801216 -0.0029843365625952774
leaf_weight=29 17 17 28 24 22 21 28 15.000000000000002 23 15.999999999999998 26
leaf_count=29 17 17 28 24 22 21 28 15 23 16 26
internal_value=-4.81551e-05 0.00409649 -0.00120801 -0.00345624 0.00707017 0 0.00125877 0 -0.00164454 0.00235827 -0.00170577
internal_weight=266 56 210 75 39 135 80 59 51 31 55
internal_count=266 56 210 75 39 135 80 59 51 31 55
is_linear=0
shrinkage=0.01


Tree=229
num_leaves=12
num_cat=0
split_feature=5 10 7 8 8 8 8 7 5 9 6
split_gain=12.3068 8.24525 5.82765 3.58226 3.58113 2.83617 4.12031 4.00353 2.62353 2.42023 0.737802
threshold=43.567500000000003 0.46250000000000008 0.18900000000000003 0.32950000000000007 0.27750000000000008 0.23350000000000004 0.30550000000000005 0.08450000000000002 33.440000000000005 0.43600000000000005 1.3750000000000002
decision_type=2 2 2 2 2 2 2 2 2 2 2
left_child=2 3 5 -2 8 10 -7 9 -4 -8 -1
right_child=1 -3 4 -5 -6 6 7 -9 -10 -11 -12
leaf_value=-0.00018747569361733177 0.0026255042774555011 -0.0012550794173564232 -0.0037108924632009706 0.0097543813869720563 -0.0067193392086393978 0.0049975978635078255 0 0.0029868309017346828 0.00051053299865824113 -0.0050680664723569699 -0.002955056385330434
leaf_weight=29 19 17 28 20 24 21 19 24 23 15.999999999999998 26
leaf_count=29 19 17 28 20 24 21 19 24 23 16 26
internal_value=-4.77863e-05 0.00405661 -0.00119683 0.0066117 -0.00342234 0 0.00124588 0 -0.00162646 -0.00226289 -0.0016908
internal_weight=266 56 210 39 75 135 80 59 51 35 55
internal_count=266 56 210 39 75 135 80 59 51 35 55
is_linear=0
shrinkage=0.01


Tree=230
num_leaves=12
num_cat=0
split_feature=5 10 7 8 8 8 8 7 5 9 6
split_gain=12.0692 8.09806 5.71225 3.50827 3.49988 2.78477 4.03962 3.95044 2.57542 2.14844 0.720112
threshold=43.567500000000003 0.46250000000000008 0.18900000000000003 0.27750000000000008 0.32950000000000007 0.23350000000000004 0.30550000000000005 0.070500000000000021 33.440000000000005 0.43450000000000005 1.3750000000000002
decision_type=2 2 2 2 2 2 2 2 2 2 2
left_child=2 4 5 8 -2 10 -7 -8 -4 -9 -1
right_child=1 -3 3 -5 -6 6 7 9 -10 -11 -12
leaf_value=-0.00018563278335130822 0.0025999224720857084 -0.0012428873979619573 -0.0036744345267090885 -0.0066535171090948341 0.0096592171199438043 0.0049487841406533886 -0.0028124652809479777 0.0049803094517800106 0.00050553614471821073 0 -0.0029260633253263978
leaf_weight=29 19 17 28 24 20 21 28 15.000000000000002 23 15.999999999999998 26
leaf_count=29 19 17 28 24 20 21 28 15 23 16 26
internal_value=-4.71666e-05 0.00401702 -0.00118542 -0.00338877 0.00654968 0 0.00123401 0 -0.00160857 0.00232044 -0.00167598
internal_weight=266 56 210 75 39 135 80 59 51 31 55
internal_count=266 56 210 75 39 135 80 59 51 31 55
is_linear=0
shrinkage=0.01


Tree=231
num_leaves=14
num_cat=0
split_feature=5 1 9 0 9 9 5 8 8 9 0 0 3
split_gain=11.8374 10.6122 4.55977 5.38323 5.99635 3.974 3.38357 2.90915 4.24158 1.50358 0.856991 0.874137 0.433254
threshold=43.567500000000003 0.33250000000000007 0.43250000000000005 0.65250000000000019 0.38400000000000006 0.50200000000000011 46.303500000000007 0.33500000000000008 0.24950000000000003 0.70350000000000013 0.64750000000000008 0.74250000000000005 65.575500000000019
decision_type=2 2 2 2 2 2 2 2 2 2 2 2 2
left_child=2 6 3 4 -1 -4 -2 8 10 -10 12 -12 -7
right_child=1 -3 5 -5 -6 7 -8 -9 9 -11 11 -13 -14
leaf_value=0 0.010544378178460257 -0.0021379375085234641 -0.0058784765392845993 -0.0032332643053748391 0.0077367215622216471 -0.0044450674674340659 0.0034504292110602059 -0.0051535865366458891 0.0046709757923118515 0 0.00071196053449700523 -0.0019531521267361109 -0.0013741661896082488
leaf_weight=20 17 17 24 15.999999999999998 17 17 22 17 15.000000000000002 14.999999999999998 20 22 27
leaf_count=20 17 17 24 16 17 17 22 17 15 15 20 22 27
internal_value=-4.67513e-05 0.00397783 -0.00117438 0.00123824 0.00345586 -0.00205367 0.00689016 -0.00126914 -0.000594351 0.00248155 -0.00179109 -0.000455311 -0.00282198
internal_weight=266 56 210 53 37 157 39 133 116 30 86 42 44
internal_count=266 56 210 53 37 157 39 133 116 30 86 42 44
is_linear=0
shrinkage=0.01


Tree=232
num_leaves=12
num_cat=0
split_feature=4 2 10 1 0 4 0 7 9 9 4
split_gain=11.1175 10.9819 6.94617 3.10603 6.64463 2.68666 2.44515 2.31757 2.26327 1.27819 0.346038
threshold=0.82850000000000013 0.23750000000000002 0.41750000000000004 0.32750000000000007 0.65250000000000019 0.87700000000000011 0.5675 0.20300000000000004 0.62050000000000016 1.0285000000000002 1.0150000000000003
decision_type=2 2 2 2 2 2 2 2 2 2 2
left_child=1 3 -2 4 6 -4 -1 8 -7 -9 -10
right_child=2 -3 5 -5 -6 7 -8 9 10 -11 -12
leaf_value=0.0049879432852203785 0.0036599876991538116 -0.0031250776610402178 -0.0046905188741428513 0.00033725473013791171 0.00039055524766445161 0.0023016117452358716 0.012305682916795053 -0.0038842943626679954 -9.2785084230262183e-05 0 -0.0025914946313087754
leaf_weight=18 21 21 38 15.999999999999998 17 24 14.999999999999998 39 21 17 19
leaf_count=18 21 21 38 16 17 24 15 39 21 17 19
internal_value=-4.66981e-05 0.00283686 -0.00150791 0.00489345 0.00613564 -0.00226726 0.00874672 -0.00140062 0 -0.00287851 -0.00154393
internal_weight=266 87 179 66 50 158 33 120 64 56 40
internal_count=266 87 179 66 50 158 33 120 64 56 40
is_linear=0
shrinkage=0.01


Tree=233
num_leaves=12
num_cat=0
split_feature=4 2 10 1 0 4 0 7 9 9 0
split_gain=10.9183 10.7867 6.81787 3.04147 6.50967 2.62617 2.38164 2.27188 2.22223 1.24789 0.340904
threshold=0.82850000000000013 0.23750000000000002 0.41750000000000004 0.32750000000000007 0.65250000000000019 0.87700000000000011 0.5675 0.20300000000000004 0.62050000000000016 1.0285000000000002 0.58250000000000013
decision_type=2 2 2 2 2 2 2 2 2 2 2
left_child=1 3 -2 4 6 -4 -1 8 -7 -9 -10
right_child=2 -3 5 -5 -6 7 -8 9 10 -11 -12
leaf_value=0.0049394118624764526 0.0036242389600983889 -0.0030945536251678024 -0.004644222900985027 0.00033398444002324886 0.00038676131623131891 0.0022790654121460962 0.012186595956164021 -0.0038459431097100055 -0.0028594367843001118 0 -0.00030179943012840609
leaf_weight=18 21 21 38 15.999999999999998 17 24 14.999999999999998 39 14.999999999999998 17 25
leaf_count=18 21 21 38 16 17 24 15 39 15 17 25
internal_value=-4.5646e-05 0.00281163 -0.00149405 0.00485038 0.00607999 -0.00224671 0.00866482 -0.00138839 0 -0.00285169 -0.00153129
internal_weight=266 87 179 66 50 158 33 120 64 56 40
internal_count=266 87 179 66 50 158 33 120 64 56 40
is_linear=0
shrinkage=0.01


Tree=234
num_leaves=12
num_cat=0
split_feature=9 0 1 6 7 2 0 8 3 9 10
split_gain=8.99609 4.14718 3.74423 5.02437 6.07534 2.69277 2.97346 1.1305 1.91003 1.90658 0.735213
threshold=0.53850000000000009 0.53250000000000008 0.34750000000000003 1.1955000000000002 0.15450000000000003 0.18750000000000003 0.65250000000000019 0.19350000000000003 55.944500000000012 0.75900000000000012 0.44250000000000006
decision_type=2 2 2 2 2 2 2 2 2 2 2
left_child=1 -1 3 -3 5 6 -5 10 -9 -10 -2
right_child=7 2 -4 4 -6 -7 -8 8 9 -11 -12
leaf_value=-0.0016044965678570318 -0.00098159487745383888 0.0080726953468671665 -0.001168064327112266 0.0051877232621226343 0.0071713639050722125 -0.002379059462353241 -0.00036542641845616427 0.001048206449771414 -0.0041808469165512856 0 -0.0043709750980383058
leaf_weight=25 20 20 17 15.999999999999998 17 21 15.999999999999998 24 23 19 30
leaf_count=25 20 20 17 16 17 21 16 24 23 19 30
internal_value=0 0.00179661 0.00268806 0.00352936 0.00204138 0.000157348 0.00214055 -0.00201267 -0.00091787 -0.00227575 -0.00323638
internal_weight=248 132 107 90 70 53 32 116 66 42 50
internal_count=248 132 107 90 70 53 32 116 66 42 50
is_linear=0
shrinkage=0.01


Tree=235
num_leaves=12
num_cat=0
split_feature=9 0 1 6 7 2 0 8 6 10 7
split_gain=8.81767 4.06844 3.67696 4.92256 5.96105 2.63711 2.92018 1.10925 1.24062 0.714443 0.700819
threshold=0.53850000000000009 0.53250000000000008 0.34750000000000003 1.1955000000000002 0.15450000000000003 0.18750000000000003 0.65250000000000019 0.19350000000000003 1.4815000000000003 0.44250000000000006 0.22250000000000003
decision_type=2 2 2 2 2 2 2 2 2 2 2
left_child=1 -1 3 -3 5 6 -5 9 -9 -2 -10
right_child=7 2 -4 4 -6 -7 -8 8 10 -11 -12
leaf_value=-0.0015887661774953207 -0.00097201834092052982 0.0079939371856247513 -0.0011567175058381899 0.0051374179786635625 0.0071016992905310215 -0.0023558220232641975 -0.00036188273267312486 -0.0024609079407685894 0.0018301730038541735 -0.0043279819300428768 -0.00083392707414405281
leaf_weight=25 20 20 17 15.999999999999998 17 21 15.999999999999998 29 15.999999999999998 30 21
leaf_count=25 20 20 17 16 17 21 16 29 16 30 21
internal_value=0 0.0017777 0.00266101 0.00349505 0.00202023 0.000152265 0.00211681 -0.00199363 -0.000907193 -0.00320653 6.04913e-05
internal_weight=248 132 107 90 70 53 32 116 66 50 37
internal_count=248 132 107 90 70 53 32 116 66 50 37
is_linear=0
shrinkage=0.01


Tree=236
num_leaves=13
num_cat=0
split_feature=5 0 1 0 3 10 3 5 5 5 5 4
split_gain=9.42516 8.32903 5.99047 4.5019 3.98431 4.30999 0.897668 0.722193 0.667508 0.443775 0.0988615 0.0369577
threshold=39.647500000000008 0.54750000000000021 0.30750000000000005 0.78250000000000008 56.206500000000013 0.43250000000000005 61.69700000000001 32.358000000000011 36.950500000000005 42.786000000000008 33.911000000000008 0.90950000000000009
decision_type=2 2 2 2 2 2 2 2 2 2 2 2
left_child=2 -2 -1 4 -3 -6 7 -4 10 -7 -9 -8
right_child=1 3 6 -5 5 9 11 8 -10 -11 -12 -13
leaf_value=0.0026104723635659204 -0.0031259115676327449 0.009596196683970366 -0.0031925427928274751 -0.00039913342757658522 0.006949109754119164 0.0017814809625799003 -0.0053116700617042746 -0.00022653586441470725 -0.0020393123345242604 -0.00019191296230400761 0.00076583116765945188 -0.0024931757693301957
leaf_weight=25 20 15.999999999999998 25 15.999999999999998 19 16.000000000000004 18 15.000000000000002 22 14.999999999999998 14.999999999999998 26
leaf_count=25 20 16 25 16 19 16 18 15 22 15 15 26
internal_value=0 0.00233754 -0.00161572 0.00380217 0.00496639 0.00320648 -0.00257836 -0.00166368 -0.00071477 0.000521263 0 -0.00391764
internal_weight=248 102 146 82 66 50 121 77 52 31 30 44
internal_count=248 102 146 82 66 50 121 77 52 31 30 44
is_linear=0
shrinkage=0.01


Tree=237
num_leaves=12
num_cat=0
split_feature=5 0 1 0 3 10 3 5 5 5 4
split_gain=9.24434 8.17218 5.88247 4.42441 3.8981 4.22534 0.876145 0.704867 0.657498 0.436209 0.0288429
threshold=39.647500000000008 0.54750000000000021 0.30750000000000005 0.78250000000000008 56.206500000000013 0.43250000000000005 61.69700000000001 32.358000000000011 35.490500000000004 42.786000000000008 0.90950000000000009
decision_type=2 2 2 2 2 2 2 2 2 2 2
left_child=2 -2 -1 4 -3 -6 7 -4 -9 -7 -8
right_child=1 3 6 -5 5 9 10 8 -10 -11 -12
leaf_value=0.0025848796158371603 -0.0030954148656711345 0.009503142603419043 -0.0031612433653836159 -0.00039526314446420381 0.0068814006906289318 0.0017642059877063284 -0.0052599890006555091 0.00028694628976112189 -0.0016929219355658878 -0.00019005593993971423 -0.0024687144659319015
leaf_weight=25 20 15.999999999999998 25 15.999999999999998 19 16.000000000000004 18 21 31 14.999999999999998 26
leaf_count=25 20 16 25 16 19 16 18 21 31 15 26
internal_value=0 0.0023139 -0.00160127 0.00376522 0.00491959 0.00317526 -0.00255556 -0.00164864 -0.000707766 0.000513128 -0.00388159
internal_weight=248 102 146 82 66 50 121 77 52 31 44
internal_count=248 102 146 82 66 50 121 77 52 31 44
is_linear=0
shrinkage=0.01


Tree=238
num_leaves=13
num_cat=0
split_feature=5 0 1 0 3 10 3 5 5 5 5 4
split_gain=9.06382 8.01832 5.7746 4.34832 3.81363 4.14236 0.856879 0.689783 0.646085 0.428773 0.0992133 0.020952
threshold=39.647500000000008 0.54750000000000021 0.30750000000000005 0.78250000000000008 56.206500000000013 0.43250000000000005 61.69700000000001 32.358000000000011 36.950500000000005 42.786000000000008 33.911000000000008 0.90950000000000009
decision_type=2 2 2 2 2 2 2 2 2 2 2 2
left_child=2 -2 -1 4 -3 -6 7 -4 10 -7 -9 -8
right_child=1 3 6 -5 5 9 11 8 -10 -11 -12 -13
leaf_value=0.0025595376114634907 -0.0030652157090059139 0.0094109909552516358 -0.0031302508178587055 -0.00039143030390594946 0.0068143510283567967 0.0017470986644426978 -0.0052088107128401067 -0.00022712045499394013 -0.0020028194031781622 -0.00018821646008760698 0.00076713895124773824 -0.0024444930497908367
leaf_weight=25 20 15.999999999999998 25 15.999999999999998 19 16.000000000000004 18 15.000000000000002 22 14.999999999999998 14.999999999999998 26
leaf_count=25 20 16 25 16 19 16 18 15 22 15 15 26
internal_value=0 0.00229049 -0.00158627 0.00372863 0.00487325 0.00314435 -0.00253215 -0.00163245 -0.000698917 0.000505072 0 -0.00384589
internal_weight=248 102 146 82 66 50 121 77 52 31 30 44
internal_count=248 102 146 82 66 50 121 77 52 31 30 44
is_linear=0
shrinkage=0.01


Tree=239
num_leaves=12
num_cat=0
split_feature=5 0 1 0 3 8 4 3 5 5 4
split_gain=8.88997 7.86739 5.67064 4.27362 3.73088 3.0006 2.23031 0.836215 0.673151 0.638528 0.01328
threshold=39.647500000000008 0.54750000000000021 0.30750000000000005 0.78250000000000008 56.206500000000013 0.30650000000000005 0.80500000000000016 61.69700000000001 32.358000000000011 35.490500000000004 0.90950000000000009
decision_type=2 2 2 2 2 2 2 2 2 2 2
left_child=2 -2 -1 4 -3 -6 -7 8 -4 -10 -9
right_child=1 3 7 -5 5 6 -8 10 9 -11 -12
leaf_value=0.002534444122483917 -0.0030353111864590068 0.0093197328619884726 -0.0030995621240022136 -0.0003876346530336322 0.006430832634906512 -0.001477140563149606 0.0034953635750072341 -0.0051581304258591426 0.00028358725354421971 -0.0016644653299498181 -0.0024205093964372042
leaf_weight=25 20 15.999999999999998 25 15.999999999999998 18 14.999999999999998 17 18 21 31 26
leaf_count=25 20 16 25 16 18 15 17 18 21 31 26
internal_value=0 0.00226731 -0.0015721 0.0036924 0.00482736 0.00311373 0.000869944 -0.0025098 -0.00161771 -0.000692067 -0.00381054
internal_weight=248 102 146 82 66 50 32 121 77 52 44
internal_count=248 102 146 82 66 50 32 121 77 52 44
is_linear=0
shrinkage=0.01


Tree=240
num_leaves=12
num_cat=0
split_feature=8 8 8 6 6 3 8 8 3 6 7
split_gain=7.90272 2.92127 6.04579 5.2378 4.75455 4.54038 2.54071 1.46917 1.39231 3.28531 0.267335
threshold=0.23650000000000002 0.30550000000000005 0.32650000000000007 1.5115000000000001 1.5035000000000001 64.34350000000002 0.41450000000000004 0.35750000000000004 60.760000000000012 1.5395000000000001 0.17850000000000002
decision_type=2 2 2 2 2 2 2 2 2 2 2
left_child=8 3 -3 5 6 -2 7 -4 9 -1 -10
right_child=1 2 4 -5 -6 -7 -8 -9 10 -11 -12
leaf_value=0.0020025798409830692 0.0096554937145926743 -0.0050311768235582303 -4.4314829366547725e-05 -0.00066605803415630796 0.005361742253633256 0.0013818062905754361 -0.0026151190002759303 0.0033899981602160045 -0.0042702438575880873 -0.0029388131307704107 -0.0013053516910544463
leaf_weight=21 15.999999999999998 15.999999999999998 17 15.999999999999998 23 17 22 21 31 31 17
leaf_count=21 16 16 17 16 23 17 22 21 31 31 17
internal_value=0 0.00147315 0.00036438 0.003485 0.00154815 0.00577604 0 0.00161323 -0.00215795 -0.000752708 -0.00345065
internal_weight=248 148 99 49 83 33 60 38 100 52 48
internal_count=248 148 99 49 83 33 60 38 100 52 48
is_linear=0
shrinkage=0.01


Tree=241
num_leaves=12
num_cat=0
split_feature=9 0 9 9 2 9 6 8 3 9 7
split_gain=8.132 3.73344 4.79917 7.6011 4.5734 1.16635 3.01182 0.93482 1.92857 2.11102 0.710727
threshold=0.54200000000000015 0.61250000000000016 0.38650000000000007 0.42150000000000004 0.19250000000000003 0.36050000000000004 1.1955000000000002 0.19350000000000003 55.944500000000012 0.75900000000000012 0.17850000000000002
decision_type=2 2 2 2 2 2 2 2 2 2 2
left_child=1 5 -3 -4 -5 -1 -7 10 -9 -10 -2
right_child=7 2 3 4 -6 6 -8 8 9 -11 -12
leaf_value=-0.0022617543669971262 -0.0046815168834808806 0.0081024343317205264 -0.0034568165111783389 0.0078409342387238071 0.00051698111991087595 0.0034009277489450243 -0.0017525371945485836 0.0010454367496529405 -0.0043850408105386629 0 -0.0013774018866772001
leaf_weight=18 22 15.999999999999998 18 18 22 22 20 24 22 19 27
leaf_count=18 22 16 18 18 22 22 20 24 22 19 27
internal_value=0 0.0016742 0.00317354 0.00158527 0.00411579 -2.06379e-05 0.000719856 -0.00195183 -0.00092018 -0.00231048 -0.00309521
internal_weight=248 134 74 58 40 60 42 114 65 41 49
internal_count=248 134 74 58 40 60 42 114 65 41 49
is_linear=0
shrinkage=0.01


Tree=242
num_leaves=12
num_cat=0
split_feature=5 0 1 0 3 7 7 3 5 4 3
split_gain=8.54987 7.60302 5.47013 4.19695 3.57243 3.35857 1.31425 1.18656 1.21987 0.383664 0.346987
threshold=39.647500000000008 0.54750000000000021 0.30750000000000005 0.78250000000000008 56.206500000000013 0.11300000000000002 0.28100000000000008 61.69700000000001 32.358000000000011 0.79550000000000021 56.206500000000013
decision_type=2 2 2 2 2 2 2 2 2 2 2
left_child=2 -2 -1 4 -3 9 7 8 -4 -6 -10
right_child=1 3 6 -5 5 -7 -8 -9 10 -11 -12
leaf_value=0.00248639906847886 -0.0029868379571452376 0.0091551526793927866 -0.0038492380082607272 -0.00041753007607026537 0 0.0063952571784074491 0 -0.0043744309480492792 -0.0013077750862999396 0.0017611518863475683 0.00011112949030624854
leaf_weight=25 20 15.999999999999998 20 15.999999999999998 15.000000000000002 19 14.999999999999998 41 27 15.999999999999998 18
leaf_count=25 20 16 20 16 15 19 15 41 27 16 18
internal_value=0 0.00222182 -0.00154345 0.00362384 0.00474971 0.00306527 -0.00246517 -0.0028578 -0.0017224 0.000637726 -0.000525449
internal_weight=248 102 146 82 66 50 121 106 65 31 45
internal_count=248 102 146 82 66 50 121 106 65 31 45
is_linear=0
shrinkage=0.01


Tree=243
num_leaves=11
num_cat=0
split_feature=10 0 2 4 5 9 4 4 1 6
split_gain=9.13133 8.87729 4.4742 9.8191 4.16628 4.14468 2.78143 1.7152 0.749503 1.3068
threshold=0.42250000000000004 0.61250000000000016 0.22250000000000003 0.80750000000000022 44.151000000000003 0.5465000000000001 0.84150000000000003 0.88950000000000007 0.35750000000000004 1.3155000000000003
decision_type=2 2 2 2 2 2 2 2 2 2
left_child=1 -1 3 4 -2 -4 -5 -8 9 -9
right_child=2 -3 5 6 -6 -7 7 8 -10 -11
leaf_value=-0.00061106223256347032 0.0071185172215486184 0.0075905967270042387 -0.0065401692783290692 -0.0049904862693415921 7.0724930705093759e-05 0 0.00087174615120155774 0.00081434168685705236 -0.0037515586022383129 -0.0019669166581686771
leaf_weight=23 19 25 27 24 20 14.999999999999998 28 19 19 50
leaf_count=23 19 25 27 24 20 15 28 19 19 50
internal_value=-0.000387763 0.00348867 -0.00128082 -0.000522374 0.00380407 -0.00423379 -0.00180802 -0.00104515 -0.00176955 -0.00105683
internal_weight=269 48 221 179 39 42 140 116 88 69
internal_count=269 48 221 179 39 42 140 116 88 69
is_linear=0
shrinkage=0.01


Tree=244
num_leaves=14
num_cat=0
split_feature=10 3 6 1 1 7 9 8 3 8 5 6 1
split_gain=8.94438 10.4093 4.438 11.5983 6.97005 3.49474 5.41415 4.77034 5.85282 2.32273 1.48845 0.857188 0.571491
threshold=0.42250000000000004 63.661000000000008 1.1115000000000002 0.32750000000000007 0.30750000000000005 0.21600000000000003 0.62050000000000016 0.23650000000000002 54.422000000000004 0.31100000000000005 33.148000000000003 1.3415000000000001 0.34750000000000003
decision_type=2 2 2 2 2 2 2 2 2 2 2 2 2
left_child=1 -1 3 -2 -4 7 -7 10 -9 -10 -6 -12 -8
right_child=2 -3 4 -5 5 6 12 8 9 -11 11 -13 -14
leaf_value=0.0080853013504220521 0.0084676167176615802 -0.00084272366017103196 -0.0067090198727992349 -0.0032014702537230084 0 -0.0080013109585552501 0.00034427806283488411 0.0063973734489618204 0.0027322285622358323 -0.0021391186850401116 -0.00063771874914246227 -0.0047856206290943677 -0.0020136862320284691
leaf_weight=24 14.999999999999998 24 26 17 21 15.999999999999998 16.000000000000004 19 14.999999999999998 25 14.999999999999998 21 14.999999999999998
leaf_count=24 15 24 26 17 21 16 16 19 15 25 15 21 15
internal_value=-0.000383543 0.00345244 -0.00126776 0.00200684 -0.00187879 -0.001029 -0.00331691 -5.90647e-06 0.00189161 -5.42712e-05 -0.00214329 -0.00336371 -0.000493065
internal_weight=269 48 221 32 189 163 47 116 59 40 57 36 31
internal_count=269 48 221 32 189 163 47 116 59 40 57 36 31
is_linear=0
shrinkage=0.01


Tree=245
num_leaves=14
num_cat=0
split_feature=4 2 5 4 6 7 9 6 5 7 7 4 9
split_gain=5.61875 7.52823 5.54019 3.00147 3.2228 4.11168 2.34177 3.36486 1.17534 0.99563 0.956742 1.32636 1.09048
threshold=0.80750000000000022 0.21750000000000003 41.736000000000011 0.84150000000000003 1.2395000000000003 0.17050000000000004 0.70350000000000013 1.4815000000000003 40.847000000000008 0.17850000000000002 0.25050000000000006 0.91800000000000015 0.82450000000000012
decision_type=2 2 2 2 2 2 2 2 2 2 2 2 2
left_child=1 2 -1 8 9 6 7 -6 -2 -5 11 -7 -12
right_child=3 -3 -4 4 5 10 -8 -9 -10 -11 12 -13 -14
leaf_value=0.0095183645621422803 -0.0056507484337723832 -0.0023620207044813368 0.0015092474727307337 -0.0050703155068126879 0.00037306632474064829 0.0018321634132054546 -0.00020036465591854519 0.0068176562509366448 -0.00089093306612583897 -0.00068221813293569019 -0.0048538378265596208 -0.0017618791836331478 -0.00036691954093320031
leaf_weight=14.999999999999998 20 22 29 18 22 14.999999999999998 22 17 14.999999999999998 15.999999999999998 14.999999999999998 26 17
leaf_count=15 20 22 29 18 22 15 22 17 15 16 15 26 17
internal_value=-0.00038051 0.0020889 0.00454062 -0.00123567 -0.000604211 2.41482e-05 0.00200317 0.00348615 -0.0039338 -0.003335 -0.00149588 -0.00019979 -0.00282017
internal_weight=269 66 44 203 168 134 61 39 35 34 73 41 32
internal_count=269 66 44 203 168 134 61 39 35 34 73 41 32
is_linear=0
shrinkage=0.01


Tree=246
num_leaves=14
num_cat=0
split_feature=10 3 6 1 1 7 9 8 3 0 9 0 1
split_gain=8.72886 10.1861 4.33626 11.2823 6.84748 3.38838 5.28655 4.67129 5.19181 1.89951 1.87688 0.788822 0.558026
threshold=0.42250000000000004 63.661000000000008 1.1115000000000002 0.32750000000000007 0.30750000000000005 0.21600000000000003 0.62050000000000016 0.24950000000000003 54.422000000000004 0.65250000000000019 0.49450000000000005 0.74250000000000005 0.34750000000000003
decision_type=2 2 2 2 2 2 2 2 2 2 2 2 2
left_child=1 -1 3 -2 -4 7 -7 10 -9 -10 -6 -12 -8
right_child=2 -3 4 -5 5 6 12 8 9 -11 11 -13 -14
leaf_value=0.0079945582938285506 0.0083577664821378652 -0.00083400219374773457 -0.0066438271456731946 -0.0031475797295570374 -0.0051262869950263737 -0.0078944642649907068 0.0003523674629854433 0.0065189412406512675 0.0019272979279590207 -0.0025081555981721201 0 -0.0025636512137228447 -0.0019802757761170787
leaf_weight=24 14.999999999999998 24 26 17 14.999999999999998 15.999999999999998 16.000000000000004 17 21 17 31 14.999999999999998 14.999999999999998
leaf_count=24 15 24 26 17 15 16 16 17 21 17 31 15 15
internal_value=-0.000377851 0.003411 -0.00125176 0.00198347 -0.00185608 -0.00101325 -0.00326608 -4.52251e-06 0.00201127 0 -0.00198622 -0.00070312 -0.000472388
internal_weight=269 48 221 32 189 163 47 116 55 38 61 46 31
internal_count=269 48 221 32 189 163 47 116 55 38 61 46 31
is_linear=0
shrinkage=0.01


Tree=247
num_leaves=11
num_cat=0
split_feature=10 0 2 4 9 5 4 4 1 8
split_gain=8.55443 8.35006 4.28542 9.31982 4.01504 3.95788 2.66854 1.64892 0.731456 0.763283
threshold=0.42250000000000004 0.61250000000000016 0.22250000000000003 0.80750000000000022 0.5465000000000001 44.151000000000003 0.84150000000000003 0.88950000000000007 0.35750000000000004 0.17650000000000002
decision_type=2 2 2 2 2 2 2 2 2 2
left_child=1 -1 3 5 -4 -2 -5 -8 9 -9
right_child=2 -3 4 6 -6 -7 7 8 -10 -11
leaf_value=-0.00058893474849297653 0.0069479754643562508 0.007355100449503345 -0.0063999908072027295 -0.0048678779123084888 0 6.45959595354592e-05 0.00087594706458938231 -0.0025561227132048872 -0.0036673249094150008 -5.5760599280658519e-05
leaf_weight=23 19 25 27 24 14.999999999999998 20 28 22 19 47
leaf_count=23 19 25 27 24 15 20 28 22 19 47
internal_value=-0.000374656 0.00337557 -0.00124011 -0.00049673 -0.00412993 0.0037167 -0.0017507 -0.0010018 -0.00171383 -0.00100952
internal_weight=269 48 221 179 42 39 140 116 88 69
internal_count=269 48 221 179 42 39 140 116 88 69
is_linear=0
shrinkage=0.01


Tree=248
num_leaves=13
num_cat=0
split_feature=10 0 6 1 1 7 8 5 4 0 5 6
split_gain=8.38248 8.1937 4.22883 10.9839 6.71472 3.32113 4.55345 4.20361 2.95869 2.52937 1.34065 0.838552
threshold=0.42250000000000004 0.61250000000000016 1.1115000000000002 0.32750000000000007 0.30750000000000005 0.21600000000000003 0.24950000000000003 42.619000000000007 0.94750000000000012 0.65250000000000019 33.035500000000006 1.3415000000000001
decision_type=2 2 2 2 2 2 2 2 2 2 2 2
left_child=1 -1 3 -2 -4 6 10 9 -7 -8 -6 -12
right_child=2 -3 4 -5 5 8 7 -9 -10 -11 11 -13
leaf_value=-0.00058317055172742681 0.0082565216287489862 0.0072829914955860556 -0.0065664952986364102 -0.0030917214304208756 0 -0.0061616926058763411 0.0028424657796110426 0.0058907961563484093 -0.00060497337850657382 -0.0023326275706654644 -0.00055034153482743677 -0.004358160793781281
leaf_weight=23 14.999999999999998 25 26 17 21 20 17 18 27 20 17 23
leaf_count=23 15 25 26 17 21 20 17 18 27 20 17 23
internal_value=-0.000371317 0.00334045 -0.00122836 0.00196526 -0.00182561 -0.000990461 0 0.00199827 -0.00322003 0 -0.00194948 -0.00301352
internal_weight=269 48 221 32 189 163 116 55 47 37 61 40
internal_count=269 48 221 32 189 163 116 55 47 37 61 40
is_linear=0
shrinkage=0.01


Tree=249
num_leaves=11
num_cat=0
split_feature=10 3 2 4 9 6 4 1 8 1
split_gain=8.21681 9.66745 4.1525 9.04587 3.93695 2.79698 2.62181 1.61742 1.40938 2.1477
threshold=0.42250000000000004 63.661000000000008 0.22250000000000003 0.80750000000000022 0.5465000000000001 1.1355000000000002 0.84150000000000003 0.35750000000000004 0.16450000000000004 0.33250000000000007
decision_type=2 2 2 2 2 2 2 2 2 2
left_child=1 -1 3 5 -4 -2 -5 8 -8 -10
right_child=2 -3 4 6 -6 -7 7 -9 9 -11
leaf_value=0.0077728506466563868 0.0071212896608537244 -0.00082080354153805848 -0.0063103949292139571 -0.0048100785097601462 0 0.0009958125863756453 -0.00309364429104232 -0.0035086992833503455 -0.0014151937037093355 0.0018153743769030973
leaf_weight=24 14.999999999999998 24 27 24 14.999999999999998 24 14.999999999999998 21 39 41
leaf_count=24 15 24 27 24 15 24 15 21 39 41
internal_value=-0.000368636 0.00330567 -0.00121748 -0.000484792 -0.00406241 0.00366525 -0.00172098 -0.000978117 -0.000298572 0.000117241
internal_weight=269 48 221 179 42 39 140 116 95 80
internal_count=269 48 221 179 42 39 140 116 95 80
is_linear=0
shrinkage=0.01


Tree=250
num_leaves=13
num_cat=0
split_feature=10 3 6 1 1 7 8 3 4 0 6 4
split_gain=8.05159 9.48539 4.09156 10.6645 6.57062 3.26272 4.46379 5.10055 2.86603 1.7894 1.15954 1.53419
threshold=0.42250000000000004 63.661000000000008 1.1115000000000002 0.32750000000000007 0.30750000000000005 0.21600000000000003 0.24950000000000003 54.422000000000004 0.94750000000000012 0.65250000000000019 1.3415000000000001 0.94950000000000012
decision_type=2 2 2 2 2 2 2 2 2 2 2 2
left_child=1 -1 3 -2 -4 6 10 -8 -7 -9 -6 -12
right_child=2 -3 4 -5 5 8 7 9 -10 -11 11 -13
leaf_value=0.0076967085761075115 0.0081350820775954961 -0.0008127631520738407 -0.0064834880762083347 -0.0030437385695321218 0 -0.0060729603494358497 0.0064609501276697437 0.0018688145366518997 -0.00059549570896408777 -0.0024360630533524922 -0.0056032277451407517 -0.00064952861790249991
leaf_weight=24 14.999999999999998 24 26 17 26 20 17 21 27 17 14.999999999999998 20
leaf_count=24 15 24 26 17 26 20 17 21 27 17 15 20
internal_value=-0.00036533 0.00327127 -0.00120593 0.00193318 -0.00179389 -0.00096715 0 0.00199306 -0.00317625 0 -0.00191662 -0.00310325
internal_weight=269 48 221 32 189 163 116 55 47 38 61 35
internal_count=269 48 221 32 189 163 116 55 47 38 61 35
is_linear=0
shrinkage=0.01


Tree=251
num_leaves=14
num_cat=0
split_feature=10 3 2 7 6 9 6 6 8 8 7 7 7
split_gain=7.89434 9.30681 4.03077 4.06949 4.84622 3.85418 3.84932 2.08935 1.92657 1.82471 1.82153 0.813792 0.356697
threshold=0.42250000000000004 63.661000000000008 0.22250000000000003 0.073000000000000009 1.1355000000000002 0.5465000000000001 1.2655000000000001 1.8165000000000002 0.30050000000000004 0.19350000000000003 0.16550000000000004 0.17850000000000002 0.17350000000000002
decision_type=2 2 2 2 2 2 2 2 2 2 2 2 2
left_child=1 -1 3 4 -2 -4 -6 8 9 11 -10 -5 -11
right_child=2 -3 5 7 6 -7 -8 -9 10 12 -12 -13 -14
leaf_value=0.0076213121102476616 0.0065272469578250758 -0.0008048013818203187 -0.0062232475341721018 -0.0038810108057581462 -0.0033503754718883618 0 0.0032777439052182615 0.001691224031871365 -0.0062698398228432685 0.0015707203527776208 -0.001251338155979806 -0.00030836306262488773 0
leaf_weight=24 14.999999999999998 24 27 19 18 14.999999999999998 15.999999999999998 14.999999999999998 18 20 23 20 14.999999999999998
leaf_count=24 15 24 27 19 18 15 16 15 18 20 23 20 15
internal_value=-0.000363104 0.00323721 -0.00119576 -0.000473025 0.00188431 -0.00399889 0 -0.001442 -0.00194282 -0.000791902 -0.00374454 -0.00232914 0.000648012
internal_weight=269 48 221 179 49 42 34 130 115 74 41 39 35
internal_count=269 48 221 179 49 42 34 130 115 74 41 39 35
is_linear=0
shrinkage=0.01


Tree=252
num_leaves=12
num_cat=0
split_feature=1 8 7 7 7 7 3 4 7 4 9
split_gain=5.33113 6.36264 7.50422 5.04273 2.65448 4.38551 4.28259 6.01434 1.43048 1.33023 0.835368
threshold=0.35250000000000004 0.49250000000000005 0.18300000000000002 0.22750000000000004 0.0095000000000000015 0.041500000000000009 61.06900000000001 0.89300000000000013 0.27500000000000008 0.87700000000000011 0.67000000000000015
decision_type=2 2 2 2 2 2 2 2 2 2 2
left_child=1 2 4 -4 -1 -6 7 -7 -5 -8 -2
right_child=10 -3 3 8 5 6 9 -9 -10 -11 -12
leaf_value=-0.00062398651812938931 -0.0012241970278246671 -0.0058972511849095747 -0.0055374183764263073 0.001679759815189184 0.0072660183431341868 0.0067617781803404036 -0.0017053939245830654 -0.00011107381936666128 -0.001909450861888054 0.0016335759905947223 -0.0045944708446830004
leaf_weight=23 24 14.999999999999998 24 25 19 28 29 18 19 18 29
leaf_count=23 24 15 24 25 19 28 29 18 19 18 29
internal_value=-0.000439826 0.000211062 0.000724935 -0.00189879 0.00212245 0.0027756 0.0017173 0.00388507 0 -0.000212378 -0.00328093
internal_weight=271 218 203 68 135 112 93 46 44 47 53
internal_count=271 218 203 68 135 112 93 46 44 47 53
is_linear=0
shrinkage=0.01


Tree=253
num_leaves=14
num_cat=0
split_feature=1 8 4 3 10 1 6 10 10 9 2 10 8
split_gain=5.22941 6.23835 6.62886 2.67933 10.7334 4.06661 5.66239 3.17149 1.31485 0.812594 0.478995 0.380911 0.197073
threshold=0.35250000000000004 0.49250000000000005 0.88350000000000006 63.159500000000001 0.42750000000000005 0.32250000000000006 1.1250000000000002 0.45750000000000007 0.42750000000000005 0.67000000000000015 0.19750000000000004 0.43750000000000006 0.23650000000000002
decision_type=2 2 2 2 2 2 2 2 2 2 2 2 2
left_child=1 2 3 4 -1 6 -5 -6 -4 -2 11 -10 -12
right_child=9 -3 8 5 7 -7 -8 -9 10 -11 12 -13 -14
leaf_value=0.010494730266077177 -0.0012122048621959224 -0.005840181258897628 -0.0029881552985664139 0.0071838410919712438 -0.0011280031630417843 -0.0030833785001792621 -0.00062290020991821553 0.0040596832430515534 0 -0.0045493048353720525 0.0013158892143157216 -0.0022927908743581465 0
leaf_weight=17 24 14.999999999999998 29 14.999999999999998 25 18 18 19 17 29 15.000000000000002 14.999999999999998 14.999999999999998
leaf_count=17 24 15 29 15 25 18 18 19 17 29 15 15 15
internal_value=-0.000436611 0.000207614 0.000716886 0.00237192 0.00380581 0.000442396 0.00268137 0.000907859 -0.00121262 -0.00325053 -0.000204863 -0.00115546 0.000483563
internal_weight=271 218 203 112 61 51 33 44 91 53 62 32 30
internal_count=271 218 203 112 61 51 33 44 91 53 62 32 30
is_linear=0
shrinkage=0.01


Tree=254
num_leaves=11
num_cat=0
split_feature=5 8 7 7 4 5 5 5 5 5
split_gain=4.99182 6.75505 8.80301 5.79479 5.68082 2.30825 1.9899 1.05685 2.08699 3.10978
threshold=43.567500000000003 0.43750000000000006 0.041500000000000009 0.11950000000000001 0.78200000000000014 39.426000000000009 41.147000000000006 30.199500000000004 37.048000000000009 35.010500000000008
decision_type=2 2 2 2 2 2 2 2 2 2
left_child=1 2 -1 4 -2 7 -7 -4 9 -9
right_child=3 -3 5 -5 -6 6 -8 8 -10 -11
leaf_value=0.0046910485629001108 0.0038561646904676189 -0.0075629718241191678 -0.0042414505034685133 0.0061268591036399206 -0.0044027718997427393 0.0030514821123231103 -0.0012118387792972808 -0.00173052860991119 -0.004048716494778417 0.0027140974692809279
leaf_weight=26 14.999999999999998 14.999999999999998 24 22 17 18 23 66 26 19
leaf_count=26 15 15 24 22 17 18 23 66 26 19
internal_value=-0.000433608 -0.00114161 -0.0005979 0.00221241 -0.000223937 -0.00144696 0.000433113 -0.00209123 -0.0015197 -0.000610003
internal_weight=271 217 202 54 32 176 41 135 111 85
internal_count=271 217 202 54 32 176 41 135 111 85
is_linear=0
shrinkage=0.01


Tree=255
num_leaves=13
num_cat=0
split_feature=1 8 7 7 7 5 8 9 7 7 3 9
split_gain=5.10172 6.07797 7.20801 4.91411 2.64717 5.901 1.8821 6.90487 1.5928 1.38503 0.797193 1.3334
threshold=0.35250000000000004 0.49250000000000005 0.18300000000000002 0.22750000000000004 0.0095000000000000015 43.567500000000003 0.26250000000000007 0.46700000000000008 0.10300000000000001 0.27500000000000008 58.968500000000006 0.67000000000000015
decision_type=2 2 2 2 2 2 2 2 2 2 2 2
left_child=1 2 4 -4 -1 6 8 -8 -6 -5 11 -2
right_child=10 -3 3 9 5 -7 7 -9 -10 -11 -12 -13
leaf_value=-0.00066634998359578717 0 -0.0057620011678626458 -0.0054527403201375694 0.0016665546135867344 0.0020214116950896944 0.0066596861189957392 -0.00032389375519879321 0.0077792186673843501 -0.0017770812386330567 -0.0018629902906906913 -0.0050194772024270756 -0.0036702118452751277
leaf_weight=23 15.999999999999998 14.999999999999998 24 25 18 29 23 15.999999999999998 26 19 21 15.999999999999998
leaf_count=23 16 15 24 25 18 29 23 16 26 19 21 16
internal_value=-0.000429322 0.000206482 0.000709716 -0.00186019 0.00208008 0.00273342 0.00121017 0.00280369 0 0 -0.00320892 -0.00165411
internal_weight=271 218 203 68 135 112 83 39 44 44 53 32
internal_count=271 218 203 68 135 112 83 39 44 44 53 32
is_linear=0
shrinkage=0.01


Tree=256
num_leaves=11
num_cat=0
split_feature=1 8 7 7 7 5 6 6 7 6
split_gain=5.00157 5.95924 7.06656 4.81822 2.59972 5.7826 2.21146 7.12619 1.35809 0.765774
threshold=0.35250000000000004 0.49250000000000005 0.18300000000000002 0.22750000000000004 0.0095000000000000015 43.567500000000003 1.1285000000000001 1.2555000000000003 0.27500000000000008 1.5260000000000002
decision_type=2 2 2 2 2 2 2 2 2 2
left_child=1 2 4 -4 -1 6 -6 -8 -5 -2
right_child=9 -3 3 8 5 -7 7 -9 -10 -11
leaf_value=-0.00065982824627389299 -0.0042858417410260212 -0.0057062398570199169 -0.0053993256846252757 0.0016502157408817143 0.0042811935858146563 0.0065942180156707761 -0.004742407305643727 0.0024355256541942556 -0.0018448381183239129 -0.00096493507367233905
leaf_weight=23 32 14.999999999999998 24 25 18 29 19 46 19 21
leaf_count=23 32 15 24 25 18 29 19 46 19 21
internal_value=-0.000426002 0.000203096 0.000701834 -0.001842 0.00205904 0.00270672 0.00119733 0.000164504 0 -0.00317824
internal_weight=271 218 203 68 135 112 83 65 44 53
internal_count=271 218 203 68 135 112 83 65 44 53
is_linear=0
shrinkage=0.01


Tree=257
num_leaves=12
num_cat=0
split_feature=5 7 5 7 4 5 5 5 5 5 3
split_gain=4.71835 6.41563 7.24966 5.75605 5.55486 1.40858 2.78017 1.97974 3.13356 0.580792 0.81405
threshold=43.567500000000003 0.041500000000000009 38.146000000000008 0.11950000000000001 0.78200000000000014 39.426000000000009 41.147000000000006 37.048000000000009 35.010500000000008 30.199500000000004 53.215000000000011
decision_type=2 2 2 2 2 2 2 2 2 2 2
left_child=1 2 -1 4 -2 7 -7 8 9 -3 -11
right_child=3 5 -4 -5 -6 6 -8 -9 -10 10 -12
leaf_value=0.007936058173316619 0.0037460688237221013 -0.0041553527398072946 -0.0013391079393125348 0.0060535269379615791 -0.0044112921782902314 0.0025797247702781206 -0.0024113851873313681 -0.0048182703949258485 0.0013525699519989444 -0.0039093078540698174 -0.00080548513798242062
leaf_weight=15.000000000000002 14.999999999999998 24 14.999999999999998 22 17 19 25 29 24 14.999999999999998 51
leaf_count=15 15 24 15 22 17 19 25 29 24 15 51
internal_value=-0.000422637 -0.0011118 0.00302468 0.00214809 -0.000281032 -0.00183504 -2.66447e-05 -0.00231975 -0.00157856 -0.00247384 -0.00168536
internal_weight=271 217 30 54 32 187 44 143 114 90 66
internal_count=271 217 30 54 32 187 44 143 114 90 66
is_linear=0
shrinkage=0.01


Tree=258
num_leaves=11
num_cat=0
split_feature=1 8 7 7 7 5 6 6 7 9
split_gain=4.86663 5.86813 6.84794 4.71156 2.57909 5.61007 2.1681 6.97935 1.32914 0.78128
threshold=0.35250000000000004 0.49250000000000005 0.18300000000000002 0.22750000000000004 0.0095000000000000015 43.567500000000003 1.1285000000000001 1.2555000000000003 0.27500000000000008 0.67000000000000015
decision_type=2 2 2 2 2 2 2 2 2 2
left_child=1 2 4 -4 -1 6 -6 -8 -5 -2
right_child=9 -3 3 8 5 -7 7 -9 -10 -11
leaf_value=-0.00067574131361981663 -0.0011325237770773927 -0.0056622791843068208 -0.005324800634870723 0.0016466135546272876 0.0042435139780108997 0.0065096326513310607 -0.0046892247733492879 0.0024138228685384798 -0.0018084614265423554 -0.0044039162273629235
leaf_weight=23 24 14.999999999999998 24 25 18 29 19 46 19 29
leaf_count=23 24 15 24 25 18 29 19 46 19 29
internal_value=-0.000418783 0.000201203 0.000696453 -0.00180634 0.00203293 0.0026786 0.00118932 0.000164929 0 -0.00313388
internal_weight=271 218 203 68 135 112 83 65 44 53
internal_count=271 218 203 68 135 112 83 65 44 53
is_linear=0
shrinkage=0.01


Tree=259
num_leaves=11
num_cat=0
split_feature=1 8 7 7 7 5 6 6 7 6
split_gain=4.77482 5.75417 6.71543 4.61962 2.53379 5.4953 2.12615 6.84357 1.30329 0.771945
threshold=0.35250000000000004 0.49250000000000005 0.18300000000000002 0.22750000000000004 0.0095000000000000015 43.567500000000003 1.1285000000000001 1.2555000000000003 0.27500000000000008 1.5260000000000002
decision_type=2 2 2 2 2 2 2 2 2 2
left_child=1 2 4 -4 -1 6 -6 -8 -5 -2
right_child=9 -3 3 8 5 -7 7 -9 -10 -11
leaf_value=-0.00066912768051979388 -0.0042082639587326691 -0.0056074830457087492 -0.0052726392295895782 0.0016304702457844043 0.0042022258526570088 0.0064456397610700737 -0.0046435349014325019 0.0023899442334008474 -0.0017908405455259178 -0.00089975986369820527
leaf_weight=23 32 14.999999999999998 24 25 18 29 19 46 19 21
leaf_count=23 32 15 24 25 18 29 19 46 19 21
internal_value=-0.000415495 0.000198199 0.000689054 -0.00178867 0.00201289 0.00265308 0.00117754 0.00016158 0 -0.00310492
internal_weight=271 218 203 68 135 112 83 65 44 53
internal_count=271 218 203 68 135 112 83 65 44 53
is_linear=0
shrinkage=0.01


Tree=260
num_leaves=12
num_cat=0
split_feature=1 8 7 7 7 7 0 6 6 7 9
split_gain=4.68468 5.64242 6.5855 4.52948 2.48934 4.14006 3.58511 3.28202 1.67078 1.27793 0.76957
threshold=0.35250000000000004 0.49250000000000005 0.18300000000000002 0.22750000000000004 0.0095000000000000015 0.041500000000000009 0.64750000000000008 1.5260000000000002 1.1955000000000002 0.27500000000000008 0.67000000000000015
decision_type=2 2 2 2 2 2 2 2 2 2 2
left_child=1 2 4 -4 -1 -6 8 -8 -7 -5 -2
right_child=10 -3 3 9 5 6 7 -9 -10 -11 -12
leaf_value=-0.00066257870894797307 -0.0010910090802095436 -0.0055532169798689504 -0.0052209888976447443 0.0016144853143715391 0.0069881567607323327 0.0013673696340229669 0.0064110611743397189 0.0001623992335337859 -0.0022116090282797811 -0.001773391291499138 -0.0043338338822378952
leaf_weight=23 24 14.999999999999998 24 25 19 30 22 19 22 19 29
leaf_count=23 24 15 24 25 19 30 22 19 22 19 29
internal_value=-0.000412232 0.000195226 0.000681728 -0.00177118 0.00199305 0.00262781 0.00159742 0.00379315 0 0 -0.00307622
internal_weight=271 218 203 68 135 112 93 41 52 44 53
internal_count=271 218 203 68 135 112 93 41 52 44 53
is_linear=0
shrinkage=0.01


Tree=261
num_leaves=13
num_cat=0
split_feature=2 5 1 1 6 6 4 7 3 10 4 6
split_gain=8.00751 2.00715 2.76746 6.30094 3.9593 1.6779 1.3961 3.08128 0.856642 0.537201 0.506384 0.358891
threshold=0.16750000000000004 39.426000000000009 0.31250000000000006 0.33750000000000008 1.2375000000000003 1.2425000000000004 0.92250000000000021 0.041500000000000009 61.69700000000001 0.46750000000000008 0.98650000000000004 1.3870000000000002
decision_type=2 2 2 2 2 2 2 2 2 2 2 2
left_child=-1 6 4 5 -3 -4 7 -2 -9 -5 -8 -12
right_child=1 2 3 9 -6 -7 10 8 -10 -11 11 -13
leaf_value=0.0050555335505064148 2.1892007320157945e-05 0.00050762450269290383 0.00070248626713310513 -0.0034071943401208812 -0.0057119820850926473 0.0061169064111816574 0 -0.0028303133892053269 -0.0070102913700269935 -7.1956251348767957e-05 0 -0.0024744939526661915
leaf_weight=21 14.999999999999998 17 14.999999999999998 14.999999999999998 18 19 29 29 15.999999999999998 17 17 23
leaf_count=21 15 17 15 15 18 19 29 29 16 17 17 23
internal_value=-0.000691704 -0.00126966 -0.000105328 0.000993947 -0.00244474 0.00406285 -0.00210013 -0.00328636 -0.00459701 -0.00197141 -0.000908519 -0.00163302
internal_weight=251 230 101 66 35 34 129 60 45 32 69 40
internal_count=251 230 101 66 35 34 129 60 45 32 69 40
is_linear=0
shrinkage=0.01


Tree=262
num_leaves=13
num_cat=0
split_feature=2 5 4 4 9 1 9 7 10 4 8 7
split_gain=7.85494 1.97026 2.71661 4.227 3.91045 7.31379 1.72214 2.81584 1.30867 0.814832 0.633545 0.0621201
threshold=0.16750000000000004 39.426000000000009 0.84550000000000003 0.88950000000000007 0.34750000000000003 0.31250000000000006 0.7835000000000002 0.041500000000000009 0.46750000000000008 1.0085000000000002 0.18550000000000003 0.10600000000000001
decision_type=2 2 2 2 2 2 2 2 2 2 2 2
left_child=-1 6 4 -4 -3 -6 7 -2 -9 -8 -11 -7
right_child=1 2 3 -5 5 11 9 8 -10 10 -12 -13
leaf_value=0.0050061538468959719 2.1680081563611184e-05 0.0027567874207612007 0.0060266605596388549 -0.00061697897262489188 -0.0070834163394239216 0.00067002254988877995 0.00046764450659062348 -0.0054187846918900811 -0.0010996411155377115 0 -0.0031364413644328262 0
leaf_weight=21 14.999999999999998 14.999999999999998 14.999999999999998 19 22 15.000000000000002 25 37 17 19 15.999999999999998 14.999999999999998
leaf_count=21 15 15 15 19 22 15 25 37 17 19 16 15
internal_value=-0.000685167 -0.00125792 -0.000103381 0.00206905 -0.00136112 -0.00275439 -0.00208076 -0.00319586 -0.0042651 -0.000617296 -0.00166962 0.000156437
internal_weight=251 230 101 34 67 52 129 69 54 60 35 30
internal_count=251 230 101 34 67 52 129 69 54 60 35 30
is_linear=0
shrinkage=0.01


Tree=263
num_leaves=13
num_cat=0
split_feature=2 5 4 4 9 1 9 7 10 4 8 6
split_gain=7.70358 1.93403 2.65649 4.1495 3.83613 7.17369 1.6848 2.76895 1.27445 0.801785 0.618905 0.381202
threshold=0.16750000000000004 39.426000000000009 0.84550000000000003 0.88950000000000007 0.34750000000000003 0.31250000000000006 0.7835000000000002 0.041500000000000009 0.46750000000000008 1.0085000000000002 0.18550000000000003 1.2225000000000004
decision_type=2 2 2 2 2 2 2 2 2 2 2 2
left_child=-1 6 4 -4 -3 -6 7 -2 -9 -8 -11 -7
right_child=1 2 3 -5 5 11 9 8 -10 10 -12 -13
leaf_value=0.0049572565666464877 2.1470216733794058e-05 0.0027301086809846664 0.0059683379050224066 -0.00061096734152390412 -0.0070141562720139813 -0.00054104014269767259 0.00046305972790601204 -0.0053653193774322672 -0.001088958882859775 0 -0.0031060273087385932 0.0014875450688264064
leaf_weight=21 14.999999999999998 14.999999999999998 14.999999999999998 19 22 15.000000000000002 25 37 17 19 15.999999999999998 14.999999999999998
leaf_count=21 15 15 15 19 22 15 25 37 17 19 16 15
internal_value=-0.00067809 -0.00124564 -0.000100844 0.00204624 -0.00134564 -0.00272662 -0.00206089 -0.00316437 -0.00422489 -0.000610934 -0.00165548 0.000153142
internal_weight=251 230 101 34 67 52 129 69 54 60 35 30
internal_count=251 230 101 34 67 52 129 69 54 60 35 30
is_linear=0
shrinkage=0.01


Tree=264
num_leaves=14
num_cat=0
split_feature=2 5 4 4 9 1 9 10 6 4 8 6 9
split_gain=7.55563 1.89752 2.59866 4.07345 3.76438 7.03388 1.64822 1.83471 1.00324 0.788967 0.604568 0.37415 0.264829
threshold=0.16750000000000004 39.426000000000009 0.84550000000000003 0.88950000000000007 0.34750000000000003 0.31250000000000006 0.7835000000000002 0.44750000000000006 1.4130000000000003 1.0085000000000002 0.18550000000000003 1.2225000000000004 0.49750000000000005
decision_type=2 2 2 2 2 2 2 2 2 2 2 2 2
left_child=-1 6 4 -4 -3 -6 7 12 -9 -8 -11 -7 -2
right_child=1 2 3 -5 5 11 9 8 -10 10 -12 -13 -14
leaf_value=0.004908836913663288 -0.0065129462395395552 0.0027036883888555867 0.0059105798313694611 -0.00060501431759733425 -0.0069455733663505983 -0.00053580442203148709 0.00045852002340788936 0 -0.0028980869079965194 0 -0.0030759082689429773 0.0014731494223158208 -0.0024736704388933798
leaf_weight=21 17 14.999999999999998 14.999999999999998 19 22 15.000000000000002 25 19 18 19 15.999999999999998 14.999999999999998 14.999999999999998
leaf_count=21 17 15 15 19 22 15 25 19 18 19 16 15 15
internal_value=-0.000671252 -0.00123367 -9.87505e-05 0.00202366 -0.00133095 -0.00269993 -0.00204121 -0.00313319 -0.00121168 -0.000604633 -0.00164148 0.000148487 -0.00499441
internal_weight=251 230 101 34 67 52 129 69 37 60 35 30 32
internal_count=251 230 101 34 67 52 129 69 37 60 35 30 32
is_linear=0
shrinkage=0.01


Tree=265
num_leaves=14
num_cat=0
split_feature=2 5 4 4 9 5 9 7 0 4 8 8 7
split_gain=7.41216 1.86404 2.54202 3.99883 3.694 2.4065 1.61555 2.71822 1.28104 0.776374 0.647712 0.590527 0.246656
threshold=0.16750000000000004 39.426000000000009 0.84550000000000003 0.88950000000000007 0.34750000000000003 43.938500000000012 0.7835000000000002 0.041500000000000009 0.75250000000000006 1.0085000000000002 0.21300000000000002 0.18550000000000003 0.08450000000000002
decision_type=2 2 2 2 2 2 2 2 2 2 2 2 2
left_child=-1 6 4 -4 -3 12 7 -2 10 -8 -9 -11 -6
right_child=1 2 3 -5 5 -7 9 8 -10 11 -12 -13 -14
leaf_value=0.0048608900849209276 4.9939631454406244e-05 0.0026775235412341935 0.0058533805704885913 -0.00059911934802165398 0 -0.0052076894926528141 0.00045402467323868884 -0.0022158747514890087 -0.0007644209409913709 0 -0.0065443253745229883 -0.0030460812811824406 -0.0013996861250169816
leaf_weight=21 14.999999999999998 14.999999999999998 14.999999999999998 19 15.000000000000002 22 25 14.999999999999998 14.999999999999998 19 24 15.999999999999998 14.999999999999998
leaf_count=21 15 15 15 19 15 22 25 15 15 19 24 16 15
internal_value=-0.000665062 -0.00122244 -9.66792e-05 0.00200129 -0.00131641 -0.00267351 -0.00202285 -0.00310441 -0.00415652 -0.000598393 -0.00518182 -0.00162762 -0.000432332
internal_weight=251 230 101 34 67 52 129 69 54 60 39 35 30
internal_count=251 230 101 34 67 52 129 69 54 60 39 35 30
is_linear=0
shrinkage=0.01


Tree=266
num_leaves=14
num_cat=0
split_feature=2 5 4 4 9 1 9 10 6 4 8 6 9
split_gain=7.27133 1.83031 2.48699 3.9256 3.62544 6.87954 1.58289 1.79092 0.981571 0.764002 0.576778 0.37012 0.257823
threshold=0.16750000000000004 39.426000000000009 0.84550000000000003 0.88950000000000007 0.34750000000000003 0.31250000000000006 0.7835000000000002 0.44750000000000006 1.4130000000000003 1.0085000000000002 0.18550000000000003 1.2225000000000004 0.49750000000000005
decision_type=2 2 2 2 2 2 2 2 2 2 2 2 2
left_child=-1 6 4 -4 -3 -6 7 12 -9 -8 -11 -7 -2
right_child=1 2 3 -5 5 11 9 8 -10 10 -12 -13 -14
leaf_value=0.0048134116655172308 -0.0064144892852221217 0.0026516122238770608 0.0057967351040532512 -0.00059328173597653707 -0.0068480205403433905 -0.0005059452871641804 0.0004495735079342244 0 -0.0028464859567985342 0 -0.0030165435396360628 0.0014786535315215589 -0.0024158035915705467
leaf_weight=21 17 14.999999999999998 14.999999999999998 19 22 15.000000000000002 25 19 18 19 15.999999999999998 14.999999999999998 14.999999999999998
leaf_count=21 17 15 15 19 22 15 25 19 18 19 16 15 15
internal_value=-0.000658886 -0.00121127 -9.48088e-05 0.00197914 -0.00130227 -0.00264769 -0.00200444 -0.00307549 -0.00117461 -0.000592213 -0.00161389 0.000166458 -0.0049138
internal_weight=251 230 101 34 67 52 129 69 37 60 35 30 32
internal_count=251 230 101 34 67 52 129 69 37 60 35 30 32
is_linear=0
shrinkage=0.01


Tree=267
num_leaves=12
num_cat=0
split_feature=9 10 9 7 7 8 5 9 9 0 0
split_gain=3.98902 5.64759 2.59745 2.35668 3.12425 2.31789 3.08257 1.99732 0.654707 0.634697 1.67584
threshold=0.40550000000000008 0.43250000000000005 0.50850000000000006 0.077500000000000013 0.15150000000000002 0.24950000000000003 39.647500000000008 0.37550000000000006 1.3525000000000003 0.64250000000000018 0.76750000000000018
decision_type=2 2 2 2 2 2 2 2 2 2 2
left_child=1 -1 3 -2 -5 8 -7 -3 9 -4 -11
right_child=2 7 5 4 -6 6 -8 -9 -10 10 -12
leaf_value=0.0048110221414581732 -0.0053354229085278097 -0.0030972101244815561 -0.0033333039500496602 0.0016670243772012848 -0.0041034356941069879 -0.00063000176271254377 0.0044289428821286643 0.0013512345042920881 0 0.00087748144681637106 -0.0032268382812088189
leaf_weight=28 28 21 27 17 17 27 18 14.999999999999998 18 19 15.999999999999998
leaf_count=28 28 21 27 17 17 27 18 15 18 19 16
internal_value=-0.0006528 0.00141811 -0.00141679 -0.00311515 -0.000946006 -0.000485663 0.00120023 -0.0009766 -0.00155976 -0.00204476 -0.000736111
internal_weight=251 64 187 62 34 125 45 36 80 62 35
internal_count=251 64 187 62 34 125 45 36 80 62 35
is_linear=0
shrinkage=0.01


Tree=268
num_leaves=14
num_cat=0
split_feature=2 5 1 1 6 6 9 7 0 8 7 5 1
split_gain=7.09667 1.77657 2.39478 6.01939 3.71035 1.60218 1.54854 2.66311 1.2716 0.624227 0.328128 0.239974 0.222736
threshold=0.16750000000000004 39.426000000000009 0.31250000000000006 0.33750000000000008 1.2375000000000003 1.2425000000000004 0.7835000000000002 0.041500000000000009 0.75250000000000006 0.21300000000000002 0.17850000000000002 32.039500000000011 0.34750000000000003
decision_type=2 2 2 2 2 2 2 2 2 2 2 2 2
left_child=-1 6 4 5 -3 -4 7 -2 9 -9 -8 -12 -5
right_child=1 2 3 12 -6 -7 10 8 -10 -11 11 -13 -14
leaf_value=0.0047590693762136057 8.7437248157878086e-05 0.00057411577020372658 0.00063486387592650228 -0.0030709691225521024 -0.0054463829200815505 0.0059331056991448776 -0.0017378907565559661 -0.0021632221353150185 -0.00070590720992655528 -0.0064362571646972575 -0.00095921454170869809 0.00052302441468425826 -0.00036953576760632647
leaf_weight=21 14.999999999999998 17 14.999999999999998 14.999999999999998 18 19 17 14.999999999999998 14.999999999999998 24 18 25 17
leaf_count=21 15 17 15 15 18 19 17 15 15 24 18 25 17
internal_value=-0.000646314 -0.00119249 -9.10542e-05 0.000924347 -0.00227355 0.00392858 -0.00197395 -0.00303316 -0.00407633 -0.00509413 -0.000575561 0 -0.00197129
internal_weight=251 230 101 66 35 34 129 69 54 39 60 43 32
internal_count=251 230 101 66 35 34 129 69 54 39 60 43 32
is_linear=0
shrinkage=0.01


Tree=269
num_leaves=12
num_cat=0
split_feature=2 3 4 3 10 4 7 1 1 10 3
split_gain=6.96215 0.963938 3.78347 2.51441 2.35764 2.8381 2.79888 4.07224 6.56153 1.33651 1.19266
threshold=0.16750000000000004 65.575500000000019 0.91550000000000009 69.971000000000018 0.43250000000000005 0.89300000000000013 0.18900000000000003 0.31250000000000006 0.33750000000000008 0.48250000000000004 57.279500000000006
decision_type=2 2 2 2 2 2 2 2 2 2 2
left_child=-1 4 3 -3 5 -2 7 -6 -9 -10 -8
right_child=1 2 -4 -5 6 -7 10 8 9 -11 -12
leaf_value=0.0047125854603079862 0.0038889542057417158 -0.0075264045280037505 0.00025707324748212585 -0.001113510651247842 -0.0040117447959880032 -0.001337213893279885 -0.0014896875972097571 0.0048541286939157635 -0.0027232807835465985 0.00051364741258082855 -0.0056384547175587834
leaf_weight=21 21 15.999999999999998 24 17 22 15.999999999999998 27 26 28 14.999999999999998 18
leaf_count=21 21 16 24 17 22 16 27 26 28 15 18
internal_value=-0.000640415 -0.00118171 -0.00238911 -0.00458723 -0.000720525 0.00137463 -0.00136674 -0.000232588 0.000848668 -0.00137131 -0.0034127
internal_weight=251 230 57 33 173 37 136 91 69 43 45
internal_count=251 230 57 33 173 37 136 91 69 43 45
is_linear=0
shrinkage=0.01


Tree=270
num_leaves=13
num_cat=0
split_feature=5 10 9 3 5 7 5 1 3 4 7 7
split_gain=7.13694 4.81666 7.11 4.07803 5.85053 2.5278 3.2023 4.56172 4.48301 1.9514 0.296251 0.914937
threshold=43.567500000000003 0.43250000000000005 0.43250000000000005 49.281500000000008 33.440000000000005 0.037000000000000005 39.426000000000009 0.31750000000000006 59.850500000000004 0.90950000000000009 0.19350000000000003 0.13150000000000003
decision_type=2 2 2 2 2 2 2 2 2 2 2 2
left_child=3 -2 -3 -1 10 -6 7 -7 -8 -9 11 -5
right_child=1 2 -4 4 5 6 8 9 -10 -11 -12 -13
leaf_value=-0.0054629142960267406 0.0069726281236250735 -0.0026528547919458813 0.0060546784054848462 -0.0032118936483898465 0.0039629269200702043 0.003418086220256307 0.0067018863654905751 -0.0047993740472528669 0 -0.00061353785917162896 -0.0039055339808738423 0
leaf_weight=17 21 22 14.999999999999998 15.000000000000002 21 15.999999999999998 14.999999999999998 22 21 36 31 14.999999999999998
leaf_count=17 21 22 15 15 21 16 15 22 21 36 31 15
internal_value=2.28342e-05 0.00314649 0.000644221 -0.000801726 -0.000323951 0.00080868 0.000100801 -0.000993042 0.00260603 -0.00239966 -0.00290572 -0.00149763
internal_weight=267 58 37 209 192 131 110 74 36 58 61 30
internal_count=267 58 37 209 192 131 110 74 36 58 61 30
is_linear=0
shrinkage=0.01


Tree=271
num_leaves=13
num_cat=0
split_feature=5 10 9 6 5 2 6 8 6 9 10 5
split_gain=7.00088 4.72134 6.9739 4.30268 4.29173 3.08124 3.4259 3.28448 1.3952 1.51328 0.631542 0.146718
threshold=43.567500000000003 0.43250000000000005 0.43250000000000005 1.7575000000000001 33.440000000000005 0.20250000000000004 1.4815000000000003 0.30650000000000005 1.2725000000000002 0.60600000000000009 0.43750000000000006 39.839500000000008
decision_type=2 2 2 2 2 2 2 2 2 2 2 2
left_child=3 -2 -3 4 10 6 7 -6 -7 -10 -1 -9
right_child=1 2 -4 -5 5 8 -8 11 9 -11 -12 -13
leaf_value=-0.00075425283196899637 0.0069045233261652373 -0.0026269156965944502 0.0059960847179735864 -0.0044224974535928482 0.0030435062790194812 0.00054004763794499781 0.0054714364458828468 -0.0023787000228560735 -0.0047040425962017419 0 -0.0038179880459057658 -2.1164632372317775e-05
leaf_weight=22 21 22 14.999999999999998 28 29 21 21 15.000000000000002 15.000000000000002 14.999999999999998 28 14.999999999999998
leaf_count=22 21 22 15 28 29 21 21 15 15 15 28 15
internal_value=2.18051e-05 0.00311591 0.000635566 -0.000794502 -0.000167531 0.000725296 0.00199033 0.000547656 -0.00106495 -0.00250675 -0.00268878 -0.00154747
internal_weight=267 58 37 209 181 131 80 59 51 30 50 30
internal_count=267 58 37 209 181 131 80 59 51 30 50 30
is_linear=0
shrinkage=0.01


Tree=272
num_leaves=14
num_cat=0
split_feature=4 10 6 7 9 4 0 7 7 8 6 0 0
split_gain=6.71967 4.62331 5.23719 3.93966 3.51819 3.85083 3.48395 3.22929 1.01456 1.59917 0.828096 0.140901 0.750296
threshold=0.88350000000000006 0.43250000000000005 1.4685000000000004 0.13750000000000004 0.38000000000000006 0.80750000000000022 0.57750000000000001 0.08450000000000002 0.18900000000000003 0.19350000000000003 1.4375000000000002 0.6625000000000002 0.77750000000000019
decision_type=2 2 2 2 2 2 2 2 2 2 2 2 2
left_child=1 6 3 4 -3 -6 -1 -8 9 -2 -11 -10 -13
right_child=8 2 -4 -5 5 -7 7 -9 11 10 -12 12 -14
leaf_value=0 -0.0023948676861299759 -0.0003568595840084937 -0.0038764210021559227 -0.0024456506078281708 0.0080596567670235767 0.00056265854925820322 0.0015099806332540128 0.0088374665827565899 -0.003438874450741244 -0.00053112895102114287 0.0021194163955202917 0 -0.0028000943575586588
leaf_weight=19 28 14.999999999999998 23 14.999999999999998 18 15.999999999999998 14.999999999999998 18 30 18 20 14.999999999999998 17
leaf_count=19 28 15 23 15 18 16 15 18 30 18 20 15 17
internal_value=2.03934e-05 0.00157653 4.4031e-05 0.00162711 0.003088 0.0048808 0.00392521 0.00587755 -0.00159121 -0.000520776 0.000613562 -0.00255743 -0.00138319
internal_weight=267 139 87 64 49 34 52 33 128 66 38 62 32
internal_count=267 139 87 64 49 34 52 33 128 66 38 62 32
is_linear=0
shrinkage=0.01


Tree=273
num_leaves=13
num_cat=0
split_feature=5 10 9 6 5 1 8 9 5 4 10 1
split_gain=6.79484 4.56854 6.80935 4.18895 4.15645 2.77934 6.50129 5.10669 3.16174 2.25464 0.618304 0.230247
threshold=43.567500000000003 0.43250000000000005 0.43250000000000005 1.7575000000000001 33.440000000000005 0.32250000000000006 0.30550000000000005 0.42150000000000004 39.426000000000009 0.90950000000000009 0.43750000000000006 0.34250000000000008
decision_type=2 2 2 2 2 2 2 2 2 2 2 2
left_child=3 -2 -3 4 10 6 -6 -8 9 -7 -1 -11
right_child=1 2 -4 -5 5 8 7 -9 -10 11 -12 -13
leaf_value=-0.00072893966982762019 0.0067963267880123716 -0.0025966278165578845 0.0059232371036083463 -0.0043639156797475979 0.0067535161660161125 -0.0040010373507227215 -0.0038934270780835601 0.003627134955355099 0.002975127749346398 -0.00089580593330244862 -0.0037630274029154527 0.0007564641177855633
leaf_weight=22 21 22 14.999999999999998 28 21 24 18 17 18 14.999999999999998 28 18
leaf_count=22 21 22 15 28 21 24 18 17 18 15 28 18
internal_value=1.96604e-05 0.0030685 0.000623628 -0.000784 -0.000164608 0.000713088 0.00241853 0 -0.000435443 -0.00170288 -0.00264648 0
internal_weight=267 58 37 209 181 131 56 35 75 57 50 33
internal_count=267 58 37 209 181 131 56 35 75 57 50 33
is_linear=0
shrinkage=0.01


Tree=274
num_leaves=13
num_cat=0
split_feature=5 10 9 6 5 2 6 8 6 9 10 5
split_gain=6.66459 4.47809 6.67901 4.10563 4.08054 2.98267 3.35825 3.17771 1.34807 1.4664 0.601035 0.141243
threshold=43.567500000000003 0.43250000000000005 0.43250000000000005 1.7575000000000001 33.440000000000005 0.20250000000000004 1.4815000000000003 0.30650000000000005 1.2725000000000002 0.60600000000000009 0.43750000000000006 39.839500000000008
decision_type=2 2 2 2 2 2 2 2 2 2 2 2
left_child=3 -2 -3 4 10 6 7 -6 -7 -10 -1 -9
right_child=1 2 -4 -5 5 8 -8 11 9 -11 -12 -13
leaf_value=-0.00072181229707267555 0.0067299439359542936 -0.0025712386237250434 0.0058659153768131815 -0.0043210420352325111 0.0029805561297146948 0.00051659399340319085 0.0053970590848908878 -0.0023562973154888996 -0.00463423587622181 0 -0.0037260573370414868 -2.0612888038158419e-05
leaf_weight=22 21 22 14.999999999999998 28 29 21 21 15.000000000000002 15.000000000000002 14.999999999999998 28 14.999999999999998
leaf_count=22 21 22 15 28 29 21 21 15 15 15 28 15
internal_value=1.88393e-05 0.00303868 0.000615169 -0.000776721 -0.000162939 0.00070616 0.00195181 0.000522425 -0.00105361 -0.00247108 -0.00262244 -0.00153581
internal_weight=267 58 37 209 181 131 80 59 51 30 50 30
internal_count=267 58 37 209 181 131 80 59 51 30 50 30
is_linear=0
shrinkage=0.01


Tree=275
num_leaves=13
num_cat=0
split_feature=5 10 9 6 5 1 8 9 5 5 3 10
split_gain=6.53925 4.38943 6.55118 4.02211 4.00345 2.70953 6.32767 5.00176 3.10483 1.47789 1.09734 0.58415
threshold=43.567500000000003 0.43250000000000005 0.43250000000000005 1.7575000000000001 33.440000000000005 0.32250000000000006 0.30550000000000005 0.42150000000000004 39.426000000000009 36.950500000000005 61.69700000000001 0.43750000000000006
decision_type=2 2 2 2 2 2 2 2 2 2 2 2
left_child=3 -2 -3 4 11 6 -6 -8 9 10 -7 -1
right_child=1 2 -4 -5 5 8 7 -9 -10 -11 -12 -13
leaf_value=-0.00071475457731220451 0.006664209744438182 -0.0025460974640316436 0.0058091482700359433 -0.0042785898099342986 0.0066596514922241832 0.0016772175243785303 -0.0038556137097042961 0.0035869586606110844 0.0029429148500030107 -0.0034996670959334748 -0.0019439581536820959 -0.0036894504281512479
leaf_weight=22 21 22 14.999999999999998 28 21 14.999999999999998 18 17 18 25 17 28
leaf_count=22 21 22 15 28 21 15 18 17 18 25 17 28
internal_value=1.74558e-05 0.00300915 0.000606789 -0.000770242 -0.000162126 0.00069814 0.00238275 0 -0.000434702 -0.00169155 0 -0.00259864
internal_weight=267 58 37 209 181 131 56 35 75 57 32 50
internal_count=267 58 37 209 181 131 56 35 75 57 32 50
is_linear=0
shrinkage=0.01


Tree=276
num_leaves=13
num_cat=0
split_feature=5 10 9 6 5 2 6 4 6 9 0 10
split_gain=6.41389 4.30252 6.4258 3.9421 3.93047 2.90373 3.30034 2.67105 1.32445 1.42543 1.19931 0.567642
threshold=43.567500000000003 0.43250000000000005 0.43250000000000005 1.7575000000000001 33.440000000000005 0.20250000000000004 1.4815000000000003 0.80750000000000022 1.2725000000000002 0.60600000000000009 0.61750000000000005 0.43750000000000006
decision_type=2 2 2 2 2 2 2 2 2 2 2 2
left_child=3 -2 -3 4 11 6 7 -6 -7 -10 -9 -1
right_child=1 2 -4 -5 5 8 -8 10 9 -11 -12 -13
leaf_value=-0.00070776587393548752 0.0065991173303404519 -0.0025212023208538692 0.0057529307529330257 -0.0042365544511560813 0.0037569124332150899 0.0005095097318638202 0.005335738814847414 0.00025994869915522495 -0.0045825393642148658 0 -0.002996741158346976 -0.0036532031966928853
leaf_weight=22 21 22 14.999999999999998 28 18 21 21 26 15.000000000000002 14.999999999999998 14.999999999999998 28
leaf_count=22 21 22 15 28 18 21 21 26 15 15 15 28
internal_value=1.66609e-05 0.0029799 0.00059849 -0.000763091 -0.000160473 0.000691371 0.00192125 0.000503227 -0.0010436 -0.00244917 -0.00071231 -0.00257507
internal_weight=267 58 37 209 181 131 80 59 51 30 41 50
internal_count=267 58 37 209 181 131 80 59 51 30 41 50
is_linear=0
shrinkage=0.01


Tree=277
num_leaves=13
num_cat=0
split_feature=8 7 8 6 0 0 10 1 10 2 9 8
split_gain=4.9643 4.96463 4.67363 5.34767 3.99323 3.30827 2.30635 1.98196 1.82847 0.22841 0.514912 0.253107
threshold=0.23650000000000002 0.19800000000000004 0.43750000000000006 1.5320000000000003 0.50750000000000017 0.70750000000000013 0.44250000000000006 0.32750000000000007 0.46750000000000008 0.22750000000000004 0.69450000000000001 0.17650000000000002
decision_type=2 2 2 2 2 2 2 2 2 2 2 2
left_child=7 2 3 4 -2 -3 -6 -1 -8 10 -9 -12
right_child=1 5 -4 -5 6 -7 8 9 -10 -11 11 -13
leaf_value=0.00042238438722945872 0 -0.0041748333294340904 -0.0022450431458877797 -0.0015695883785233353 0.0077568049374662461 0.0010552456720573145 0.00011030505171843938 0 0.0055555103857430725 -0.0039501378141544967 -0.0031187643669545653 -0.0007804548276626335
leaf_weight=29 18 23 15.999999999999998 15.999999999999998 30 20 17 14.999999999999998 14.999999999999998 18 26 24
leaf_count=29 18 23 16 16 30 20 17 15 15 18 26 24
internal_value=1.6049e-05 0.00121016 0.0023525 0.00323005 0.00431798 -0.00152818 0.00551397 -0.00154566 0.00301664 -0.00235147 -0.00172931 -0.00221324
internal_weight=267 155 112 96 80 43 62 112 32 83 65 50
internal_count=267 155 112 96 80 43 62 112 32 83 65 50
is_linear=0
shrinkage=0.01


Tree=278
num_leaves=14
num_cat=0
split_feature=4 2 4 7 10 4 6 7 7 8 6 1 1
split_gain=6.13597 6.25089 4.83558 5.56408 6.70716 5.62154 2.79904 1.97911 0.922317 1.45806 0.801125 0.119335 0.26367
threshold=0.88350000000000006 0.25750000000000006 0.80750000000000022 0.08450000000000002 0.43250000000000005 0.84850000000000014 1.2555000000000003 0.037000000000000005 0.18900000000000003 0.19350000000000003 1.4375000000000002 0.33750000000000008 0.34750000000000003
decision_type=2 2 2 2 2 2 2 2 2 2 2 2 2
left_child=1 2 6 -4 -5 -6 7 -1 9 -2 -11 -10 -13
right_child=8 -3 3 4 5 -7 -8 -9 11 10 -12 12 -14
leaf_value=0.0087342910736035069 -0.0022865220809584123 -0.0042753396111149941 -0.0030057236011017041 0.0073785362130886802 -0.0045315029616317436 0.003966548039067176 0.00032670729583309541 0.0025809295114242671 -0.0033946118693460119 -0.0005422208865953458 0.0020678724012360341 0 -0.002159529480992294
leaf_weight=19 28 14.999999999999998 26 18 15.000000000000002 14.999999999999998 14.999999999999998 15.999999999999998 27 18 20 14.999999999999998 20
leaf_count=19 28 15 26 18 15 15 15 16 27 18 20 15 20
internal_value=1.51783e-05 0.0015039 0.00229769 0.000511335 0.00263394 0 0.00471224 0.00627899 -0.00152323 -0.000493317 0.000580787 -0.00244686 -0.00139654
internal_weight=267 139 124 74 48 30 50 35 128 66 38 62 35
internal_count=267 139 124 74 48 30 50 35 128 66 38 62 35
is_linear=0
shrinkage=0.01


Tree=279
num_leaves=11
num_cat=0
split_feature=5 0 5 5 7 6 4 5 5 1
split_gain=9.99083 7.2318 2.52139 4.53066 6.64506 2.24501 0.916751 1.59569 2.22331 0.0743954
threshold=43.567500000000003 0.58250000000000013 41.924500000000009 39.003000000000007 0.070500000000000021 1.0835000000000001 1.0615000000000003 37.048000000000009 35.010500000000008 0.32250000000000006
decision_type=2 2 2 2 2 2 2 2 2 2
left_child=2 -2 3 5 -5 -1 7 8 -7 -3
right_child=1 9 -4 4 -6 6 -8 -9 -10 -11
leaf_value=-0.0049587438661943782 -0.00075684860829384093 0.0043807507594746924 -0.0041301290075792824 -0.0016376322206664593 0.0052709437938312353 -0.00063844076488628863 -0.0027828077954608339 -0.002466355701400475 0.0029365384118988161 0.0090700280209702836
leaf_weight=15.999999999999998 14.999999999999998 15.000000000000002 21 23 29 60 21 27 23 14.999999999999998
leaf_count=16 15 15 21 23 29 60 21 27 23 15
internal_value=2.21288e-05 0.00432431 -0.000820321 -0.000411443 0.00203826 -0.00134977 -0.000815758 -0.00033884 0.000244108 0.00716351
internal_weight=265 45 220 199 52 147 131 110 83 30
internal_count=265 45 220 199 52 147 131 110 83 30
is_linear=0
shrinkage=0.01


Tree=280
num_leaves=11
num_cat=0
split_feature=5 0 5 5 7 6 8 4 7 1
split_gain=9.80317 7.10624 2.46914 4.4418 6.51915 2.19822 1.21032 3.6544 0.653565 0.0592286
threshold=43.567500000000003 0.58250000000000013 41.924500000000009 39.003000000000007 0.070500000000000021 1.0835000000000001 0.35200000000000004 0.88350000000000006 0.28100000000000008 0.32250000000000006
decision_type=2 2 2 2 2 2 2 2 2 2
left_child=2 -2 3 5 -5 -1 7 -7 -9 -3
right_child=1 9 -4 4 -6 6 -8 8 -10 -11
leaf_value=-0.0049106591059402986 -0.00074952412036157422 0.0043383563886727049 -0.0040897882461201317 -0.0016216041274527285 0.0052191277062993936 0.0037966567746230535 -0.0029747070129960774 -0.0015581745493645762 0.00020457987137364621 0.0089822534060916837
leaf_weight=15.999999999999998 14.999999999999998 15.000000000000002 21 23 29 17 22 76 15.999999999999998 14.999999999999998
leaf_count=16 15 15 21 23 29 17 22 76 16 15
internal_value=2.04816e-05 0.00428246 -0.000813669 -0.000408439 0.00201632 -0.0013379 -0.000808473 -0.000268341 -0.00114405 0.00709736
internal_weight=265 45 220 199 52 147 131 109 92 30
internal_count=265 45 220 199 52 147 131 109 92 30
is_linear=0
shrinkage=0.01


Tree=281
num_leaves=10
num_cat=0
split_feature=5 0 5 5 7 6 4 5 5
split_gain=9.61557 6.98298 2.41965 4.35078 6.39564 2.15458 0.894277 1.55733 2.17152
threshold=43.567500000000003 0.58250000000000013 41.924500000000009 39.003000000000007 0.070500000000000021 1.0835000000000001 1.0615000000000003 37.048000000000009 35.010500000000008
decision_type=2 2 2 2 2 2 2 2 2
left_child=2 -2 3 5 -5 -1 7 8 -7
right_child=1 -3 -4 4 -6 6 -8 -9 -10
leaf_value=-0.0048630404811013826 -0.00074227059079754745 0.0070318479719953461 -0.0040498415177124877 -0.0016057331099155101 0.0051678210913629853 -0.00062311594028118227 -0.0027420473098754882 -0.002430761980146847 0.0029082881500746343
leaf_weight=15.999999999999998 14.999999999999998 30 21 23 29 60 21 27 23
leaf_count=16 15 30 21 23 29 60 21 27 23
internal_value=1.96485e-05 0.00424101 -0.00080612 -0.0004044 0.00199459 -0.0013247 -0.000799648 -0.000327599 0.000247261
internal_weight=265 45 220 199 52 147 131 110 83
internal_count=265 45 220 199 52 147 131 110 83
is_linear=0
shrinkage=0.01


Tree=282
num_leaves=12
num_cat=0
split_feature=5 0 5 5 7 5 5 5 2 10 1
split_gain=9.42411 6.85472 2.36944 4.26545 6.27452 0.952199 1.57837 1.66743 1.91088 0.220694 0.0628525
threshold=43.567500000000003 0.58250000000000013 41.924500000000009 39.003000000000007 0.070500000000000021 31.549000000000003 37.048000000000009 35.010500000000008 0.20250000000000004 0.44250000000000006 0.32250000000000006
decision_type=2 2 2 2 2 2 2 2 2 2 2
left_child=2 -2 3 5 -5 9 7 8 -7 -1 -3
right_child=1 10 -4 4 -6 6 -8 -9 -10 -11 -12
leaf_value=-0.0013293274262167038 -0.00073508745239626969 0.0042283222031208765 -0.0040102849242299107 -0.0015900176684273053 0.0051170187099378994 0.00030649769119918348 -0.0025543477831480024 0.0021119553743387167 -0.0033977916673189256 -0.0042187075893725121 0.0088272782517296658
leaf_weight=23 14.999999999999998 15.000000000000002 21 23 29 31 32 26 20 14.999999999999998 14.999999999999998
leaf_count=23 15 15 21 23 29 31 32 26 20 15 15
internal_value=1.75321e-05 0.0041971 -0.000799606 -0.000401464 0.00197308 -0.00131308 -0.000703649 0 -0.000970875 -0.00276959 0.00696268
internal_weight=265 45 220 199 52 147 109 77 51 38 30
internal_count=265 45 220 199 52 147 109 77 51 38 30
is_linear=0
shrinkage=0.01


Tree=283
num_leaves=11
num_cat=0
split_feature=5 3 5 5 7 6 4 5 5 1
split_gain=9.24571 5.17286 2.32097 4.18012 6.15571 2.1078 0.872876 1.50344 2.08738 0.684567
threshold=43.567500000000003 63.661000000000008 41.924500000000009 39.003000000000007 0.070500000000000021 1.0835000000000001 1.0615000000000003 37.048000000000009 35.010500000000008 0.32250000000000006
decision_type=2 2 2 2 2 2 2 2 2 2
left_child=2 9 3 5 -5 -1 7 8 -7 -2
right_child=1 -3 -4 4 -6 6 -8 -9 -10 -11
leaf_value=-0.0048004889330177597 0.0034762019399673699 -1.6772660516923476e-05 -0.0039711147189400225 -0.0015744558071836513 0.0050667158141732213 -0.00060075222414510316 -0.002698785167100818 -0.0023818172058513894 0.0028591538751696018 0.008741852999214204
leaf_weight=15.999999999999998 15.000000000000002 14.999999999999998 21 23 29 60 21 27 23 14.999999999999998
leaf_count=16 15 15 21 23 29 60 21 27 23 15
internal_value=1.62787e-05 0.00415648 -0.000792734 -0.00039809 0.00195178 -0.00130093 -0.000780831 -0.000313623 0.000249636 0.00653704
internal_weight=265 45 220 199 52 147 131 110 83 30
internal_count=265 45 220 199 52 147 131 110 83 30
is_linear=0
shrinkage=0.01


Tree=284
num_leaves=13
num_cat=0
split_feature=5 0 5 5 7 5 5 5 0 8 10 1
split_gain=9.07221 6.64094 2.27274 4.09814 6.03919 0.929981 1.52099 1.59785 1.8661 0.533856 0.213181 0.0265306
threshold=43.567500000000003 0.58250000000000013 41.924500000000009 39.003000000000007 0.070500000000000021 31.549000000000003 37.048000000000009 35.010500000000008 0.64750000000000008 0.31650000000000006 0.44250000000000006 0.32250000000000006
decision_type=2 2 2 2 2 2 2 2 2 2 2 2
left_child=2 -2 3 5 -5 10 7 8 -7 -8 -1 -3
right_child=1 11 -4 4 -6 6 9 -9 -10 -11 -12 -13
leaf_value=-0.0013015064391049933 -0.0007300649631407953 0.0041560157556687618 -0.003932327024183821 -0.0015590461295969943 0.0050169075385399029 -0.0028171184388074005 -0.00039781840461673159 0.0020718536153435706 0.00076659027411013232 -0.0039268986477206157 -0.0041598808284728757 0.0086572543988304752
leaf_weight=23 14.999999999999998 15.000000000000002 21 23 29 27 15.999999999999998 26 24 15.999999999999998 14.999999999999998 14.999999999999998
leaf_count=23 15 15 21 23 29 27 16 26 24 16 15 15
internal_value=1.46865e-05 0.00411626 -0.000786351 -0.000395215 0.00193069 -0.00128954 -0.000686237 0 -0.000945423 -0.00250332 -0.00272892 0.00683953
internal_weight=265 45 220 199 52 147 109 77 51 32 38 30
internal_count=265 45 220 199 52 147 109 77 51 32 38 30
is_linear=0
shrinkage=0.01


Tree=285
num_leaves=12
num_cat=0
split_feature=5 0 5 5 7 6 7 5 5 5 1
split_gain=8.90218 6.52614 2.22538 4.01797 5.9249 2.05986 0.82208 1.40318 1.20745 1.43869 0.0129069
threshold=43.567500000000003 0.58250000000000013 41.924500000000009 39.003000000000007 0.070500000000000021 1.0835000000000001 0.11950000000000001 35.490500000000004 36.950500000000005 31.549000000000003 0.32250000000000006
decision_type=2 2 2 2 2 2 2 2 2 2 2
left_child=2 -2 3 5 -5 -1 7 -7 9 -8 -3
right_child=1 10 -4 4 -6 6 8 -9 -10 -11 -12
leaf_value=-0.0047379797629334705 -0.00072299975541330146 0.0041157961949225387 -0.0038939183039677352 -0.0015437874927165659 0.0049675886300629222 -0.0012285340343202863 -0.0023546587818048218 0.002682978200697989 -0.0033150447397790055 0.0004022725955247111 0.0085734746196577637
leaf_weight=15.999999999999998 14.999999999999998 15.000000000000002 21 23 29 17 27 15.999999999999998 23 48 14.999999999999998
leaf_count=16 15 15 21 23 29 17 27 16 23 48 15
internal_value=1.30678e-05 0.00407642 -0.00078008 -0.000392423 0.00190981 -0.00127833 -0.000763321 0.000381188 -0.00125022 -0.000466793 0.00677651
internal_weight=265 45 220 199 52 147 131 33 98 75 30
internal_count=265 45 220 199 52 147 131 33 98 75 30
is_linear=0
shrinkage=0.01


Tree=286
num_leaves=13
num_cat=0
split_feature=0 4 1 10 9 8 4 8 8 3 8 8
split_gain=4.09175 8.79834 2.67563 8.24675 2.16088 2.41985 1.46381 2.77544 1.15752 0.590837 0.45536 0.230273
threshold=0.58250000000000013 0.85950000000000004 0.32250000000000006 0.43250000000000005 0.41350000000000003 0.30550000000000005 0.88150000000000006 0.32950000000000007 0.17650000000000002 58.968500000000006 0.21750000000000003 0.23350000000000004
decision_type=2 2 2 2 2 2 2 2 2 2 2 2
left_child=4 2 3 -2 -1 10 -3 8 -8 11 -6 -10
right_child=1 6 -4 -5 5 -7 7 -9 9 -11 -12 -13
leaf_value=0.00039057611575666468 0.0059852852308087878 -0.0033650519246501581 0.00660391260303703 -0.0029584673600537435 -0.0018874939806538366 -0.0059364151713010432 -0.0025936436223781716 0.0031668484215744033 0 0.0014654831362493109 0 -0.0016331389929567063
leaf_weight=26 22 17 25 17 29 18 29 19 14.999999999999998 15.999999999999998 14.999999999999998 17
leaf_count=26 22 17 25 17 29 18 29 19 15 16 15 17
internal_value=1.18627e-05 0.00092454 0.00389605 0.00184546 -0.00170572 -0.00274091 -0.000680085 -8.60226e-05 -0.00103296 0 -0.00115692 -0.000853007
internal_weight=265 177 64 39 88 62 113 96 77 48 44 32
internal_count=265 177 64 39 88 62 113 96 77 48 44 32
is_linear=0
shrinkage=0.01


Tree=287
num_leaves=12
num_cat=0
split_feature=5 3 5 5 4 6 4 8 4 1 4
split_gain=8.66002 4.83852 2.18964 3.90179 2.91003 2.00833 1.6438 1.23897 3.46464 0.599566 0.582097
threshold=43.567500000000003 63.661000000000008 41.924500000000009 39.003000000000007 0.79750000000000021 1.0835000000000001 0.87050000000000016 0.35200000000000004 0.88350000000000006 0.32250000000000006 1.0615000000000003
decision_type=2 2 2 2 2 2 2 2 2 2 2
left_child=2 9 3 5 -5 -1 -6 8 -7 -2 -10
right_child=1 -3 -4 4 6 7 -8 -9 10 -11 -12
leaf_value=-0.0046763987523136723 0.0033522723134486901 0 -0.0038593301802960244 -0.0013494306562408323 0.0054526803840133477 0.0037536334182534897 0.00045366928832871574 -0.0029296554211113192 -0.0004451647067240641 0.0084422796171519064 -0.0026292379581651019
leaf_weight=15.999999999999998 15.000000000000002 14.999999999999998 21 14.999999999999998 20 17 17 22 71 14.999999999999998 21
leaf_count=16 15 15 21 15 20 17 17 22 71 15 21
internal_value=1.11668e-05 0.00401944 -0.000770611 -0.000385685 0.00188196 -0.0012593 0.00345918 -0.000749708 -0.000207026 0.00632182 -0.00106333
internal_weight=265 45 220 199 52 147 37 131 109 30 92
internal_count=265 45 220 199 52 147 37 131 109 30 92
is_linear=0
shrinkage=0.01


Tree=288
num_leaves=13
num_cat=0
split_feature=5 6 7 4 8 7 7 8 8 6 6 6
split_gain=6.09239 3.51598 3.49066 9.48367 2.51374 4.529 6.00088 1.72604 3.75619 0.726373 1.08086 0.475946
threshold=43.567500000000003 1.0360000000000003 0.11300000000000002 0.78450000000000009 0.32950000000000007 0.070500000000000021 0.21250000000000002 0.28200000000000008 0.23950000000000002 1.3460000000000003 1.5145000000000002 1.1655000000000002
decision_type=2 2 2 2 2 2 2 2 2 2 2 2
left_child=1 -1 3 -2 7 -6 -7 8 9 11 -11 -3
right_child=2 4 -4 -5 5 6 -8 -9 -10 10 -12 -13
leaf_value=0.0028955906920316746 0.0063106392098195635 -0.0021596527980132538 0.0062799493777446263 -0.0040412425269951693 -0.0029812281506554207 0.0057633761966482122 -0.0019210322393525031 -0.0046317871440859403 0.0019364793780953327 -0.0057111363745096953 -0.0018556385174577619 0
leaf_weight=20 15.999999999999998 15.999999999999998 19 18 24 23 14.999999999999998 25 23 15.999999999999998 40 22
leaf_count=20 16 16 19 18 24 23 15 25 23 16 40 22
internal_value=-0.000150662 -0.000907039 0.00283779 0.000561234 -0.00133491 0.000201972 0.00248476 -0.00207448 -0.00142555 -0.00235989 -0.00317499 -0.000873314
internal_weight=277 224 53 34 204 62 38 142 117 94 56 38
internal_count=277 224 53 34 204 62 38 142 117 94 56 38
is_linear=0
shrinkage=0.01


Tree=289
num_leaves=11
num_cat=0
split_feature=5 10 9 6 4 4 10 6 3 2
split_gain=5.97732 11.0102 11.9498 3.45177 2.4733 3.33363 1.97504 2.13543 3.07279 0.126108
threshold=43.567500000000003 0.42750000000000005 0.43250000000000005 1.0360000000000003 0.79750000000000021 1.0015000000000003 0.41750000000000004 1.7575000000000001 59.850500000000004 0.18750000000000003
decision_type=2 2 2 2 2 2 2 2 2 2
left_child=3 -2 -3 -1 -5 6 -6 8 -8 -7
right_child=1 2 -4 4 5 9 7 -9 -10 -11
leaf_value=0.0028673410533768375 0.0099142222539071109 -0.0053430595775929889 0.0057409935464730133 -0.0044848267163367988 0.0032512110952408087 -0.0047810332928643088 0.0018615684981900032 -0.0035615523522480944 -0.0015499929462114465 -0.0019559855527191789
leaf_weight=20 14.999999999999998 20 18 23 14.999999999999998 15.999999999999998 49 19 56 26
leaf_count=20 15 20 18 23 15 16 49 19 56 26
internal_value=-0.000149445 0.00281021 0 -0.000898962 -0.00132322 -0.000855119 -3.21395e-05 -0.000521102 0 -0.00331107
internal_weight=277 53 38 224 204 181 139 124 105 42
internal_count=277 53 38 224 204 181 139 124 105 42
is_linear=0
shrinkage=0.01


Tree=290
num_leaves=13
num_cat=0
split_feature=10 4 2 2 0 8 7 4 7 9 8 0
split_gain=5.86661 4.36894 3.76635 3.79541 5.56535 3.31636 3.28988 3.28375 2.22034 2.77647 1.98152 0.403308
threshold=0.41750000000000004 0.83350000000000002 0.23750000000000002 0.18250000000000002 0.58750000000000002 0.32950000000000007 0.076500000000000012 0.98650000000000004 0.21600000000000003 0.62050000000000016 0.32650000000000007 0.71250000000000002
decision_type=2 2 2 2 2 2 2 2 2 2 2 2
left_child=5 2 3 -2 -5 -1 -3 8 10 -10 11 -8
right_child=1 6 -4 4 -6 -7 7 -9 9 -11 -12 -13
leaf_value=0 -0.00068800130821004217 -0.0053492668386962688 -0.0028639360921723501 0 0.0067515372457829393 0.0072102147148501482 0.00087868959754408202 -0.0032243265895234357 -0.0047785202701176917 0.00017844116398029857 0.004123222444738661 -0.0011964070556625243
leaf_weight=15.000000000000002 24 22 17 18 27 14.999999999999998 23 45 17 22 17 14.999999999999998
leaf_count=15 24 22 17 18 27 15 23 45 17 22 17 15
internal_value=-0.000147915 -0.00069214 0.00105328 0.00217593 0.00391392 0.00394289 -0.00168677 -0.00101831 0 -0.00176226 0.00133804 0
internal_weight=277 247 86 69 45 30 161 139 94 39 55 38
internal_count=277 247 86 69 45 30 161 139 94 39 55 38
is_linear=0
shrinkage=0.01


Tree=291
num_leaves=13
num_cat=0
split_feature=5 10 9 6 8 7 7 8 8 6 6 6
split_gain=5.77447 10.7749 11.6631 3.38436 2.38044 4.40397 5.77859 1.69475 3.63433 0.713329 1.06497 0.46166
threshold=43.567500000000003 0.42750000000000005 0.43250000000000005 1.0360000000000003 0.32950000000000007 0.070500000000000021 0.21250000000000002 0.28200000000000008 0.23950000000000002 1.3460000000000003 1.5145000000000002 1.1585000000000003
decision_type=2 2 2 2 2 2 2 2 2 2 2 2
left_child=3 -2 -3 -1 7 -6 -7 8 9 11 -11 -5
right_child=1 2 -4 4 5 6 -8 -9 -10 10 -12 -13
leaf_value=0.0028448901361808544 0.0097899860816617178 -0.0052962540798797845 0.0056534142470037619 -0.0021652781867211863 -0.0029500100944115193 0.0056599927582639334 -0.001873363046756675 -0.0045552715016346354 0.0019243723724750763 -0.0056183133161429198 -0.0017979271020050402 0
leaf_weight=20 14.999999999999998 20 18 14.999999999999998 24 23 14.999999999999998 25 23 15.999999999999998 40 23
leaf_count=20 15 20 18 15 24 23 15 25 23 16 40 23
internal_value=-0.000146384 0.00276186 0 -0.000883659 -0.00130416 0.000187159 0.00244085 -0.00202385 -0.00138076 -0.00230119 -0.00310652 -0.000829719
internal_weight=277 53 38 224 204 62 38 142 117 94 56 38
internal_count=277 53 38 224 204 62 38 142 117 94 56 38
is_linear=0
shrinkage=0.01


Tree=292
num_leaves=14
num_cat=0
split_feature=10 4 8 7 4 1 1 6 7 3 8 7 4
split_gain=5.68776 4.23634 3.22135 3.21922 3.19389 2.43066 7.67638 5.47208 2.14959 1.93111 2.01665 0.842768 0.148264
threshold=0.41750000000000004 0.83350000000000002 0.32950000000000007 0.076500000000000012 0.98650000000000004 0.31750000000000006 0.32750000000000007 1.1545000000000003 0.21600000000000003 59.553500000000007 0.27150000000000007 0.28100000000000008 0.80150000000000021
decision_type=2 2 2 2 2 2 2 2 2 2 2 2 2
left_child=2 5 -1 -3 8 7 -7 -2 9 10 -5 -10 -8
right_child=1 3 -4 4 -6 6 12 -9 11 -11 -12 -13 -14
leaf_value=0 0.0038248139908236846 -0.005284672867092821 0.0071019322833707254 0 -0.0031751167016861206 0.0081296063869288476 -0.00095805195070082115 -0.0036160387902283205 -0.0028736169761692993 -0.00053644409301651123 0.0054212603108449425 0 0.00020991750842621251
leaf_weight=15.000000000000002 14.999999999999998 22 14.999999999999998 15.999999999999998 45 15.999999999999998 15.000000000000002 25 24 23 15.999999999999998 14.999999999999998 14.999999999999998
leaf_count=15 15 22 15 16 45 16 15 25 24 23 16 15 15
internal_value=-0.000145193 -0.000681591 0.00388205 -0.00166137 -0.000999331 0.00103605 0.00263532 -0.000566034 0 0.0013215 0.00295229 -0.00172866 -5.23306e-05
internal_weight=277 247 30 161 139 86 46 40 94 55 32 39 30
internal_count=277 247 30 161 139 86 46 40 94 55 32 39 30
is_linear=0
shrinkage=0.01


Tree=293
num_leaves=10
num_cat=0
split_feature=5 10 9 6 1 7 7 7 2
split_gain=5.60663 10.5059 11.3884 3.28788 1.86111 1.71771 3.2479 4.91771 1.03895
threshold=43.567500000000003 0.42750000000000005 0.43250000000000005 1.0360000000000003 0.29250000000000004 0.037000000000000005 0.070500000000000021 0.099000000000000019 0.18250000000000002
decision_type=2 2 2 2 2 2 2 2 2
left_child=3 -2 -3 -1 -5 -6 -7 -8 -9
right_child=1 2 -4 4 5 6 7 8 -10
leaf_value=0.0028029502310403967 0.0096620722547654178 -0.0052383568319605625 0.0055814002937561759 -0.0046708961056940489 0.0019274054874073377 -0.0050797001962981569 0.0040240886903091053 -0.0033658202511130599 -0.00084005068315620116
leaf_weight=20 14.999999999999998 20 18 15.999999999999998 15.999999999999998 20 18 25 109
leaf_count=20 15 20 18 16 16 20 18 25 109
internal_value=-0.000142982 0.00272209 0 -0.000869975 -0.00128494 -0.000932095 -0.00126088 -0.000677825 -0.00139639
internal_weight=277 53 38 224 204 188 172 152 134
internal_count=277 53 38 224 204 188 172 152 134
is_linear=0
shrinkage=0.01


Tree=294
num_leaves=14
num_cat=0
split_feature=10 4 7 8 4 1 1 6 7 9 3 8 4
split_gain=5.53925 4.13858 3.14534 3.13502 3.1193 2.36562 7.48873 5.32819 2.09498 2.71012 1.89304 1.96221 0.142759
threshold=0.41750000000000004 0.83350000000000002 0.076500000000000012 0.32950000000000007 0.98650000000000004 0.31750000000000006 0.32750000000000007 1.1545000000000003 0.21600000000000003 0.62050000000000016 59.553500000000007 0.27150000000000007 0.80150000000000021
decision_type=2 2 2 2 2 2 2 2 2 2 2 2 2
left_child=3 5 -3 -1 8 7 -7 -2 10 -10 11 -4 -8
right_child=1 2 4 -5 -6 6 12 -9 9 -11 -12 -13 -14
leaf_value=0 0.0037776621359009899 -0.0052220824410518013 0 0.0070094010137742571 -0.0031346636245047654 0.0080306965609391531 -0.00094016320282413091 -0.0035641921238571991 -0.0046877911452736171 0.00021180011994308893 -0.00052817008376339499 0.0053592258601477651 0.00020341977176647032
leaf_weight=15.000000000000002 14.999999999999998 22 15.999999999999998 14.999999999999998 45 15.999999999999998 15.000000000000002 25 17 22 23 15.999999999999998 14.999999999999998
leaf_count=15 15 22 16 15 45 16 15 25 17 22 23 16 15
internal_value=-0.000141106 -0.000670929 -0.00163968 0.00383273 -0.000984315 0.00102606 0.00260402 -0.000551435 0 -0.00170306 0.00130786 0.00292302 -4.65417e-05
internal_weight=277 247 161 30 139 86 46 40 94 39 55 32 30
internal_count=277 247 161 30 139 86 46 40 94 39 55 32 30
is_linear=0
shrinkage=0.01


Tree=295
num_leaves=13
num_cat=0
split_feature=5 6 0 4 4 2 3 3 1 9 9 2
split_gain=5.44231 3.18978 2.96989 2.45147 3.07972 2.43086 1.74534 3.14849 3.07545 0.649603 0.977968 0.134727
threshold=43.567500000000003 1.0360000000000003 0.58250000000000013 0.79750000000000021 1.0015000000000003 0.20250000000000004 60.151000000000003 50.740000000000009 0.33750000000000008 0.41900000000000004 0.59800000000000009 0.18750000000000003
decision_type=2 2 2 2 2 2 2 2 2 2 2 2
left_child=1 -1 -2 -3 6 -4 7 -5 -9 -8 -11 -6
right_child=2 3 5 4 11 -7 9 8 -10 10 -12 -13
leaf_value=0.0027601036611126688 -0.00051675765745101438 -0.0044063295899553498 0.0015167950680281253 -0.0023271152014151596 -0.0046014752035791221 0.0074796128849829403 0 0.0043712141548023845 0 -0.0034706732647286523 -0.00010567400243827234 -0.0018228516172406808
leaf_weight=20 14.999999999999998 23 23 19 15.999999999999998 14.999999999999998 14.999999999999998 30 28 22 25 26
leaf_count=20 15 23 23 19 16 15 15 30 28 22 25 26
internal_value=-0.000138683 -0.000855471 0.00268353 -0.00126472 -0.000799376 0.00419685 -6.14207e-06 0.000922731 0.00216907 -0.0013179 -0.00191126 -0.00315835
internal_weight=277 224 53 204 181 38 139 77 58 62 47 42
internal_count=277 224 53 204 181 38 139 77 58 62 47 42
is_linear=0
shrinkage=0.01


Tree=296
num_leaves=12
num_cat=0
split_feature=10 8 9 6 1 8 1 9 6 2 7
split_gain=5.41514 3.0579 2.75714 2.57693 4.68828 7.20825 1.98612 1.92349 1.91043 0.667952 0.346692
threshold=0.41750000000000004 0.32950000000000007 0.80600000000000016 1.0360000000000003 0.31750000000000006 0.38550000000000006 0.32750000000000007 0.49250000000000005 1.3240000000000001 0.18750000000000003 0.25050000000000006
decision_type=2 2 2 2 2 2 2 2 2 2 2
left_child=1 -1 3 -2 8 6 -6 -8 -5 -4 -11
right_child=2 -3 9 4 5 -7 7 -9 -10 10 -12
leaf_value=0 0.0036074876444680349 0.0069284225856104213 -0.0044889090018613003 -0.0052863423062695404 0.0018041567066136529 0.0060282413516102775 -0.0038090574559238224 -5.8658005909459425e-05 -0.00080008810222671745 -0.0021240095082291606 0
leaf_weight=15.000000000000002 17 14.999999999999998 17 22 25 20 22 50 28 29 17
leaf_count=15 17 15 17 22 25 20 22 50 28 29 17
internal_value=-0.000137965 0.00379066 -0.000662224 0 -0.000422844 0.000603565 -0.000437539 -0.00136091 -0.00300486 -0.00245992 -0.00145482
internal_weight=277 30 247 184 167 117 97 72 50 63 46
internal_count=277 30 247 184 167 117 97 72 50 63 46
is_linear=0
shrinkage=0.01


Tree=297
num_leaves=13
num_cat=0
split_feature=5 5 3 9 7 9 5 6 4 5 0 10
split_gain=9.18375 4.04499 5.28911 3.95919 3.48894 3.65947 4.54069 2.25502 1.97135 0.459379 0.330932 0.0368908
threshold=47.974000000000011 31.186500000000006 50.740000000000009 0.36950000000000005 0.18300000000000002 0.67000000000000015 35.915500000000009 1.1420000000000001 0.90250000000000019 35.915500000000009 0.64750000000000008 0.44250000000000006
decision_type=2 2 2 2 2 2 2 2 2 2 2 2
left_child=1 11 -3 7 5 6 -5 -4 -6 -7 -10 -1
right_child=-2 2 3 4 8 9 -8 -9 10 -11 -12 -13
leaf_value=-0.0019251790122930394 0.0071221283674240115 -0.0042373358625538496 0 -0.00096206075991645001 -0.0036430950056422842 0.00036798950857841055 0.00444605551451653 -0.0052333017462684265 -0.00039168990667789213 -0.0017211006245305461 0.0012166759530280499 -0.0048095808682903172
leaf_weight=21 17 24 15.000000000000002 15.999999999999998 15.999999999999998 19 71 14.999999999999998 14.999999999999998 14.999999999999998 23 14.999999999999998
leaf_count=21 17 24 15 16 16 19 71 15 15 15 23 15
internal_value=7.75306e-05 -0.000349284 0.000101111 0.000666763 0.00128164 0.00224294 0.00333736 -0.00255435 -0.000689732 -0.000275399 0.000325213 -0.00345041
internal_weight=282 265 229 205 175 121 87 30 54 34 38 36
internal_count=282 265 229 205 175 121 87 30 54 34 38 36
is_linear=0
shrinkage=0.01


Tree=298
num_leaves=11
num_cat=0
split_feature=5 5 3 9 1 1 3 6 2 5
split_gain=9.00994 3.96967 5.18254 3.87886 6.47536 8.1546 3.3652 2.21316 2.16896 1.53762
threshold=47.974000000000011 31.186500000000006 50.740000000000009 0.36950000000000005 0.32250000000000006 0.31250000000000006 55.944500000000012 1.1420000000000001 0.18750000000000003 40.188500000000005
decision_type=2 2 2 2 2 2 2 2 2 2
left_child=1 -1 -3 7 5 9 -6 -4 -8 -5
right_child=-2 2 3 4 6 -7 8 -9 -10 -11
leaf_value=-0.0034195651185430893 0.0070529419864927027 -0.0041958271727270012 0 0.0024908771476847063 0.0031337729468941689 0.0085668074704231111 0.0018704804778099061 -0.0051826569197639342 -0.0018515055276909654 -0.0013423328702488252
leaf_weight=36 17 24 15.000000000000002 23 24 23 17 14.999999999999998 73 14.999999999999998
leaf_count=36 17 24 15 23 24 23 17 15 73 15
internal_value=7.49261e-05 -0.000347495 9.82757e-05 0.000658647 0.00126766 0.00388698 -5.74219e-05 -0.00252861 -0.00103152 0.000720246
internal_weight=282 265 229 205 175 61 114 30 90 38
internal_count=282 265 229 205 175 61 114 30 90 38
is_linear=0
shrinkage=0.01


Tree=299
num_leaves=10
num_cat=0
split_feature=5 5 3 9 9 3 9 2 6
split_gain=8.83539 3.89195 5.08217 3.80457 3.41797 2.41071 3.90663 2.56665 2.17209
threshold=47.974000000000011 31.186500000000006 50.740000000000009 0.36950000000000005 0.40050000000000008 55.944500000000012 0.70350000000000013 0.20750000000000002 1.1420000000000001
decision_type=2 2 2 2 2 2 2 2 2
left_child=1 -1 -3 8 -5 6 -6 -7 -4
right_child=-2 2 3 4 5 7 -8 -9 -10
leaf_value=-0.0033858379282771722 0.0069844276309013369 -0.0041547251872870389 0 0.0055417327880859383 0.0067818833635218678 0.0011115378904306961 0 -0.0018785459070798311 -0.0051325022164852383
leaf_weight=36 17 24 15.000000000000002 17 14.999999999999998 83 17 43 14.999999999999998
leaf_count=36 17 24 15 17 15 83 17 43 15
internal_value=7.40625e-05 -0.000343898 9.7073e-05 0.000652404 0.00125592 0.000715671 0.00314884 8.6693e-06 -0.00250312
internal_weight=282 265 229 205 175 158 32 126 30
internal_count=282 265 229 205 175 158 32 126 30
is_linear=0
shrinkage=0.01


Tree=300
num_leaves=12
num_cat=0
split_feature=5 5 3 9 1 1 3 10 6 10 10
split_gain=8.6645 3.81547 4.98338 3.7313 6.30613 7.98752 3.25836 2.65643 2.13179 0.956273 0.0454772
threshold=47.974000000000011 31.186500000000006 50.740000000000009 0.36950000000000005 0.32250000000000006 0.31250000000000006 55.944500000000012 0.42250000000000004 1.1420000000000001 0.44750000000000006 0.44250000000000006
decision_type=2 2 2 2 2 2 2 2 2 2 2
left_child=1 10 -3 8 5 7 -6 -5 -4 -8 -1
right_child=-2 2 3 4 6 -7 9 -9 -10 -11 -12
leaf_value=-0.0018399034683094467 0.0069165789570127213 -0.0041140259498236133 0 0.0038949957941517687 0.0030753935424953087 0.0084603216023521229 -0.0022520431876182556 -0.0012259419378307132 -0.0050828327142423205 0 -0.0046971778379332639
leaf_weight=21 17 24 15.000000000000002 15.999999999999998 24 23 37 22 14.999999999999998 53 14.999999999999998
leaf_count=21 17 24 15 16 24 23 37 22 15 53 15
internal_value=7.30869e-05 -0.000340464 9.57346e-05 0.000646057 0.0012441 0.00382929 -6.25437e-05 0.000693084 -0.00247788 -0.00102219 -0.00335244
internal_weight=282 265 229 205 175 61 114 38 30 90 36
internal_count=282 265 229 205 175 61 114 38 30 90 36
is_linear=0
shrinkage=0.01


Tree=301
num_leaves=12
num_cat=0
split_feature=5 5 3 9 1 1 3 10 2 4 10
split_gain=8.4991 3.7461 4.88487 3.65767 6.18534 7.83025 3.19634 2.60641 2.11919 0.133039 0.0382797
threshold=47.974000000000011 31.186500000000006 50.740000000000009 0.36950000000000005 0.32250000000000006 0.31250000000000006 55.944500000000012 0.42250000000000004 0.18750000000000003 0.79550000000000021 0.44250000000000006
decision_type=2 2 2 2 2 2 2 2 2 2 2
left_child=1 10 -3 9 5 7 -6 -5 -8 -4 -1
right_child=-2 2 3 4 6 -7 8 -9 -10 -11 -12
leaf_value=-0.0018219323317671932 0.0068493892805916922 -0.0040737253032168564 -0.00068448231104881521 0.0038572260060093623 0.00304526728159767 0.0083775183415793347 0.0018531787140028818 -0.0012139551126294666 -0.0018245683088391818 -0.0034969946381545837 -0.0046517212400513305
leaf_weight=21 17 24 15.000000000000002 15.999999999999998 24 23 17 22 73 14.999999999999998 14.999999999999998
leaf_count=21 17 24 15 16 24 23 17 22 73 15 15
internal_value=7.11779e-05 -0.000338066 9.37545e-05 0.000639041 0.00123154 0.0037919 -6.17126e-05 0.000683902 -0.00101299 -0.00245288 -0.00332255
internal_weight=282 265 229 205 175 61 114 38 90 30 36
internal_count=282 265 229 205 175 61 114 38 90 30 36
is_linear=0
shrinkage=0.01


Tree=302
num_leaves=10
num_cat=0
split_feature=5 5 3 3 5 4 5 6 10
split_gain=8.33635 3.67859 4.78898 3.15199 2.00584 4.60585 3.20425 0.909657 0.0312763
threshold=47.974000000000011 31.186500000000006 50.740000000000009 53.215000000000011 41.357000000000006 0.80750000000000022 44.151000000000003 1.5035000000000001 0.44250000000000006
decision_type=2 2 2 2 2 2 2 2 2
left_child=1 8 -3 -4 5 -5 -6 -7 -1
right_child=-2 2 3 4 6 7 -8 -9 -10
leaf_value=-0.0018041367447653482 0.0067828524027551927 -0.004033819305501422 0.0050028530849264034 0.0046465995457937136 -0.0037227148863307222 -0.00053510063559268465 0.00098786170993532454 0.0014859253998662607 -0.0046067045821297555
leaf_weight=21 17 24 14.999999999999998 26 28 82 24 30 14.999999999999998
leaf_count=21 17 24 15 26 28 82 24 30 15
internal_value=6.95142e-05 -0.000335451 9.20728e-05 0.000632405 0.000222651 0.000897544 -0.00136942 0 -0.00329296
internal_weight=282 265 229 205 190 138 52 112 36
internal_count=282 265 229 205 190 138 52 112 36
is_linear=0
shrinkage=0.01


Tree=303
num_leaves=12
num_cat=0
split_feature=5 5 3 9 1 1 3 10 4 8 10
split_gain=8.17521 3.61395 4.697 3.60411 6.05136 7.69474 3.07718 2.55448 1.8966 0.33276 0.0244627
threshold=47.974000000000011 31.186500000000006 50.740000000000009 0.36950000000000005 0.32250000000000006 0.31250000000000006 55.944500000000012 0.42250000000000004 0.90250000000000019 0.26900000000000007 0.44250000000000006
decision_type=2 2 2 2 2 2 2 2 2 2 2
left_child=1 10 -3 9 5 7 -6 -5 -8 -4 -1
right_child=-2 2 3 4 6 -7 8 -9 -10 -11 -12
leaf_value=-0.0017865149312934212 0.0067169618521417899 -0.0039943044237336339 -0.00046343453709156277 0.0038095682362715407 0.0029833924739944692 0.0082934010155657507 -0.0025589251159964239 -0.0012113045718934801 0.0001742505746864781 -0.0036971711727880664 -0.0045621236197410089
leaf_weight=21 17 24 15.000000000000002 15.999999999999998 24 23 42 22 48 14.999999999999998 14.999999999999998
leaf_count=21 17 24 15 16 24 23 42 22 48 15 15
internal_value=6.85395e-05 -0.000332145 9.12355e-05 0.000626759 0.00121532 0.00374794 -6.29699e-05 0.000665027 -0.000997825 -0.00244228 -0.00326364
internal_weight=282 265 229 205 175 61 114 38 90 30 36
internal_count=282 265 229 205 175 61 114 38 90 30 36
is_linear=0
shrinkage=0.01


Tree=304
num_leaves=11
num_cat=0
split_feature=5 5 3 9 9 4 4 9 6 10
split_gain=8.01878 3.54881 4.60465 3.54281 3.34254 2.32794 6.18335 2.77062 2.06473 0.0178347
threshold=47.974000000000011 31.186500000000006 50.740000000000009 0.36950000000000005 0.40050000000000008 0.83350000000000002 0.77250000000000008 0.50850000000000006 1.1420000000000001 0.44250000000000006
decision_type=2 2 2 2 2 2 2 2 2 2
left_child=1 9 -3 8 -5 6 -6 -7 -4 -1
right_child=-2 2 3 4 5 7 -8 -9 -10 -11
leaf_value=-0.0017690652418275213 0.006651711319174085 -0.0039551764779857234 0 0.0054385573225361958 -0.0019264799085530369 -0.0033273790655441063 0.005402285740789721 0.00064969034548345453 -0.0049861832203403596 -0.0045179739690596058
leaf_weight=21 17 24 15.000000000000002 17 15.999999999999998 21 29 92 14.999999999999998 14.999999999999998
leaf_count=21 17 24 15 17 16 21 29 92 15 15
internal_value=6.68577e-05 -0.000329633 8.95244e-05 0.000620183 0.00120406 0.000669642 0.00258419 -1.27074e-05 -0.00242181 -0.00323462
internal_weight=282 265 229 205 175 158 45 113 30 36
internal_count=282 265 229 205 175 158 45 113 30 36
is_linear=0
shrinkage=0.01


Tree=305
num_leaves=15
num_cat=0
split_feature=1 6 8 4 4 1 8 1 3 4 3 0 8 1
split_gain=4.09289 3.67208 3.28306 2.92338 2.57097 2.23412 2.98758 2.53302 1.76705 1.18468 1.15305 1.94065 0.621127 0.46381
threshold=0.32750000000000007 1.2040000000000004 0.26450000000000007 0.85950000000000004 0.86900000000000011 0.31250000000000006 0.32950000000000007 0.32250000000000006 70.797000000000011 0.91550000000000009 60.151000000000003 0.73750000000000016 0.18050000000000002 0.30750000000000005
decision_type=2 2 2 2 2 2 2 2 2 2 2 2 2 2
left_child=1 8 4 -4 -2 6 -3 -7 13 -5 11 -6 -12 -1
right_child=2 5 3 9 10 7 -8 -9 -10 -11 12 -13 -14 -15
leaf_value=0.0023318169785268377 -0.0056565050637299146 -0.0046985116388116571 0.0041522388844876679 -0.0026127745274986541 0.0026255561795198558 0.0042119551549643971 0.00026052339854886977 -0.00058864900560090039 0.00020394469158990043 0.00087289897724986078 -0.0037604530491843458 -0.001650082468355106 -0.00018992535529598113 0.0065491217076778406
leaf_weight=15.999999999999998 18 17 18 17 15.999999999999998 21 29 15.999999999999998 17 15.999999999999998 20 29 14.999999999999998 17
leaf_count=16 18 17 18 17 16 21 29 16 17 16 20 29 15 17
internal_value=6.52068e-05 0.00137048 -0.0010337 0.000883412 -0.00213233 0 -0.00138793 0.00188918 0.00349809 -0.000636439 -0.00118496 0 -0.00253614 0.0048682
internal_weight=282 133 149 51 98 83 46 37 50 33 80 45 35 33
internal_count=282 133 149 51 98 83 46 37 50 33 80 45 35 33
is_linear=0
shrinkage=0.01


Tree=306
num_leaves=12
num_cat=0
split_feature=4 2 5 6 4 9 5 9 7 3 5
split_gain=7.33345 8.73256 3.44501 3.43152 1.9877 3.20383 3.09629 2.42872 2.57756 0.705263 0.337171
threshold=0.80750000000000022 0.20750000000000002 44.512000000000008 1.1285000000000001 0.90250000000000019 0.51650000000000007 38.482500000000009 0.79200000000000015 0.17350000000000002 65.575500000000019 31.773000000000003
decision_type=2 2 2 2 2 2 2 2 2 2 2
left_child=1 3 4 -1 5 6 -2 8 -6 10 -9
right_child=2 -3 -4 -5 7 -7 -8 9 -10 -11 -12
leaf_value=0.0096986187046224429 -0.00087838326204330366 -0.0014401229516584047 0.0026335106988747913 0.0027010962620694586 0.0041137734017311 0 -0.0064832867763259198 -0.00024272934505433747 -0.00061309457994824232 0 -0.0029139735327282953
leaf_weight=15.999999999999998 23 24 22 23 19 27 27 15.999999999999998 21 20 33
leaf_count=16 23 24 22 23 19 27 27 16 21 20 33
internal_value=0 0.00296409 -0.000917309 0.00591147 -0.00139685 -0.00264947 -0.00413728 -0.000412591 0.00140832 -0.00161462 -0.00225501
internal_weight=271 63 208 39 186 77 50 109 40 69 49
internal_count=271 63 208 39 186 77 50 109 40 69 49
is_linear=0
shrinkage=0.01


Tree=307
num_leaves=12
num_cat=0
split_feature=4 2 5 5 4 9 5 9 7 10 0
split_gain=7.19422 8.57473 3.38209 2.51799 1.94584 3.146 3.0277 2.38113 2.53028 0.534575 0.225077
threshold=0.80750000000000022 0.20750000000000002 44.512000000000008 44.758500000000005 0.90250000000000019 0.51650000000000007 38.482500000000009 0.79200000000000015 0.17350000000000002 0.44250000000000006 0.73250000000000004
decision_type=2 2 2 2 2 2 2 2 2 2 2
left_child=1 3 4 -1 5 6 -2 8 -6 -9 -11
right_child=2 -3 -4 -5 7 -7 -8 9 -10 10 -12
leaf_value=0.0082582831581433612 -0.00086978635572372597 -0.0014260156087729395 0.0026077606976032258 0.0020296320830072677 0.004073690343170594 0 -0.0064196326570077379 -0.00011561408835022073 -0.00060710622539180662 -0.0032347435012776799 -0.00064345265159735808
leaf_weight=22 23 24 22 17 19 27 27 28 21 23 18
leaf_count=22 23 24 22 17 19 27 27 28 21 23 18
internal_value=0 0.00293532 -0.000909056 0.00585645 -0.00138452 -0.00262428 -0.00409861 -0.000409417 0.0013922 -0.00160022 -0.00235953
internal_weight=271 63 208 39 186 77 50 109 40 69 41
internal_count=271 63 208 39 186 77 50 109 40 69 41
is_linear=0
shrinkage=0.01


Tree=308
num_leaves=12
num_cat=0
split_feature=4 2 6 5 4 9 5 9 7 3 5
split_gain=7.05886 8.41929 3.3519 3.3213 1.90293 3.08925 2.96052 2.33679 2.48388 0.693334 0.327329
threshold=0.80750000000000022 0.20750000000000002 1.1285000000000001 44.512000000000008 0.90250000000000019 0.51650000000000007 38.482500000000009 0.79200000000000015 0.17350000000000002 65.575500000000019 31.773000000000003
decision_type=2 2 2 2 2 2 2 2 2 2 2
left_child=1 2 -1 4 5 6 -2 8 -6 10 -9
right_child=3 -3 -4 -5 7 -7 -8 9 -10 -11 -12
leaf_value=0.0095433657187404056 -0.00086127353633971924 -0.0014120464422264878 0.0026256401060109442 0.0025822626517878638 0.0040339980379511149 0 -0.0063566035994074566 -0.00022977355303186359 -0.00060117635031252403 0 -0.0028719971851626442
leaf_weight=15.999999999999998 23 24 23 22 19 27 27 15.999999999999998 21 20 33
leaf_count=16 23 24 23 22 19 27 27 16 21 20 33
internal_value=0 0.00290666 0.00580172 -0.000901357 -0.00137284 -0.00259933 -0.00406033 -0.000407173 0.00137624 -0.00158738 -0.00222229
internal_weight=271 63 39 208 186 77 50 109 40 69 49
internal_count=271 63 39 208 186 77 50 109 40 69 49
is_linear=0
shrinkage=0.01


Tree=309
num_leaves=12
num_cat=0
split_feature=5 10 2 10 9 8 8 8 8 1 8
split_gain=4.98041 11.3417 2.74706 3.54373 2.33553 3.25992 5.97287 4.64492 4.13011 0.594568 0.106292
threshold=44.512000000000008 0.44250000000000006 0.22250000000000003 0.46250000000000008 0.71850000000000003 0.30550000000000005 0.24950000000000003 0.35650000000000004 0.41450000000000004 0.33250000000000007 0.18050000000000002
decision_type=2 2 2 2 2 2 2 2 2 2 2
left_child=2 -2 4 -4 5 6 -1 -7 -9 -6 -11
right_child=1 -3 3 -5 9 7 -8 8 -10 10 -12
leaf_value=0 0.0083736923129059549 -0.0010827305045994844 -0.0059264462641099606 0 0 -0.0042696199665466948 0.0079451753823987902 0.0041454565471836496 -0.0016708612927170687 -0.0030534192609290283 -0.00098088201410825035
leaf_weight=27 21 27 20 17 28 22 14.999999999999998 24 21 22 27
leaf_count=27 21 27 20 17 28 22 15 24 21 22 27
internal_value=0 0.00289194 -0.000643045 -0.00312258 -8.91365e-05 0.000793157 0.00299475 -0.00045076 0.00122286 -0.00146419 -0.00213487
internal_weight=271 48 223 37 186 109 42 67 45 77 49
internal_count=271 48 223 37 186 109 42 67 45 77 49
is_linear=0
shrinkage=0.01


Tree=310
num_leaves=12
num_cat=0
split_feature=4 2 6 5 4 9 5 9 5 3 5
split_gain=6.85496 8.22182 3.26568 3.19861 1.86953 3.02336 2.88732 2.2737 1.41632 0.678303 0.320862
threshold=0.80750000000000022 0.20750000000000002 1.1285000000000001 44.512000000000008 0.90250000000000019 0.51650000000000007 38.482500000000009 0.79200000000000015 33.64950000000001 65.575500000000019 31.773000000000003
decision_type=2 2 2 2 2 2 2 2 2 2 2
left_child=1 2 -1 4 5 6 -2 8 -6 10 -9
right_child=3 -3 -4 -5 7 -7 -8 9 -10 -11 -12
leaf_value=0.009420760210716363 -0.00084796735263885348 -0.0014013572022014734 0.0025823770479318944 0.0025255719919999443 -0.00054120047799041194 0 -0.0062824358140880412 -0.00021239012479782105 0.0028853627094341549 0 -0.0028307516583755839
leaf_weight=15.999999999999998 23 24 23 22 14.999999999999998 27 27 15.999999999999998 25 20 33
leaf_count=16 23 24 23 22 15 27 27 16 25 20 33
internal_value=0 0.00286292 0.00572477 -0.000889675 -0.00135294 -0.00256836 -0.00401375 -0.000395201 0.00136267 -0.00156061 -0.00218858
internal_weight=271 63 39 208 186 77 50 109 40 69 49
internal_count=271 63 39 208 186 77 50 109 40 69 49
is_linear=0
shrinkage=0.01


Tree=311
num_leaves=12
num_cat=0
split_feature=5 10 7 10 8 8 8 0 5 7 8
split_gain=4.78979 11.1214 6.62289 5.68359 2.34201 3.19822 3.17143 1.04719 0.63164 0.545046 0.320219
threshold=44.512000000000008 0.44250000000000006 0.041500000000000009 0.44250000000000006 0.29350000000000004 0.26250000000000007 0.36050000000000004 0.6625000000000002 40.756000000000007 0.22950000000000004 0.17250000000000001
decision_type=2 2 2 2 2 2 2 2 2 2 2
left_child=2 -2 3 -1 5 8 -6 -8 9 10 -4
right_child=1 -3 4 -5 6 -7 7 -9 -10 -11 -12
leaf_value=-0.00019610129522554801 0.0082648131979066279 -0.0010988719409162349 -0.00042966917394957646 0.0076130427374984282 -0.0054296197456512917 0.0033715622935976304 0.00083121777371023638 -0.0021915071378362941 0.00021926294291211714 0 -0.0026149733468448502
leaf_weight=15.999999999999998 21 27 23 15.999999999999998 29 17 15.999999999999998 23 14.999999999999998 26 42
leaf_count=16 21 27 23 16 29 17 16 23 15 26 42
internal_value=0 0.00283453 -0.000632116 0.00345783 -0.0013768 -0.000450999 -0.00288991 -0.000703426 -0.0011709 -0.00150928 -0.00200357
internal_weight=271 48 223 32 191 123 68 39 106 91 65
internal_count=271 48 223 32 191 123 68 39 106 91 65
is_linear=0
shrinkage=0.01


Tree=312
num_leaves=13
num_cat=0
split_feature=4 2 6 5 4 9 5 9 7 1 0 5
split_gain=6.63494 8.08782 3.17388 3.07679 1.83778 2.97175 2.82279 2.24214 2.42816 0.391907 0.671865 0.231431
threshold=0.80750000000000022 0.20750000000000002 1.1285000000000001 44.512000000000008 0.90250000000000019 0.51650000000000007 38.482500000000009 0.79200000000000015 0.17350000000000002 0.35250000000000004 0.57750000000000001 32.781000000000013
decision_type=2 2 2 2 2 2 2 2 2 2 2 2
left_child=1 2 -1 4 5 6 -2 8 -6 10 -9 -12
right_child=3 -3 -4 -5 7 -7 -8 9 -10 -11 11 -13
leaf_value=0.0093035036415764789 -0.00083322494112430731 -0.0014120221411695285 0.0025481338830704386 0.0024700057274765438 0.0039925293462016644 0 -0.0062128470194610687 0.00039240073311973262 -0.00058580041603120258 -0.0028823352414508196 -3.0920274796024438e-05 -0.002697222915387923
leaf_weight=15.999999999999998 23 24 23 22 19 27 27 18 21 21 15.000000000000002 14.999999999999998
leaf_count=16 23 24 23 22 19 27 27 18 21 21 15 15
internal_value=0 0.00281566 0.00565542 -0.000876195 -0.00133116 -0.0025358 -0.00396899 -0.000381163 0.00136443 -0.00153953 -0.000722202 -0.0017143
internal_weight=271 63 39 208 186 77 50 109 40 69 48 30
internal_count=271 63 39 208 186 77 50 109 40 69 48 30
is_linear=0
shrinkage=0.01


Tree=313
num_leaves=14
num_cat=0
split_feature=4 2 6 7 7 9 4 7 7 4 9 8 8
split_gain=6.50916 7.94199 3.10209 1.96233 2.73515 2.80729 3.58007 2.22567 1.83661 1.21048 1.06368 0.756163 0.458144
threshold=0.80750000000000022 0.20750000000000002 1.1285000000000001 0.092500000000000013 0.19800000000000004 0.70350000000000013 0.85450000000000015 0.22750000000000004 0.062500000000000014 0.99050000000000005 0.64850000000000019 0.27750000000000008 0.19050000000000003
decision_type=2 2 2 2 2 2 2 2 2 2 2 2 2
left_child=1 2 -1 8 5 6 -5 -6 11 10 -9 -2 -7
right_child=3 -3 -4 4 7 12 -8 9 -10 -11 -12 -13 -14
leaf_value=0.0092132876452171442 -0.0025957009628895791 -0.0013981901033192265 0.00252319464658169 -0.0002950251904817728 -0.0044397100537668828 -0.0020542764033262546 0.0048630804094698344 -0.001298044581671019 -0.0056637110056415689 -0.0028786934503624516 0.0017459823373778193 0 0
leaf_weight=15.999999999999998 14.999999999999998 24 23 19 21 19 28 18 14.999999999999998 14.999999999999998 25 18 14.999999999999998
leaf_count=16 15 24 23 19 21 19 28 18 15 15 25 18 15
internal_value=0 0.00278833 0.00560289 -0.000868358 -0.000262894 0.000949328 0.00258621 -0.00162975 -0.00265687 -0.000412154 0.00024158 -0.000927482 -0.00102825
internal_weight=271 63 39 208 160 81 47 79 48 58 43 33 34
internal_count=271 63 39 208 160 81 47 79 48 58 43 33 34
is_linear=0
shrinkage=0.01


Tree=314
num_leaves=12
num_cat=0
split_feature=4 2 5 5 4 9 5 9 5 3 5
split_gain=6.38808 7.7989 3.01018 2.46346 1.79664 2.90132 2.76092 2.15917 1.39414 0.651819 0.320082
threshold=0.80750000000000022 0.20750000000000002 44.512000000000008 44.758500000000005 0.90250000000000019 0.51650000000000007 38.482500000000009 0.79200000000000015 33.64950000000001 65.575500000000019 31.773000000000003
decision_type=2 2 2 2 2 2 2 2 2 2 2
left_child=1 3 4 -1 5 6 -2 8 -6 10 -9
right_child=2 -3 -4 -5 7 -7 -8 9 -10 -11 -12
leaf_value=0.0079089883830812252 -0.00081297380810088301 -0.0013844935352704962 0.002447449952363968 0.0017890071251562664 -0.00054733614046727458 0 -0.0061382366229187357 -0.00016668246099443146 0.0028520423151990946 0 -0.0027595380171021415
leaf_weight=22 23 24 22 17 14.999999999999998 27 27 15.999999999999998 25 20 33
leaf_count=22 23 24 22 17 15 27 27 16 25 20 33
internal_value=0 0.00276126 -0.000861236 0.00555088 -0.00131172 -0.00250278 -0.00391894 -0.000371419 0.00133934 -0.00150955 -0.00212515
internal_weight=271 63 208 39 186 77 50 109 40 69 49
internal_count=271 63 208 39 186 77 50 109 40 69 49
is_linear=0
shrinkage=0.01


Tree=315
num_leaves=13
num_cat=0
split_feature=6 8 8 1 7 8 5 8 7 7 6 4
split_gain=4.75364 7.21911 6.79194 6.8966 2.72061 2.96295 2.53452 2.32737 1.5557 1.32399 0.805214 0.584975
threshold=1.1955000000000002 0.34450000000000003 0.26900000000000007 0.32750000000000007 0.023500000000000004 0.40950000000000003 40.433500000000009 0.23950000000000002 0.22250000000000003 0.12550000000000003 1.3655000000000002 0.97050000000000003
decision_type=2 2 2 2 2 2 2 2 2 2 2 2
left_child=1 2 3 -1 -2 6 7 10 -9 -8 -6 -12
right_child=4 -3 -4 -5 5 -7 9 8 -10 -11 11 -13
leaf_value=0.0077813257869671698 -0.0041700663013117655 0.0076199890582299814 -0.0049902441761186045 0 0.00039245949723781684 0.0030506853084519225 -0.00021809584483867739 0.0033962107322325829 0 -0.0043843100969162257 -0.003152337295886798 -0.00036198565767983258
leaf_weight=15.999999999999998 17 20 14.999999999999998 29 19 26 20 28 18 22 19 29
leaf_count=16 17 20 15 29 19 26 20 28 18 22 19 29
internal_value=0.000385977 0.00245354 0.000517362 0.00260767 -0.000403101 0 -0.000565161 0.000134232 0.00192971 -0.0026616 -0.000955499 -0.0016938
internal_weight=278 80 60 45 198 181 155 113 46 42 67 48
internal_count=278 80 60 45 198 181 155 113 46 42 67 48
is_linear=0
shrinkage=0.01


Tree=316
num_leaves=13
num_cat=0
split_feature=6 8 8 1 7 8 5 8 7 7 6 4
split_gain=4.66104 7.08153 6.6581 6.76838 2.66661 2.90706 2.48797 2.27975 1.52793 1.29307 0.792856 0.570385
threshold=1.1955000000000002 0.34450000000000003 0.26900000000000007 0.32750000000000007 0.023500000000000004 0.40950000000000003 40.433500000000009 0.23950000000000002 0.22250000000000003 0.12550000000000003 1.3655000000000002 0.97050000000000003
decision_type=2 2 2 2 2 2 2 2 2 2 2 2
left_child=1 2 3 -1 -2 6 7 10 -9 -8 -6 -12
right_child=4 -3 -4 -5 5 -7 9 8 -10 -11 11 -13
leaf_value=0.0077058707775943206 -0.0041295571199485232 0.0075456475684555569 -0.0049419515171358662 0 0.00038863549247766154 0.0030207539251390493 -0.00021596809258548225 0.0033628444461838197 0 -0.0043414413614405525 -0.0031216221608412571 -0.00035842717956688445
leaf_weight=15.999999999999998 17 20 14.999999999999998 29 19 26 20 28 18 22 19 29
leaf_count=16 17 20 15 29 19 26 20 28 18 22 19 29
internal_value=0.000380885 0.00242844 0.000509156 0.00258031 -0.000400067 0 -0.000560746 0.000131399 0.00190926 -0.00263788 -0.000946175 -0.00167928
internal_weight=278 80 60 45 198 181 155 113 46 42 67 48
internal_count=278 80 60 45 198 181 155 113 46 42 67 48
is_linear=0
shrinkage=0.01


Tree=317
num_leaves=13
num_cat=0
split_feature=6 8 8 1 7 8 9 9 7 8 6 4
split_gain=4.57023 6.9466 6.52686 6.64258 2.61367 2.85225 1.8584 6.77229 2.15522 1.47408 0.815895 0.672199
threshold=1.1955000000000002 0.34450000000000003 0.26900000000000007 0.32750000000000007 0.023500000000000004 0.40950000000000003 0.50850000000000006 0.40250000000000008 0.12550000000000003 0.22350000000000003 1.5830000000000004 0.97050000000000003
decision_type=2 2 2 2 2 2 2 2 2 2 2 2
left_child=1 2 3 -1 -2 6 7 -6 -8 11 -11 -10
right_child=4 -3 -4 -5 5 -7 8 -9 9 10 -12 -13
leaf_value=0.0076311469495748034 -0.0040894414080040794 0.0074720317088976139 -0.0048941261777954714 0 0.0021082710235928877 0.0029911163842902995 0.002926278686357869 -0.005195919514679518 -0.0033366063700334446 -0.00025086925111033698 0.0024094518671768741 -0.00042158100582086129
leaf_weight=15.999999999999998 17 20 14.999999999999998 29 19 26 22 30 18 15.999999999999998 18 32
leaf_count=16 17 20 15 29 19 26 22 30 18 16 18 32
internal_value=0.000375843 0.00240359 0.00050103 0.00255321 -0.000397062 0 -0.000556373 -0.00216897 0.000101861 -0.000532463 0.000882189 -0.00169166
internal_weight=278 80 60 45 198 181 155 49 106 84 34 50
internal_count=278 80 60 45 198 181 155 49 106 84 34 50
is_linear=0
shrinkage=0.01


Tree=318
num_leaves=14
num_cat=0
split_feature=6 8 8 1 6 8 3 0 5 3 5 4 4
split_gain=4.47838 6.81428 6.39817 6.51915 2.29744 2.31215 2.94129 4.69042 1.80571 1.71463 0.896756 0.162303 0.399682
threshold=1.1955000000000002 0.34450000000000003 0.26900000000000007 0.32750000000000007 1.2395000000000003 0.26250000000000007 53.933000000000007 0.64750000000000008 38.822500000000005 57.279500000000006 34.743000000000009 0.98650000000000004 1.0570000000000002
decision_type=2 2 2 2 2 2 2 2 2 2 2 2 2
left_child=1 2 3 -1 -2 8 -7 -8 10 -9 11 -6 -13
right_child=4 -3 -4 -5 5 6 7 9 -10 -11 -12 12 -14
leaf_value=0.0075571481477130541 -0.0039725854733225069 0.0073991337954634577 -0.0048467637646582816 0 -0.0022159728091774565 0.0041539141146673102 0.0032375469751525342 0 -0.0040947628051445292 -0.0041865288370694868 0.0011894182679129809 0.0003701107203960418 -0.0015810688472155368
leaf_weight=15.999999999999998 15.999999999999998 20 14.999999999999998 29 15.999999999999998 22 28 28 18 19 20 15.000000000000002 15.999999999999998
leaf_count=16 16 20 15 29 16 22 28 28 18 19 20 15 16
internal_value=0.000371507 0.00237898 0.000492982 0.00252638 -0.000393163 -1.36723e-05 0.000982455 0 -0.00126649 -0.00189355 -0.000333798 -0.0011982 -0.000328601
internal_weight=278 80 60 45 198 182 97 75 85 47 67 47 31
internal_count=278 80 60 45 198 182 97 75 85 47 67 47 31
is_linear=0
shrinkage=0.01


Tree=319
num_leaves=14
num_cat=0
split_feature=6 8 8 1 4 8 9 9 8 10 3 1 10
split_gain=4.38993 6.68452 6.27198 6.39806 2.28306 3.53831 2.19606 2.61131 2.11258 0.781081 0.810499 0.725721 0.4171
threshold=1.1955000000000002 0.34450000000000003 0.26900000000000007 0.32750000000000007 0.79750000000000021 0.43000000000000005 0.51650000000000007 0.41750000000000004 0.23950000000000002 0.45750000000000007 53.215000000000011 0.33750000000000008 0.43250000000000005
decision_type=2 2 2 2 2 2 2 2 2 2 2 2 2
left_child=1 2 3 -1 -2 6 7 -6 9 12 -11 -10 -8
right_child=4 -3 -4 -5 5 -7 8 -9 11 10 -12 -13 -14
leaf_value=0.0074838667769323696 -0.0030657698945565658 0.0073269472934487387 -0.0047998594300400826 0 0 0.0039378280864983076 -0.00015231878292269824 -0.0043849061176461993 0.0036488934673177893 -0.00098499305065601083 0.002089508067696325 8.5989213415554603e-05 -0.0030041247854630153
leaf_weight=15.999999999999998 27 20 14.999999999999998 29 23 20 20 26 19 15.000000000000002 14.999999999999998 17 15.999999999999998
leaf_count=16 27 20 15 29 23 20 20 26 19 15 15 17 16
internal_value=0.000366839 0.00235461 0.000485013 0.00249981 -0.000389829 0 -0.000487114 -0.00224011 0.000264269 -0.000685272 0.000233442 0.00226461 -0.00171755
internal_weight=278 80 60 45 198 171 151 49 102 66 30 36 36
internal_count=278 80 60 45 198 171 151 49 102 66 30 36 36
is_linear=0
shrinkage=0.01


Tree=320
num_leaves=15
num_cat=0
split_feature=6 8 8 9 2 8 10 5 10 5 8 6 5 8
split_gain=4.30077 6.55726 6.14824 4.64392 2.35542 1.54077 2.35414 1.9106 2.26099 1.6143 1.20973 2.04073 0.42879 0.184737
threshold=1.1955000000000002 0.34450000000000003 0.26900000000000007 0.52300000000000013 0.24250000000000002 0.39550000000000007 0.44250000000000006 39.69400000000001 0.43750000000000006 33.81600000000001 0.29350000000000004 1.5145000000000002 30.199500000000004 0.18050000000000002
decision_type=2 2 2 2 2 2 2 2 2 2 2 2 2 2
left_child=1 2 3 -1 5 7 -7 9 -9 12 11 -11 -2 -14
right_child=4 -3 -4 -5 -6 6 -8 8 -10 10 -12 -13 13 -15
leaf_value=0.0058753942507644031 -0.0023531568723340187 0.0072554646091671981 -0.0047534092395536357 -0.00015417430692409373 -0.0035958870809252668 -0.00029256216052806741 0.0045176097367491041 0.00013059074792898061 -0.0040942498099691468 0.004783188436084833 -0.00023770203994166468 0 -0.00099328067047255381 0.00024088700198464922
leaf_weight=21 14.999999999999998 20 14.999999999999998 24 20 15.999999999999998 17 15.999999999999998 26 19 14.999999999999998 14.999999999999998 17 22
leaf_count=21 15 20 15 24 20 16 17 16 26 19 15 15 17 22
internal_value=0.0003628 0.00233047 0.000477122 0.00247349 -0.000385709 0 0.00191734 -0.00046102 -0.00226689 0.00018613 0.00156971 0.00264885 -0.000888741 -4.96824e-05
internal_weight=278 80 60 45 198 178 33 145 42 103 49 34 54 39
internal_count=278 80 60 45 198 178 33 145 42 103 49 34 54 39
is_linear=0
shrinkage=0.01


Tree=321
num_leaves=14
num_cat=0
split_feature=8 0 0 9 9 9 8 8 8 7 7 10 4
split_gain=4.19913 4.6946 6.96976 3.19437 4.46871 2.90265 3.59913 1.27311 1.10839 0.668764 1.59714 1.13315 0.281036
threshold=0.35750000000000004 0.65250000000000019 0.70750000000000013 0.39300000000000007 0.34750000000000003 0.50850000000000006 0.28700000000000003 0.23950000000000002 0.29350000000000004 0.11950000000000001 0.17850000000000002 0.46250000000000008 0.81950000000000001
decision_type=2 2 2 2 2 2 2 2 2 2 2 2 2
left_child=3 12 -3 4 -1 6 -5 9 -9 -7 -11 -12 -2
right_child=1 2 -4 5 -6 7 -8 8 -10 10 11 -13 -14
leaf_value=-0.00058181538113525938 0.0070359253979316253 -0.0049939394718216314 0.0039898239916715868 0 0.0062642493618257121 0.00053719438044581478 -0.005324941877614368 0.0030862719775774541 0 -0.0034836693141195507 -0.0012137831632100359 0.0019857480400992979 0.00277808383407612
leaf_weight=17 16.000000000000004 14.999999999999998 19 19 15.999999999999998 20 27 19 23 22 35 14.999999999999998 14.999999999999998
leaf_count=17 16 15 19 19 16 20 27 19 23 22 35 15 15
internal_value=0.00035814 0.00258853 0 -0.000280124 0.00248294 -0.000847561 -0.00300483 -2.42381e-05 0.00132754 -0.0007533 -0.00125093 -4.57467e-05 0.00536994
internal_weight=278 65 34 213 33 180 46 134 42 92 72 50 31
internal_count=278 65 34 213 33 180 46 134 42 92 72 50 31
is_linear=0
shrinkage=0.01


Tree=322
num_leaves=11
num_cat=0
split_feature=6 9 9 7 7 4 5 9 5 6
split_gain=4.17063 5.462 2.91623 2.54464 2.39454 3.04257 1.79961 1.09012 1.49056 0.985727
threshold=1.1955000000000002 0.49750000000000005 0.34750000000000003 0.023500000000000004 0.048000000000000008 0.80500000000000016 29.834000000000003 0.47850000000000004 40.188500000000005 1.0895000000000004
decision_type=2 2 2 2 2 2 2 2 2 2
left_child=1 2 -1 -2 -5 -6 -7 -8 -9 -3
right_child=3 9 -4 4 5 6 7 8 -10 -11
leaf_value=0.00064573858436700463 -0.0040236398684126993 -0.0024733033223134099 0.006490884893494895 0.0036026239237098986 -0.0046110614052703299 -0.0031803014225536782 0.0021925603313879532 0.00060697032952915415 -0.0021538214553512782 0.00068504835319306166
leaf_weight=18 17 15.999999999999998 29 15.999999999999998 14.999999999999998 14.999999999999998 27 83 25 17
leaf_count=18 17 16 29 16 15 15 27 83 25 17
internal_value=0.000355205 0.00229324 0.00449321 -0.000381267 0 -0.000391004 0 0.00041369 0 -0.000561826
internal_weight=278 80 47 198 181 165 150 135 108 33
internal_count=278 80 47 198 181 165 150 135 108 33
is_linear=0
shrinkage=0.01


Tree=323
num_leaves=14
num_cat=0
split_feature=6 9 9 2 0 10 6 5 10 0 6 6 5
split_gain=4.09376 5.35861 2.85034 2.29703 1.20123 3.29394 3.65499 2.54533 2.31873 2.42435 1.16403 0.967773 0.685339
threshold=1.1955000000000002 0.49750000000000005 0.34750000000000003 0.24250000000000002 0.70750000000000013 0.43250000000000005 1.5320000000000003 40.898000000000003 0.44750000000000006 0.64750000000000008 1.6870000000000001 1.0895000000000004 34.789500000000011
decision_type=2 2 2 2 2 2 2 2 2 2 2 2 2
left_child=1 2 -1 4 7 -6 -7 8 12 -10 -8 -3 -2
right_child=3 11 -4 -5 5 6 10 -9 9 -11 -12 -13 -14
leaf_value=0.00063945568896628716 0 -0.002449319769035686 0.0064270761820598181 -0.0035476672585781029 0.0049343733354048295 0.0036859290775927631 -0.003732623171967429 -0.0031924502387390297 0.0045539367246704224 -4.6431762543884485e-05 0 0.00067839358347867207 -0.0026798112805073077
leaf_weight=18 25 15.999999999999998 29 20 15.999999999999998 15.999999999999998 18 29 19 18 18 17 19
leaf_count=18 25 16 29 20 16 16 18 29 19 18 18 17 19
internal_value=0.000351613 0.00227189 0.00445113 -0.000377645 0 0.00102784 -1.92342e-05 -0.0006574 0.000141528 0.00207847 -0.00196788 -0.000553489 -0.0012676
internal_weight=278 80 47 198 178 68 52 110 81 37 36 33 44
internal_count=278 80 47 198 178 68 52 110 81 37 36 33 44
is_linear=0
shrinkage=0.01


Tree=324
num_leaves=14
num_cat=0
split_feature=7 6 7 8 6 9 9 6 1 7 7 8 8
split_gain=6.93899 9.09617 4.22586 3.14477 3.82488 7.5241 2.24229 2.5516 1.59749 1.17864 1.0128 0.343341 0.0613737
threshold=0.045500000000000006 1.1045000000000003 0.0095000000000000015 0.32950000000000007 1.5595000000000001 0.46700000000000008 0.49250000000000005 1.3815000000000002 0.33750000000000008 0.18550000000000003 0.11300000000000002 0.17750000000000002 0.22700000000000004
decision_type=2 2 2 2 2 2 2 2 2 2 2 2 2
left_child=1 -1 -3 6 5 -5 7 -2 9 -8 -10 -12 -13
right_child=3 2 -4 4 -6 -7 8 -9 10 -11 11 12 -14
leaf_value=0.0087698346194697591 -0.00043308183651518181 -0.0033487231916550439 0.003794381887172208 0.002846558169885115 0.0047743656780830654 -0.0055087631898266933 0.0022738999465726456 -0.0066914528800595197 0.00029663770241783032 -0.00071260783152702527 -0.0035594134653608007 -0.00015102354664769439 -0.0017801494010396908
leaf_weight=20 18 15.999999999999998 15.999999999999998 27 21 17 26 14.999999999999998 14.999999999999998 19 19 22 18
leaf_count=20 18 16 16 27 21 17 26 15 15 19 19 22 18
internal_value=0.000278858 0.00356448 0 -0.000468886 0.00129047 -0.000182539 -0.00128858 -0.00363372 -0.000542083 0.000799176 -0.00149183 -0.00211327 -0.00114397
internal_weight=269 52 32 217 65 44 152 33 119 45 74 59 40
internal_count=269 52 32 217 65 44 152 33 119 45 74 59 40
is_linear=0
shrinkage=0.01


Tree=325
num_leaves=15
num_cat=0
split_feature=7 6 7 8 6 9 9 6 1 4 7 8 7 4
split_gain=6.80806 8.91952 4.1443 3.08923 3.75044 7.37849 2.19967 2.49551 1.56669 1.74255 0.99846 0.330723 0.320907 0.289478
threshold=0.045500000000000006 1.1045000000000003 0.0095000000000000015 0.32950000000000007 1.5595000000000001 0.46700000000000008 0.49250000000000005 1.3815000000000002 0.33750000000000008 0.92050000000000021 0.11300000000000002 0.17750000000000002 0.20650000000000002 0.97900000000000009
decision_type=2 2 2 2 2 2 2 2 2 2 2 2 2 2
left_child=1 -1 -3 6 5 -5 7 -2 9 -8 -10 -12 -11 -13
right_child=3 2 -4 4 -6 -7 8 -9 10 12 11 13 -14 -15
leaf_value=0.0086842751711970426 -0.00042886803681785996 -0.0033162507979255735 0.00375758787447756 0.0028186100938103415 0.0047277324248191921 -0.0054552495713744839 0.0035876549107413135 -0.006626696894245763 0.00029376711245746381 0.00021932997530506499 -0.003524732150328465 -0.0018581938474102222 -0.0014904251592534204 0
leaf_weight=20 18 15.999999999999998 15.999999999999998 27 21 17 14.999999999999998 14.999999999999998 14.999999999999998 15.000000000000002 19 23 14.999999999999998 17
leaf_count=20 18 16 16 27 21 17 15 15 15 15 19 23 15 17
internal_value=0.000274967 0.00352971 0 -0.000465315 0.00127773 -0.000178766 -0.00127801 -0.00360143 -0.000537651 0.000789158 -0.0014786 -0.00209596 -0.000318098 -0.00113524
internal_weight=269 52 32 217 65 44 152 33 119 45 74 59 30 40
internal_count=269 52 32 217 65 44 152 33 119 45 74 59 30 40
is_linear=0
shrinkage=0.01


Tree=326
num_leaves=13
num_cat=0
split_feature=5 1 5 7 5 7 8 7 4 8 0 0
split_gain=7.37811 5.39466 7.43931 4.76508 6.58744 2.51376 2.75605 1.82972 1.65171 0.788098 0.768606 0.561722
threshold=43.567500000000003 0.32750000000000007 46.303500000000007 0.041500000000000009 39.074000000000005 0.080500000000000016 0.37350000000000005 0.18550000000000003 0.90950000000000009 0.21750000000000003 0.70750000000000013 0.65250000000000019
decision_type=2 2 2 2 2 2 2 2 2 2 2 2
left_child=3 2 -2 4 -1 -5 7 9 -9 10 -7 -10
right_child=1 -3 -4 5 -6 6 -8 8 11 -11 -12 -13
leaf_value=0.0077511311382535957 0.011190927004621876 -0.00062316337318131423 0.0013471312231795732 -0.0038779653394121236 -0.0010445557090063248 0 0.0026395140371696896 -0.0053895019355320161 -0.0023968429163926178 0.0012536256574094296 -0.0025738646101319432 0
leaf_weight=15.000000000000002 14.999999999999998 15.999999999999998 21 29 14.999999999999998 25 21 14.999999999999998 22 29 15.999999999999998 30
leaf_count=15 15 16 21 29 15 25 21 15 22 29 16 30
internal_value=0.000271786 0.00365982 0.0058198 -0.000500662 0.00308039 -0.00113518 -0.000558019 -0.00112869 -0.00230343 0 -0.000884243 -0.00117989
internal_weight=269 52 36 217 30 187 158 137 67 70 41 52
internal_count=269 52 36 217 30 187 158 137 67 70 41 52
is_linear=0
shrinkage=0.01


Tree=327
num_leaves=14
num_cat=0
split_feature=5 1 5 7 5 7 7 4 9 9 1 5 0
split_gain=7.23797 5.30178 7.28509 4.66872 6.46646 2.46191 2.44148 2.00637 1.95658 1.8377 1.40115 0.761303 0.930137
threshold=43.567500000000003 0.32750000000000007 46.303500000000007 0.041500000000000009 39.074000000000005 0.080500000000000016 0.18300000000000002 0.89550000000000007 0.62050000000000016 0.46350000000000008 0.33750000000000008 35.250000000000007 0.63750000000000007
decision_type=2 2 2 2 2 2 2 2 2 2 2 2 2
left_child=3 2 -2 4 -1 -5 8 -8 9 -7 -10 12 -9
right_child=1 -3 -4 5 -6 6 7 11 10 -11 -12 -13 -14
leaf_value=0.0076761202868675018 0.011082627857404371 -0.00061712050979787652 0.0013339732102183408 -0.0038398430010272286 -0.001034447097730252 0 -0.004932013450988702 -0.0036207940357346692 0.00136882719974364 0.0043583091548303277 -0.0021776708603243938 0.00042919641750496486 -8.6381853981451552e-05
leaf_weight=15.000000000000002 14.999999999999998 15.999999999999998 21 29 14.999999999999998 15.999999999999998 17 14.999999999999998 14.999999999999998 20 27 21 27
leaf_count=15 15 16 21 29 15 16 17 15 15 20 27 21 27
internal_value=0.000268397 0.00362436 0.00576606 -0.000496302 0.00304741 -0.00112476 -0.000552784 -0.00180845 0.000611007 0.00237351 -0.000674568 -0.000775907 -0.00161171
internal_weight=269 52 36 217 30 187 158 80 78 36 42 63 42
internal_count=269 52 36 217 30 187 158 80 78 36 42 63 42
is_linear=0
shrinkage=0.01


Tree=328
num_leaves=14
num_cat=0
split_feature=5 1 5 7 5 7 7 4 9 9 1 5 0
split_gain=7.10045 5.21059 7.13395 4.57422 6.34774 2.41115 2.39729 1.96405 1.91622 1.80326 1.3752 0.749706 0.90914
threshold=43.567500000000003 0.32750000000000007 46.303500000000007 0.041500000000000009 39.074000000000005 0.080500000000000016 0.18300000000000002 0.89550000000000007 0.62050000000000016 0.46350000000000008 0.33750000000000008 35.250000000000007 0.63750000000000007
decision_type=2 2 2 2 2 2 2 2 2 2 2 2 2
left_child=3 2 -2 4 -1 -5 8 -8 9 -7 -10 12 -9
right_child=1 -3 -4 5 -6 6 7 11 10 -11 -12 -13 -14
leaf_value=0.007601835216665939 0.010975376509370343 -0.00061113636150504603 0.0013209437717532002 -0.0038020954072727998 -0.0010244363870832228 0 -0.0048841026936258585 -0.0035857541561727562 0.0013555804808293621 0.0043157890548066397 -0.0021562899629670109 0.0004250042435041694 -8.5533701560714032e-05
leaf_weight=15.000000000000002 14.999999999999998 15.999999999999998 21 29 14.999999999999998 15.999999999999998 17 14.999999999999998 14.999999999999998 20 27 21 27
leaf_count=15 15 16 21 29 15 16 17 15 15 20 27 21 27
internal_value=0.000265055 0.00358924 0.00571284 -0.000491966 0.00301474 -0.00111441 -0.000547574 -0.00179212 0.000604778 0.00234963 -0.000665564 -0.000768406 -0.00159839
internal_weight=269 52 36 217 30 187 158 80 78 36 42 63 42
internal_count=269 52 36 217 30 187 158 80 78 36 42 63 42
is_linear=0
shrinkage=0.01


Tree=329
num_leaves=14
num_cat=0
split_feature=5 1 5 7 5 7 7 9 9 9 1 5 7
split_gain=6.96557 5.12105 6.98581 4.4816 6.23126 2.36141 2.35391 1.87669 1.8567 1.76948 1.34974 1.23746 0.149838
threshold=43.567500000000003 0.32750000000000007 46.303500000000007 0.041500000000000009 39.074000000000005 0.080500000000000016 0.18300000000000002 0.62050000000000016 0.64100000000000013 0.46350000000000008 0.33750000000000008 33.440000000000005 0.24350000000000002
decision_type=2 2 2 2 2 2 2 2 2 2 2 2 2
left_child=3 2 -2 4 -1 -5 7 9 -8 -7 -9 12 -10
right_child=1 -3 -4 5 -6 6 8 10 11 -11 -12 -13 -14
leaf_value=0.0075282691443722015 0.010869163243520646 -0.00060521021033778334 0.0013080414453911227 -0.0037647188492750715 -0.0010145224546713213 0 -0.0040119505357348699 0.0013424619791969174 -0.0024248541020447526 0.004273683694077701 -0.0021351191789250484 0.0012621685413595958 -9.9977620186344278e-05
leaf_weight=15.000000000000002 14.999999999999998 15.999999999999998 21 29 14.999999999999998 15.999999999999998 26 14.999999999999998 20 20 27 19 14.999999999999998
leaf_count=15 15 16 21 29 15 16 26 15 20 20 27 19 15
internal_value=0.000261744 0.00355446 0.00566013 -0.000487673 0.0029824 -0.00110417 -0.000542415 0.000598608 -0.00177594 0.00232598 -0.00065665 -0.000488933 -0.00172561
internal_weight=269 52 36 217 30 187 158 78 80 36 42 54 35
internal_count=269 52 36 217 30 187 158 78 80 36 42 54 35
is_linear=0
shrinkage=0.01


Tree=330
num_leaves=13
num_cat=0
split_feature=6 7 8 10 6 9 9 3 4 7 9 4
split_gain=6.27644 9.85423 3.19363 4.06504 3.65184 2.06212 1.63433 2.08767 1.02709 0.622223 1.24468 0.276653
threshold=1.1045000000000003 0.056000000000000008 0.32950000000000007 0.42750000000000005 1.5595000000000001 0.41900000000000004 0.49250000000000005 59.25950000000001 0.91800000000000015 0.15450000000000003 0.86550000000000005 1.0570000000000002
decision_type=2 2 2 2 2 2 2 2 2 2 2 2
left_child=1 -1 6 -4 5 -5 7 -2 -8 -10 -11 -12
right_child=2 -3 3 4 -6 -7 8 -9 9 10 11 -13
leaf_value=0.0086083447417720799 -0.0058629255403171892 -0.00061751886595820277 0.0051633249481136982 0.00074062628581398921 0.0036114845465163928 -0.0034197387735952029 0.0011232179248084624 -0.00083225809163966428 0 -0.0037599234053721799 0.00015569774842843777 -0.001367139720147656
leaf_weight=21 15.999999999999998 21 19 14.999999999999998 18 27 25 29 24 19 20 14.999999999999998
leaf_count=21 16 21 19 15 18 27 25 29 24 19 20 15
internal_value=0.000258516 0.00380712 -0.000361023 0.00119414 0 -0.00170737 -0.00125971 -0.00288549 -0.000442289 -0.0010754 -0.00167555 -0.00022532
internal_weight=269 42 227 79 60 42 148 45 103 78 54 35
internal_count=269 42 227 79 60 42 148 45 103 78 54 35
is_linear=0
shrinkage=0.01


Tree=331
num_leaves=13
num_cat=0
split_feature=5 1 5 7 5 7 8 7 4 8 7 1
split_gain=6.8107 4.97979 6.84608 4.31656 6.07272 2.31739 2.66536 1.7065 1.56333 0.738009 0.645203 0.587046
threshold=43.567500000000003 0.32750000000000007 46.303500000000007 0.041500000000000009 39.074000000000005 0.080500000000000016 0.37350000000000005 0.18550000000000003 0.91550000000000009 0.21750000000000003 0.22950000000000004 0.33750000000000008
decision_type=2 2 2 2 2 2 2 2 2 2 2 2
left_child=3 2 -2 4 -1 -5 7 9 -9 11 -10 -7
right_child=1 -3 -4 5 -6 6 -8 8 10 -11 -12 -13
leaf_value=0.0074094227992839382 0.010745156343665817 -0.00058160020546479659 0.0012760974744031595 -0.0037261956974358884 -0.0010209710415332548 0.00018162617519978556 0.0026107077586442922 -0.0049917175993323326 -0.0025524448911459626 0.0012075435335479551 0 -0.0018323955797361878
leaf_weight=15.000000000000002 14.999999999999998 15.999999999999998 21 29 14.999999999999998 14.999999999999998 21 17 18 29 32 26
leaf_count=15 15 16 21 29 15 15 21 17 18 29 32 26
internal_value=0.000255882 0.00351218 0.00558866 -0.000484733 0.00291872 -0.0010904 -0.000533298 -0.00109569 -0.00223018 0 -0.00105311 -0.000861284
internal_weight=269 52 36 217 30 187 158 137 67 70 50 41
internal_count=269 52 36 217 30 187 158 137 67 70 50 41
is_linear=0
shrinkage=0.01


Tree=332
num_leaves=14
num_cat=0
split_feature=5 1 5 7 5 7 8 7 4 8 0 5 7
split_gain=6.68043 4.89447 6.70371 4.22829 5.96135 2.27023 2.6153 1.6791 1.52748 0.724997 1.34773 1.26611 0.631498
threshold=43.567500000000003 0.32750000000000007 46.303500000000007 0.041500000000000009 39.074000000000005 0.080500000000000016 0.37350000000000005 0.18550000000000003 0.91550000000000009 0.19350000000000003 0.6625000000000002 37.967500000000008 0.22950000000000004
decision_type=2 2 2 2 2 2 2 2 2 2 2 2 2
left_child=3 2 -2 4 -1 -5 7 9 -9 10 -7 -11 -10
right_child=1 -3 -4 5 -6 6 -8 8 12 11 -12 -13 -14
leaf_value=0.007337718604192617 0.010641171170939361 -0.00057596031011957112 0.0012636332248532494 -0.0036895653400254454 -0.0010110905333872765 0.00040913552406334099 0.002585207757561706 -0.0049432267983044896 -0.0025276103284763724 -0.00015103560854114737 -0.0033462145768346323 0.0031841534520349198 0
leaf_weight=15.000000000000002 14.999999999999998 15.999999999999998 21 29 14.999999999999998 15.000000000000002 21 17 18 25 14.999999999999998 14.999999999999998 32
leaf_count=15 15 16 21 29 15 15 21 17 18 25 15 15 32
internal_value=0.000252892 0.00347815 0.00553716 -0.000480223 0.0028873 -0.00108006 -0.00052788 -0.00108546 -0.0022108 0 -0.00116475 0.000876617 -0.00104401
internal_weight=269 52 36 217 30 187 158 137 67 70 30 40 50
internal_count=269 52 36 217 30 187 158 137 67 70 30 40 50
is_linear=0
shrinkage=0.01


Tree=333
num_leaves=11
num_cat=0
split_feature=5 4 7 4 5 1 2 8 4 8
split_gain=5.1551 3.44181 2.72066 1.63197 1.7473 1.34152 5.80346 2.55195 0.818726 0.549646
threshold=44.512000000000008 0.78450000000000009 0.041500000000000009 0.7915000000000002 31.285000000000004 0.31750000000000006 0.18250000000000002 0.31350000000000006 0.89850000000000019 0.25400000000000006
decision_type=2 2 2 2 2 2 2 2 2 2
left_child=2 -2 -1 -4 -5 6 -6 9 -9 -7
right_child=1 -3 3 4 5 7 -8 8 -10 -11
leaf_value=0.002211987282100477 0.0068722775149526018 0.00040687942079135349 -0.0042707900078065939 -0.0028659818108592717 -0.0021564228990764325 -0.00013380145243015783 0.0061211921755344638 -0.0042008203090065054 -0.00028483920760693089 0.0018238690856731299
leaf_weight=28 15.999999999999998 24 14.999999999999998 31 16.000000000000004 72 14.999999999999998 22 14.999999999999998 15.999999999999998
leaf_count=28 16 24 15 31 16 72 15 22 15 16
internal_value=0 0.00329287 -0.000575604 -0.00101589 -0.000690779 -0.000186854 0.001565 -0.0007055 -0.00290489 0.000117438
internal_weight=270 40 230 202 187 156 31 125 37 88
internal_count=270 40 230 202 187 156 31 125 37 88
is_linear=0
shrinkage=0.01


Tree=334
num_leaves=12
num_cat=0
split_feature=5 9 2 2 9 5 2 5 5 8 5
split_gain=5.0639 2.12837 2.10133 3.08083 3.95189 1.9095 1.87576 1.13647 1.01055 1.70401 0.878487
threshold=44.512000000000008 0.39300000000000007 0.18250000000000002 0.22250000000000003 0.47850000000000004 38.593500000000006 0.16750000000000004 32.280500000000011 34.45900000000001 0.31350000000000006 36.39050000000001
decision_type=2 2 2 2 2 2 2 2 2 2 2
left_child=2 -2 6 4 -4 -5 -1 -6 -9 -10 -8
right_child=1 -3 3 5 7 -7 10 8 9 -11 -12
leaf_value=0 0.0053497853246000085 9.6959036749762458e-05 0.0040932890556075359 -6.7922566424716597e-05 -0.0019937448227303287 -0.0044866290723168572 -0.0058202538591238763 0.0021895151204885323 0.0010202360949287676 -0.0023853762923402989 -0.0013852924385384933
leaf_weight=14.999999999999998 22 18 27 27 25 21 14.999999999999998 23 36 23 18
leaf_count=15 22 18 27 27 25 21 15 23 36 23 18
internal_value=0 0.00326331 -0.000570797 -2.1751e-05 0.000701568 -0.00223362 -0.00242473 -7.6322e-05 0.000395586 -0.000148197 -0.00375647
internal_weight=270 40 230 182 134 48 48 107 82 59 33
internal_count=270 40 230 182 134 48 48 107 82 59 33
is_linear=0
shrinkage=0.01


Tree=335
num_leaves=12
num_cat=0
split_feature=5 4 5 5 4 4 4 0 6 8 1
split_gain=4.97319 3.35476 1.8101 2.37556 4.33023 2.36241 3.07776 2.01622 1.4777 1.08054 0.395284
threshold=44.512000000000008 0.78450000000000009 31.285000000000004 41.702500000000008 0.80750000000000022 0.88750000000000007 0.94750000000000012 0.6775000000000001 1.4000000000000001 0.20600000000000002 0.33250000000000007
decision_type=2 2 2 2 2 2 2 2 2 2 2
left_child=2 -2 -1 4 -4 8 10 -5 -6 -8 -7
right_child=1 -3 3 7 5 6 9 -9 -10 -11 -12
leaf_value=-0.0028158015037872013 0.0067664946525385888 0.00038050391844340735 0.0042803677084281089 -0.004969685433166368 0 0.0040500207589222841 0 0 -0.0038166421038262981 -0.0026693944778384232 0.00091892140511518863
leaf_weight=31 15.999999999999998 24 23 17 25 19 36 14.999999999999998 25 20 19
leaf_count=31 16 24 23 17 25 19 36 15 25 20 19
internal_value=0 0.00323382 -0.000565791 -0.000158983 0.000267771 -0.000316519 0.000534871 -0.00266365 -0.0021046 -0.000820337 0.00277648
internal_weight=270 40 230 199 167 144 94 32 50 56 38
internal_count=270 40 230 199 167 144 94 32 50 56 38
is_linear=0
shrinkage=0.01


Tree=336
num_leaves=11
num_cat=0
split_feature=5 4 7 4 5 5 5 4 3 4
split_gain=4.88322 3.28385 2.61999 1.60791 1.6561 0.807248 2.16769 2.08486 1.94405 1.07267
threshold=44.512000000000008 0.78450000000000009 0.041500000000000009 0.7915000000000002 31.285000000000004 39.003000000000007 42.303000000000004 0.88750000000000007 59.553500000000007 0.98650000000000004
decision_type=2 2 2 2 2 2 2 2 2 2
left_child=2 -2 -1 -4 -5 7 8 -6 -7 -9
right_child=1 -3 3 4 5 6 -8 9 -10 -11
leaf_value=0.0021737025044204898 0.0067008802904324092 0.00037677645683288576 -0.0042218781863489459 -0.0027880903926589306 -0.0029815961467891429 0.0048333335112053623 -0.0019277719967067243 0.0010737133099092651 0 -0.0012572476382438952
leaf_weight=28 15.999999999999998 24 14.999999999999998 31 29 15.999999999999998 14.999999999999998 48 15.999999999999998 32
leaf_count=28 16 24 15 31 29 16 15 48 16 32
internal_value=0 0.00320483 -0.00056025 -0.000993028 -0.000670128 -0.00017779 0.000819333 -0.000700845 0.00242458 1.50875e-05
internal_weight=270 40 230 202 187 156 47 109 32 80
internal_count=270 40 230 202 187 156 47 109 32 80
is_linear=0
shrinkage=0.01


Tree=337
num_leaves=12
num_cat=0
split_feature=5 4 2 2 9 4 4 5 2 0 5
split_gain=4.79614 3.21437 2.0429 3.02674 3.84498 2.61685 3.73885 1.87621 1.82774 1.30609 0.861178
threshold=44.512000000000008 0.78450000000000009 0.18250000000000002 0.22250000000000003 0.47850000000000004 0.88950000000000007 0.94750000000000012 38.593500000000006 0.16750000000000004 0.63250000000000017 36.39050000000001
decision_type=2 2 2 2 2 2 2 2 2 2 2
left_child=2 -2 8 4 -4 -6 -7 -5 -1 -8 -10
right_child=1 -3 3 7 5 6 9 -9 10 -11 -12
leaf_value=0 0.0066359018669887027 0.0003730855000262358 0.0040479481111873276 -5.7481922209262854e-05 -0.0028732972767836645 0.0038722893230195318 -0.0024722024780064029 -0.0044392656305328364 -0.0057398677208731251 0.00045856052178602953 -0.001346549616270774
leaf_weight=14.999999999999998 15.999999999999998 24 27 27 26 26 23 21 14.999999999999998 32 18
leaf_count=15 16 24 27 27 26 26 23 21 15 32 18
internal_value=0 0.00317612 -0.000555233 -1.32967e-05 0.000703333 -6.2514e-05 0.000729106 -0.0022067 -0.00238257 -0.000598082 -0.00369788
internal_weight=270 40 230 182 134 107 81 48 48 55 33
internal_count=270 40 230 182 134 107 81 48 48 55 33
is_linear=0
shrinkage=0.01


Tree=338
num_leaves=12
num_cat=0
split_feature=4 6 1 8 8 8 0 3 6 7 7
split_gain=4.46378 4.99315 1.93174 1.39677 1.41009 2.01656 1.37798 1.37708 2.24867 1.24686 0.827095
threshold=0.80750000000000022 1.1115000000000002 0.29250000000000004 0.39550000000000007 0.34050000000000008 0.26250000000000007 0.65250000000000019 61.69700000000001 1.5195000000000001 0.20300000000000004 0.18550000000000003
decision_type=2 2 2 2 2 2 2 2 2 2 2
left_child=1 -1 -2 4 5 7 -3 8 -4 -7 -9
right_child=2 6 3 -5 -6 9 -8 10 -10 -11 -12
leaf_value=0.0067720829896830226 -0.0040189819523330887 0.0019074024062375634 0.0023757016024690994 0.0016487571766430681 -0.0029835525854509702 0.0030727969094159757 -0.0017446204703865629 -0.0034288524378810015 -0.0015280863218292407 -1.4896973981663135e-05 0
leaf_weight=18 15.999999999999998 24 23 27 24 23 15.999999999999998 28 39 15.999999999999998 15.999999999999998
leaf_count=18 16 24 23 27 24 23 16 28 39 16 16
internal_value=0 0.00244835 -0.000671096 -0.000337378 -0.000717614 -0.000264869 0.000196176 -0.00103759 0 0.00156873 -0.00238142
internal_weight=270 58 212 196 169 145 40 106 62 39 44
internal_count=270 58 212 196 169 145 40 106 62 39 44
is_linear=0
shrinkage=0.01


Tree=339
num_leaves=11
num_cat=0
split_feature=5 4 7 4 5 2 4 2 9 8
split_gain=4.68671 3.12517 2.51956 1.58036 1.61682 2.57724 1.39156 1.65582 1.27872 1.07758
threshold=44.512000000000008 0.78450000000000009 0.041500000000000009 0.7915000000000002 39.003000000000007 0.18750000000000003 0.87700000000000011 0.18250000000000002 0.58750000000000002 0.17350000000000002
decision_type=2 2 2 2 2 2 2 2 2 2
left_child=2 -2 -1 -4 6 -6 -5 -8 -7 -9
right_child=1 -3 3 4 5 8 7 9 -10 -11
leaf_value=0.0021292825180448983 0.0065515965042692234 0.000368396384375436 -0.0041749222720822978 -0.0034953097368077357 0.0039719220495649746 -0.0028806721250857069 -0.003410299678106566 -0.001936705892582481 0.00091514446915337642 0.00046273792450059984
leaf_weight=28 15.999999999999998 24 14.999999999999998 24 17 15.000000000000002 18 24 14.999999999999998 74
leaf_count=28 16 24 15 24 17 15 18 24 15 74
internal_value=0 0.00313894 -0.000549608 -0.000974663 -0.000654176 0.000821957 -0.00122207 -0.000652926 -0.000671006 -3.02063e-05
internal_weight=270 40 230 202 187 47 140 116 30 98
internal_count=270 40 230 202 187 47 140 116 30 98
is_linear=0
shrinkage=0.01


Tree=340
num_leaves=12
num_cat=0
split_feature=5 4 2 2 9 4 4 5 2 0 5
split_gain=4.60227 3.05888 1.99823 2.96091 3.73604 2.56174 3.65021 1.82321 1.78075 1.27401 0.809499
threshold=44.512000000000008 0.78450000000000009 0.18250000000000002 0.22250000000000003 0.47850000000000004 0.88950000000000007 0.94750000000000012 38.593500000000006 0.16750000000000004 0.63250000000000017 36.39050000000001
decision_type=2 2 2 2 2 2 2 2 2 2 2
left_child=2 -2 8 4 -4 -6 -7 -5 -1 -8 -10
right_child=1 -3 3 7 5 6 9 -9 10 -11 -12
leaf_value=0 0.0064880659047401312 0.00036478761203435006 0.0039967910403555093 -5.4017762568863959e-05 -0.0028358266239036927 0.0038349550990563518 -0.0024331851057866785 -0.0043793974777813563 -0.0056454719002208397 0.00046165049448609354 -0.0013379686069045519
leaf_weight=14.999999999999998 15.999999999999998 24 27 27 26 26 23 21 14.999999999999998 32 18
leaf_count=15 16 24 27 27 26 26 23 21 15 32 18
internal_value=0 0.00311087 -0.000544295 -7.83608e-06 0.000700464 -5.30168e-05 0.000729449 -0.0021782 -0.00235113 -0.000579752 -0.00364947
internal_weight=270 40 230 182 134 107 81 48 48 55 33
internal_count=270 40 230 182 134 107 81 48 48 55 33
is_linear=0
shrinkage=0.01


Tree=341
num_leaves=12
num_cat=0
split_feature=5 4 2 2 9 4 4 5 2 0 5
split_gain=4.52069 2.99391 1.9592 2.90747 3.66297 2.51179 3.57786 1.78356 1.75261 1.2503 0.786968
threshold=44.512000000000008 0.78450000000000009 0.18250000000000002 0.22250000000000003 0.47850000000000004 0.88950000000000007 0.94750000000000012 38.593500000000006 0.16750000000000004 0.63250000000000017 36.39050000000001
decision_type=2 2 2 2 2 2 2 2 2 2 2
left_child=2 -2 8 4 -4 -6 -7 -5 -1 -8 -10
right_child=1 -3 3 7 5 6 9 -9 10 -11 -12
leaf_value=0 0.0064251513824318401 0.00036121414632213356 0.0039575497264211831 -5.3487460044297305e-05 -0.0028080033577697456 0.0037973291553416344 -0.002409370973151415 -0.0043366219868970126 -0.0055908382900299574 0.00045710501074790953 -0.0013249504676944501
leaf_weight=14.999999999999998 15.999999999999998 24 27 27 26 26 23 21 14.999999999999998 32 18
leaf_count=15 16 24 27 27 26 26 23 21 15 32 18
internal_value=0 0.00308308 -0.000539545 -7.79634e-06 0.000693572 -5.16016e-05 0.000722269 -0.00215893 -0.00232871 -0.00057233 -0.003617
internal_weight=270 40 230 182 134 107 81 48 48 55 33
internal_count=270 40 230 182 134 107 81 48 48 55 33
is_linear=0
shrinkage=0.01


Tree=342
num_leaves=11
num_cat=0
split_feature=4 2 2 8 8 7 9 7 7 2
split_gain=4.41782 2.81791 6.0924 3.38236 4.39905 4.02794 2.95552 4.031 2.03187 0.0695031
threshold=1.0015000000000003 0.16250000000000003 0.17750000000000002 0.34650000000000003 0.32650000000000007 0.15450000000000003 0.40250000000000008 0.14450000000000002 0.066500000000000017 0.19250000000000003
decision_type=2 2 2 2 2 2 2 2 2 2
left_child=1 -1 -3 4 6 8 -4 -8 -5 -2
right_child=9 2 3 5 -6 -7 7 -9 -10 -11
leaf_value=0.0046136325189182837 -0.0043438355815716275 -0.0042075695727359164 -0.0022767878959818588 -0.00029599787246796386 0.0068682543804208119 0.0014969822507843655 0.004094762406255825 0 -0.0062958363179237611 -0.0013774801670543609
leaf_weight=14.999999999999998 19 27 20 15.000000000000002 14.999999999999998 26 41 51 14.999999999999998 14.999999999999998
leaf_count=15 19 27 20 15 15 26 41 51 15 15
internal_value=0 0.000477327 0.000124113 0.000827433 0.00175951 -0.00110625 0.000958929 0.00177896 -0.00367782 -0.00336393
internal_weight=259 225 210 183 127 56 112 92 30 34
internal_count=259 225 210 183 127 56 112 92 30 34
is_linear=0
shrinkage=0.01


Tree=343
num_leaves=11
num_cat=0
split_feature=4 2 2 9 0 4 6 1 4 2
split_gain=4.33721 2.76458 5.97132 3.31653 3.55701 3.25168 2.6484 2.44004 1.41708 0.0616055
threshold=1.0015000000000003 0.16250000000000003 0.17750000000000002 0.43250000000000005 0.65250000000000019 0.85950000000000004 1.6105000000000003 0.33750000000000008 0.95400000000000007 0.19250000000000003
decision_type=2 2 2 2 2 2 2 2 2 2
left_child=1 -1 -3 4 -4 7 8 -5 -7 -2
right_child=9 2 3 5 -6 6 -8 -9 -10 -11
leaf_value=0.004568984423193239 -0.0043015110435394143 -0.0041662588099187067 0.00072939017629724439 0.0056127220048111373 -0.0044189185770445094 -0.0015827204008656804 0.0031815928131725419 0.00017182026271309172 0.0016698984688881672 -0.0013641496627561508
leaf_weight=14.999999999999998 19 27 29 29 21 46 25 17 15.999999999999998 14.999999999999998
leaf_count=15 19 27 29 29 21 46 25 17 16 15
internal_value=0 0.00047196 0.000121652 0.000818419 -0.00125722 0.00167543 0.000400999 0.00384048 -0.000576691 -0.00333402
internal_weight=259 225 210 183 50 133 87 46 62 34
internal_count=259 225 210 183 50 133 87 46 62 34
is_linear=0
shrinkage=0.01


Tree=344
num_leaves=13
num_cat=0
split_feature=4 2 2 8 1 5 1 10 8 8 8 2
split_gain=4.26152 2.70975 5.85763 3.31141 4.31465 3.32176 3.93322 2.51788 0.699832 0.694941 0.449926 0.0539196
threshold=1.0015000000000003 0.16250000000000003 0.17750000000000002 0.34650000000000003 0.32250000000000006 40.624500000000005 0.31750000000000006 0.45750000000000007 0.18350000000000002 0.26450000000000007 0.26250000000000007 0.19250000000000003
decision_type=2 2 2 2 2 2 2 2 2 2 2 2
left_child=1 -1 -3 4 10 -5 -7 8 -6 -9 -4 -2
right_child=11 2 3 5 7 6 -8 9 -10 -11 -12 -13
leaf_value=0.0045247685596827535 -0.0042595989104264823 -0.0041253537088632589 0.0022010837411207537 -0.0038554629099135308 -0.0025428759226841587 -0.0024000978782292327 0.004442663671392383 0.00080341521966255315 0 0.0040275998872571755 0.0064095479233593159 -0.0013509482860324846
leaf_weight=14.999999999999998 19 27 14.999999999999998 25 17 15.000000000000002 15.999999999999998 29 31 17 18 14.999999999999998
leaf_count=15 19 27 15 25 17 15 16 29 31 17 18 15
internal_value=0 0.000468255 0.000120939 0.000811471 0.00173425 -0.0011011 0.000828649 0.000512416 -0.000943514 0.00224051 0.00485652 -0.0033044
internal_weight=259 225 210 183 127 56 31 94 48 46 33 34
internal_count=259 225 210 183 127 56 31 94 48 46 33 34
is_linear=0
shrinkage=0.01


Tree=345
num_leaves=12
num_cat=0
split_feature=4 2 2 9 8 4 4 6 8 1 2
split_gain=4.18635 2.65663 5.74485 3.254 3.496 3.17369 3.08316 2.581 3.20254 2.37838 0.0464409
threshold=1.0015000000000003 0.16250000000000003 0.17750000000000002 0.43250000000000005 0.35200000000000004 0.85950000000000004 0.81350000000000011 1.6105000000000003 0.27750000000000008 0.33750000000000008 0.19250000000000003
decision_type=2 2 2 2 2 2 2 2 2 2 2
left_child=1 -1 -3 4 6 9 -4 8 -7 -5 -2
right_child=10 2 3 5 -6 7 -8 -9 -10 -11 -12
leaf_value=0.0044809803718911306 -0.0042180951168903939 -0.0040848502323708753 0.0039812695583508854 0.0055424725469517509 -0.0046367519750044892 0.00092191920535248013 -0.0020897455558632361 0.0031390032712735384 -0.0036889075235360196 0.00016294909321836064 -0.0013378745918312378
leaf_weight=14.999999999999998 19 27 15.000000000000002 29 19 40 15.999999999999998 25 22 17 14.999999999999998
leaf_count=15 19 27 15 29 19 40 16 25 22 17 15
internal_value=0 0.000464171 0.000119788 0.00080408 -0.00125124 0.00165346 0.000546948 0.000392936 -0.000570603 0.00379257 -0.00327507
internal_weight=259 225 210 183 50 133 31 87 62 46 34
internal_count=259 225 210 183 50 133 31 87 62 46 34
is_linear=0
shrinkage=0.01


Tree=346
num_leaves=13
num_cat=0
split_feature=4 8 10 0 9 9 4 8 5 4 5 1
split_gain=4.11242 2.58528 3.21469 7.29146 3.5114 4.99539 2.68619 3.9437 0.898173 0.498061 0.673194 0.136409
threshold=1.0015000000000003 0.49250000000000005 0.42250000000000004 0.64750000000000008 0.49750000000000005 0.62050000000000016 0.80750000000000022 0.28950000000000004 39.003000000000007 0.95400000000000007 35.741500000000009 0.32750000000000007
decision_type=2 2 2 2 2 2 2 2 2 2 2 2
left_child=1 2 3 -1 6 -6 7 -4 -8 10 -7 -10
right_child=-2 -3 4 -5 5 9 8 -9 11 -11 -12 -13
leaf_value=0 -0.0032460229301258278 -0.0031198833882808688 0.0041973936717425078 0.0084733645934047114 0.0048408159992245374 -0.0025315533193849748 -0.00034213842773759688 -0.0024774011371262146 -0.0052999491364725164 0.00093762500257026863 0 -0.0018570049694090179
leaf_weight=27 34 17 17 15.999999999999998 30 14.999999999999998 18 15.999999999999998 15.000000000000002 20 18 15.999999999999998
leaf_count=27 34 17 17 16 30 15 18 16 15 20 18 16
internal_value=0 0.000460055 0.000807388 0.003236 0.000106189 0.00160618 -0.00129142 0.000673948 -0.00281049 -6.59532e-05 -0.000977606 -0.00389809
internal_weight=259 225 208 43 165 83 82 33 49 53 33 31
internal_count=259 225 208 43 165 83 82 33 49 53 33 31
is_linear=0
shrinkage=0.01


Tree=347
num_leaves=10
num_cat=0
split_feature=4 2 2 9 5 0 1 10 2
split_gain=4.0297 2.5909 5.58631 3.16777 3.91112 3.39009 3.08975 1.60871 0.0488979
threshold=1.0015000000000003 0.16250000000000003 0.17750000000000002 0.43250000000000005 43.567500000000003 0.65250000000000019 0.31750000000000006 0.45250000000000007 0.18750000000000003
decision_type=2 2 2 2 2 2 2 2 2
left_child=1 -1 -3 5 6 -4 -5 -8 -2
right_child=8 2 3 4 -6 -7 7 -9 -10
leaf_value=0.004420958835811865 -0.0044741346867334456 -0.0040318243496797303 0.00069468191682787268 0.0041560626445814623 0.0055076302530037034 -0.0043245418543039369 -0.0015817114115468686 0.0010976496333419119 -0.0016171822861696667
leaf_weight=14.999999999999998 14.999999999999998 27 29 21 22 21 39 51 19
leaf_count=15 15 27 29 21 22 21 39 51 19
internal_value=0 0.000454517 0.000113865 0.00078934 0.00162793 -0.00123732 0.000748042 0 -0.00321403
internal_weight=259 225 210 183 133 50 111 90 34
internal_count=259 225 210 183 133 50 111 90 34
is_linear=0
shrinkage=0.01


Tree=348
num_leaves=14
num_cat=0
split_feature=4 8 10 0 9 9 4 8 7 5 4 5 1
split_gain=3.95899 2.53148 3.12229 7.13239 3.42468 4.86135 2.6326 3.84708 1.17628 0.872993 0.488045 0.657522 0.122645
threshold=1.0015000000000003 0.49250000000000005 0.42250000000000004 0.64750000000000008 0.49750000000000005 0.62050000000000016 0.80750000000000022 0.28950000000000004 0.14850000000000002 39.003000000000007 0.95400000000000007 35.741500000000009 0.32750000000000007
decision_type=2 2 2 2 2 2 2 2 2 2 2 2 2
left_child=1 2 3 -1 6 8 7 -4 -6 -8 11 -7 -11
right_child=-2 -3 4 -5 5 10 9 -9 -10 12 -12 -13 -14
leaf_value=0 -0.0031856741351615372 -0.0030913783056395394 0.0041491989429507936 0.0083680548225388389 0.0070378097843739277 -0.0025022671732210346 -0.00033730899638219461 -0.0024410573065732468 0.0017147040967979738 -0.005234591208638683 0.00092953169309511422 0 -0.0018354850736531346
leaf_weight=27 34 17 17 15.999999999999998 15.000000000000002 14.999999999999998 18 15.999999999999998 14.999999999999998 15.000000000000002 20 18 15.999999999999998
leaf_count=27 34 17 17 16 15 15 18 16 15 15 20 18 16
internal_value=0 0.000450547 0.000794712 0.00318821 0.000102782 0.0015849 -0.00127671 0.000666673 0.00477587 -0.00278105 -6.21529e-05 -0.000966584 -0.00385466
internal_weight=259 225 208 43 165 83 82 33 30 49 53 33 31
internal_count=259 225 208 43 165 83 82 33 30 49 53 33 31
is_linear=0
shrinkage=0.01


Tree=349
num_leaves=11
num_cat=0
split_feature=4 2 2 9 0 4 6 1 4 2
split_gain=3.88035 2.52591 5.43385 3.08065 3.30527 3.05828 2.46367 2.33353 1.37656 0.0491322
threshold=1.0015000000000003 0.16250000000000003 0.17750000000000002 0.43250000000000005 0.65250000000000019 0.85950000000000004 1.6105000000000003 0.33750000000000008 0.95400000000000007 0.18750000000000003
decision_type=2 2 2 2 2 2 2 2 2 2
left_child=1 -1 -3 4 -4 7 8 -5 -7 -2
right_child=9 2 3 5 -6 6 -8 -9 -10 -11
leaf_value=0.0043617246095691963 -0.0044000075324889159 -0.0039794828860427846 0.00068234268512766246 0.0054319861127158347 -0.0042708337757476544 -0.0015675162876485496 0.0030506568372833964 0.00010870562866330147 0.0016339983362140078 -0.0015703852620357886
leaf_weight=14.999999999999998 14.999999999999998 27 29 29 21 46 25 17 15.999999999999998 19
leaf_count=15 15 27 29 29 21 46 25 17 16 19
internal_value=0 0.000445615 0.000108691 0.00077556 -0.00122166 0.00160306 0.000364151 0.00370206 -0.000574857 -0.00315428
internal_weight=259 225 210 183 50 133 87 46 62 34
internal_count=259 225 210 183 50 133 87 46 62 34
is_linear=0
shrinkage=0.01


Tree=350
num_leaves=12
num_cat=0
split_feature=4 8 2 2 9 9 4 0 3 8 2
split_gain=3.81326 2.48363 3.46733 5.41464 2.43958 5.20067 2.79023 1.75918 1.02038 0.308764 0.044791
threshold=1.0015000000000003 0.49250000000000005 0.16750000000000004 0.17750000000000002 0.49750000000000005 0.62050000000000016 0.80750000000000022 0.6625000000000002 60.151000000000003 0.17650000000000002 0.19250000000000003
decision_type=2 2 2 2 2 2 2 2 2 2 2
left_child=1 2 -1 -4 6 7 -5 -6 -8 -7 -2
right_child=10 -3 3 4 5 9 8 -9 -10 -11 -12
leaf_value=0.0049581003813324752 -0.0040395267002093487 -0.0030655977768557414 -0.0043221590518518248 0.001969685316608663 0.0018749570731933301 -0.00086463739629834887 -0.0003932079692420207 0.0072478956786485816 -0.0040665830581477196 0.00063437094612989891 -0.0012318377042069071
leaf_weight=18 19 17 21 28 19 19 28 19 15.999999999999998 40 14.999999999999998
leaf_count=18 19 17 21 28 19 19 28 19 16 40 15
internal_value=0 0.000442167 0.000783485 0.000323526 0.000970845 0.00201772 -0.00030578 0.00488041 -0.00198438 0 -0.0031265
internal_weight=259 225 208 190 169 97 72 38 44 59 34
internal_count=259 225 208 190 169 97 72 38 44 59 34
is_linear=0
shrinkage=0.01


Tree=351
num_leaves=13
num_cat=0
split_feature=10 8 9 2 6 9 6 5 3 2 9 5
split_gain=5.97581 6.09718 2.76199 2.71112 2.95871 5.26019 2.36707 2.70473 2.0005 0.938609 1.56381 0.733385
threshold=0.42250000000000004 0.32950000000000007 0.37550000000000006 0.20750000000000002 1.2095000000000002 0.47850000000000004 1.3935000000000002 39.003000000000007 61.69700000000001 0.23250000000000001 0.73150000000000015 36.041500000000006
decision_type=2 2 2 2 2 2 2 2 2 2 2 2
left_child=1 -1 -2 4 5 -4 8 11 -6 10 -5 -8
right_child=2 -3 3 9 6 -7 7 -9 -10 -11 -12 -13
leaf_value=0.00016225240745786892 -0.0033062401121737913 0.0074853385537862784 0.0074298666545322967 -0.0042119983393092489 -0.0042238510067801214 -2.8004313391002434e-05 0.00091066009563704341 0.0049363880983043099 0.00013396210337598478 0 -6.9304983332461003e-05 -0.0016508004838420498
leaf_weight=29 25 22 17 21 18 14.999999999999998 37 14.999999999999998 14.999999999999998 24 25 14.999999999999998
leaf_count=29 25 22 17 21 18 15 37 15 15 24 25 15
internal_value=0.000471391 0.00355741 -0.000184282 0.000159925 0.00104604 0.00367965 8.9667e-05 0.00126039 -0.00197208 -0.00136475 -0.00220054 0
internal_weight=278 51 227 202 132 32 100 67 33 70 46 52
internal_count=278 51 227 202 132 32 100 67 33 70 46 52
is_linear=0
shrinkage=0.01


Tree=352
num_leaves=12
num_cat=0
split_feature=10 4 4 4 6 4 4 5 5 4 6
split_gain=5.86679 4.76284 4.28014 3.51554 2.90132 2.39052 1.84501 2.54895 1.3173 0.802554 0.257157
threshold=0.42250000000000004 0.87200000000000011 0.73100000000000009 0.8155 1.2095000000000002 0.83800000000000008 0.88350000000000006 39.647500000000008 36.950500000000005 1.0335000000000003 1.5320000000000003
decision_type=2 2 2 2 2 2 2 2 2 2 2
left_child=1 -1 -2 4 -4 -5 7 -7 9 -8 -10
right_child=2 -3 3 5 -6 6 8 -9 10 -11 -12
leaf_value=0.0062577069890603692 -0.0052750363705619686 0 0.0050749034450409255 -0.0041171061919268335 0 -0.00042804263472076386 0.00064679273197220429 0.0046781495383807596 -0.00069317105855490715 -0.0014508616950644074 -0.0036121822701346493
leaf_weight=28 14.999999999999998 23 23 15.999999999999998 24 14.999999999999998 58 17 18 26 14.999999999999998
leaf_count=28 15 23 23 16 24 15 58 17 18 26 15
internal_value=0.000466673 0.00352452 -0.000182612 0.000142206 0.0025756 -0.000496207 -2.80267e-05 0.00200717 -0.00067594 0 -0.00235261
internal_weight=278 51 227 212 47 165 149 32 117 84 33
internal_count=278 51 227 212 47 165 149 32 117 84 33
is_linear=0
shrinkage=0.01


Tree=353
num_leaves=14
num_cat=0
split_feature=4 4 8 0 7 8 6 5 6 1 2 8 4
split_gain=4.35763 5.3024 3.58531 6.06825 1.79413 1.79308 1.20415 1.74098 0.978244 0.912235 0.674571 1.23298 0.277749
threshold=0.71500000000000008 0.80750000000000022 0.32950000000000007 0.70750000000000013 0.041500000000000009 0.41450000000000004 1.5395000000000001 36.041500000000006 1.3935000000000002 0.31750000000000006 0.18750000000000003 0.17750000000000002 1.0085000000000002
decision_type=2 2 2 2 2 2 2 2 2 2 2 2 2
left_child=-1 4 6 5 -2 -4 8 12 10 -6 -3 -12 -8
right_child=1 2 3 -5 9 -7 7 -9 -10 -11 11 -13 -14
leaf_value=-0.0046004298665831165 0.0057493319833765225 -0.0023575216393385617 0.0015910638011991979 0.0068777056481387168 0.0031921485402891703 -0.0025783709233457392 0 -0.0046484452145440234 0.0017786602450664654 0 -0.0019692961745631479 0.001075663859213608 -0.0014029470839138543
leaf_weight=14.999999999999998 24 17 27 18 15.000000000000002 15.999999999999998 20 17 21 15.999999999999998 21 34 17
leaf_count=15 24 17 27 18 15 16 20 17 21 16 21 34 17
internal_value=0.000461173 0.00079599 1.45857e-05 0.0020886 0.00354418 0 -0.000782424 -0.00196629 0 0.00145535 -0.000641187 0 -0.00042173
internal_weight=278 263 208 61 55 43 147 54 93 31 72 55 37
internal_count=278 263 208 61 55 43 147 54 93 31 72 55 37
is_linear=0
shrinkage=0.01


Tree=354
num_leaves=12
num_cat=0
split_feature=10 4 4 4 6 4 4 5 5 4 6
split_gain=5.73056 4.63298 4.13114 3.37755 2.84672 2.34258 1.79878 2.50792 1.28865 0.782484 0.234691
threshold=0.42250000000000004 0.87200000000000011 0.73100000000000009 0.8155 1.2095000000000002 0.83800000000000008 0.88350000000000006 39.647500000000008 36.950500000000005 1.0335000000000003 1.5320000000000003
decision_type=2 2 2 2 2 2 2 2 2 2 2
left_child=1 -1 -2 4 -4 -5 7 -7 9 -8 -10
right_child=2 -3 3 5 -6 6 8 -9 10 -11 -12
leaf_value=0.0061746566860299357 -0.0051874628663063048 0 0.0049946583458717834 -0.0040758902715011076 0 -0.00043035733813960705 0.00063935506018276652 0.0046322273186274942 -0.00069356522296328796 -0.001431914887584324 -0.003554549462372257
leaf_weight=28 14.999999999999998 23 23 15.999999999999998 24 14.999999999999998 58 17 18 26 14.999999999999998
leaf_count=28 15 23 23 16 24 15 58 17 18 26 15
internal_value=0.000456434 0.00347894 -0.000184828 0.000133446 0.00251971 -0.000491412 -2.72676e-05 0.00198134 -0.000667829 0 -0.00232616
internal_weight=278 51 227 212 47 165 149 32 117 84 33
internal_count=278 51 227 212 47 165 149 32 117 84 33
is_linear=0
shrinkage=0.01


Tree=355
num_leaves=11
num_cat=0
split_feature=10 8 9 7 9 9 2 8 6 10
split_gain=5.62375 5.88524 2.71725 3.78144 1.48784 2.97441 2.09409 1.5084 1.26295 0.927856
threshold=0.42250000000000004 0.32950000000000007 0.37550000000000006 0.041500000000000009 0.48150000000000004 0.50850000000000006 0.18750000000000003 0.19350000000000003 1.3460000000000003 0.45750000000000007
decision_type=2 2 2 2 2 2 2 2 2 2
left_child=1 -1 -2 -4 6 -6 -5 8 -7 -9
right_child=2 -3 3 4 5 7 -8 9 -10 -11
leaf_value=0.0001068609725620787 -0.0032804560675924899 0.0073015079746643705 0.0042587597854435444 0.0034832824468612675 -0.0049662666094879952 0 -0.00055090854151381384 -0.00021518512374975465 -0.0029770676713240774 0.0018681068275717722
leaf_weight=29 25 22 20 22 14.999999999999998 23 22 38 28 34
leaf_count=29 25 22 20 22 15 23 22 38 28 34
internal_value=0.000451009 0.00344537 -0.000183869 0.000157142 -0.000249223 -0.000804777 0.00125794 -0.000198255 -0.00156601 0.000636759
internal_weight=278 51 227 202 182 138 44 123 51 72
internal_count=278 51 227 202 182 138 44 123 51 72
is_linear=0
shrinkage=0.01


Tree=356
num_leaves=11
num_cat=0
split_feature=10 8 4 4 6 4 8 10 10 7
split_gain=5.52174 5.76405 4.03076 3.30138 2.78739 2.29109 2.00302 1.09018 2.11744 0.781081
threshold=0.42250000000000004 0.32950000000000007 0.73100000000000009 0.8155 1.2095000000000002 0.83800000000000008 0.36400000000000005 0.47250000000000003 0.46250000000000008 0.18300000000000002
decision_type=2 2 2 2 2 2 2 2 2 2
left_child=1 -1 -2 4 -4 -5 7 8 -7 -9
right_child=2 -3 3 5 -6 6 -8 9 -10 -11
leaf_value=0.00010581049878718489 -0.0051240463675029813 0.0072301153325372274 0.0049400872372566389 -0.0040305943606477792 0 -0.00067773350514471536 0.0028032505489522363 -0.0035971053210752352 0.0032545391831434135 0
leaf_weight=29 14.999999999999998 22 23 15.999999999999998 24 80 20 17 15.999999999999998 15.999999999999998
leaf_count=29 15 22 23 16 24 80 20 17 16 16
internal_value=0.000446381 0.00341357 -0.000182338 0.000131486 0.00249111 -0.00048572 -2.59659e-05 -0.000550954 0 -0.00210421
internal_weight=278 51 227 212 47 165 149 129 96 33
internal_count=278 51 227 212 47 165 149 129 96 33
is_linear=0
shrinkage=0.01


Tree=357
num_leaves=11
num_cat=0
split_feature=10 8 4 4 6 4 8 10 10 4
split_gain=5.42158 5.64528 3.95255 3.2392 2.73201 2.24626 1.96484 1.0715 2.0764 0.685854
threshold=0.42250000000000004 0.32950000000000007 0.73100000000000009 0.8155 1.2095000000000002 0.83800000000000008 0.36400000000000005 0.47250000000000003 0.46250000000000008 0.95650000000000002
decision_type=2 2 2 2 2 2 2 2 2 2
left_child=1 -1 -2 4 -4 -5 7 8 -7 -9
right_child=2 -3 3 5 -6 6 -8 9 -10 -11
leaf_value=0.00010477032196723808 -0.0050744588889421963 0.0071594208214018082 0.0048917375726902738 -0.0039915098780483908 0 -0.00067099825366290276 0.002775901859603459 0 0.0032229801131920385 -0.0034038965378862781
leaf_weight=29 14.999999999999998 22 23 15.999999999999998 24 80 20 14.999999999999998 15.999999999999998 18
leaf_count=29 15 22 23 16 24 80 20 15 16 18
internal_value=0.000441815 0.00338209 -0.000180801 0.000129514 0.00246718 -0.000481387 -2.54822e-05 -0.000546066 0 -0.00208595
internal_weight=278 51 227 212 47 165 149 129 96 33
internal_count=278 51 227 212 47 165 149 129 96 33
is_linear=0
shrinkage=0.01


Tree=358
num_leaves=15
num_cat=0
split_feature=4 4 1 7 6 0 8 0 5 4 9 1 0 5
split_gain=4.02996 4.99219 3.61658 3.86143 6.7483 3.34941 1.1851 2.28207 1.37289 1.08342 0.71798 0.363633 0.315305 0.157196
threshold=0.71500000000000008 0.85950000000000004 0.33250000000000007 0.12350000000000001 1.1115000000000002 0.60250000000000015 0.32950000000000007 0.68250000000000022 36.950500000000005 1.0335000000000003 0.98150000000000015 0.33250000000000007 0.70250000000000001 31.549000000000003
decision_type=2 2 2 2 2 2 2 2 2 2 2 2 2 2
left_child=-1 2 3 4 -2 -6 8 -8 9 10 11 -3 -10 -11
right_child=1 6 -4 -5 5 -7 7 -9 12 13 -12 -13 -14 -15
leaf_value=-0.0044273481109449939 0.0078267443756903383 -0.0012664017397345921 -0.00022109487535137881 0.0082067374614152051 -0.0032654481870787485 0.0024118636782262839 -0.00064787941599403183 0.0042277117650355066 -0.00080152481794357297 -0.0025559134120422019 0.0022604030774704912 0.00056064160806792117 -0.0038541818097714456 -9.7039627331879834e-05
leaf_weight=14.999999999999998 14.999999999999998 15.999999999999998 28 15.999999999999998 17 25 18 14.999999999999998 19 15.000000000000002 18 31 14.999999999999998 14.999999999999998
leaf_count=15 15 16 28 16 17 25 18 15 19 15 18 31 15 15
internal_value=0.000437319 0.000760596 0.00251016 0.0036882 0.0021856 0 -0.000273012 0.00129981 -0.000756049 -2.65836e-05 0.000589039 0 -0.00247448 -0.00167609
internal_weight=278 263 101 73 57 42 162 33 129 95 65 47 34 30
internal_count=278 263 101 73 57 42 162 33 129 95 65 47 34 30
is_linear=0
shrinkage=0.01


Tree=359
num_leaves=12
num_cat=0
split_feature=10 4 4 4 6 4 4 5 5 4 6
split_gain=5.27317 4.39059 3.82923 3.14123 2.67619 2.21242 1.69673 2.44277 1.26109 0.734843 0.216616
threshold=0.42250000000000004 0.87200000000000011 0.73100000000000009 0.8155 1.2095000000000002 0.83800000000000008 0.88350000000000006 39.647500000000008 36.950500000000005 1.0335000000000003 1.5320000000000003
decision_type=2 2 2 2 2 2 2 2 2 2 2
left_child=1 -1 -2 4 -4 -5 7 -7 9 -8 -10
right_child=2 -3 3 5 -6 6 8 -9 10 -11 -12
leaf_value=0.0059552321700673348 -0.0049983175170998416 0 0.0048251321087492268 -0.0039617236726211778 0 -0.00045197779462943159 0.00063087626955368465 0.0045442078305142266 -0.00068243930651177025 -0.0013763645888780649 -0.0034887905611145882
leaf_weight=28 14.999999999999998 23 23 15.999999999999998 24 14.999999999999998 58 17 18 26 14.999999999999998
leaf_count=28 15 23 23 16 24 15 58 17 18 26 15
internal_value=0.000431659 0.00333177 -0.000181843 0.000122845 0.00242577 -0.000478062 -2.5089e-05 0.00192363 -0.000649096 0 -0.00228959
internal_weight=278 51 227 212 47 165 149 32 117 84 33
internal_count=278 51 227 212 47 165 149 32 117 84 33
is_linear=0
shrinkage=0.01


Tree=360
num_leaves=14
num_cat=0
split_feature=2 2 8 8 6 8 0 1 1 10 8 3 8
split_gain=5.32016 2.81865 2.11089 6.04012 7.49317 2.96468 2.23138 1.92193 3.24337 0.918469 0.468865 1.31462 0.959177
threshold=0.25750000000000006 0.16250000000000003 0.32650000000000007 0.37700000000000006 1.4440000000000002 0.30650000000000005 0.63250000000000017 0.32750000000000007 0.31250000000000006 0.43750000000000006 0.17650000000000002 62.016000000000012 0.13650000000000004
decision_type=2 2 2 2 2 2 2 2 2 2 2 2 2
left_child=1 -1 5 6 9 7 -4 8 -3 -5 12 -12 -9
right_child=-2 2 3 4 -6 -7 -8 10 -10 -11 11 -13 -14
leaf_value=0.0040875037855678991 -0.0055966225669190697 -0.0016146665892085514 0.0071759823950067652 -0.0062512848949567825 0.0034439895321161317 -0.005230371740556532 0.0012464221439710478 0 0.0037111496108070928 -0.0014684429091791954 0.00019663553156880375 -0.0025456225459880018 -0.0037364709074608981
leaf_weight=14.999999999999998 18 18 14.999999999999998 16.000000000000004 19 14.999999999999998 20 15.999999999999998 24 14.999999999999998 48 23 20
leaf_count=15 18 18 15 16 19 15 20 16 24 15 48 23 20
internal_value=-0.000409893 -8.53455e-06 -0.000303061 0.000912633 -0.00116335 -0.000994795 0.00413463 -0.000485438 0.00120122 -0.00431451 -0.00124302 -0.000563431 -0.00228328
internal_weight=282 264 249 85 50 164 35 149 42 31 107 71 36
internal_count=282 264 249 85 50 164 35 149 42 31 107 71 36
is_linear=0
shrinkage=0.01


Tree=361
num_leaves=13
num_cat=0
split_feature=5 4 8 3 8 5 2 3 8 0 9 5
split_gain=6.67735 5.74652 4.93116 5.13355 6.2726 3.56866 1.81482 0.843703 2.06402 1.9245 0.517899 0.435416
threshold=47.974000000000011 0.7410000000000001 0.32650000000000007 55.944500000000012 0.37700000000000006 42.303000000000004 0.18750000000000003 61.69700000000001 0.17650000000000002 0.73750000000000016 1.0660000000000001 36.713000000000008
decision_type=2 2 2 2 2 2 2 2 2 2 2 2
left_child=1 -1 5 -4 -5 7 -6 8 -3 -10 11 -9
right_child=-2 2 3 4 6 -7 -8 10 9 -11 -12 -13
leaf_value=-0.0058211095821718841 0.0055046138933726721 -0.0029546352838858581 0.0062389127970547287 0.0037422837434630644 0 -0.0060703133575377918 -0.0048405835532716341 -0.0033125966846687246 0.0024258975292542491 -0.00096465307474136359 -0.00010529545329089434 -0.00029393082992597064
leaf_weight=21 17 19 18 28 19 14.999999999999998 17 25 34 27 26 15.999999999999998
leaf_count=21 17 19 18 28 19 15 17 25 34 27 26 16
internal_value=-0.00040615 -0.000832648 -0.000351387 0.00158469 8.24355e-05 -0.00139478 -0.00250241 -0.000830924 -5.58861e-06 0.000766919 -0.00166091 -0.00239328
internal_weight=282 265 244 82 64 162 36 147 80 61 67 41
internal_count=282 265 244 82 64 162 36 147 80 61 67 41
is_linear=0
shrinkage=0.01


Tree=362
num_leaves=12
num_cat=0
split_feature=5 4 8 3 8 5 6 7 7 7 4
split_gain=6.55294 5.6296 4.84161 5.03625 6.15393 3.49405 1.19866 0.862759 1.32426 0.997086 0.967264
threshold=47.974000000000011 0.7410000000000001 0.32650000000000007 55.944500000000012 0.37700000000000006 42.303000000000004 1.3535000000000001 0.28100000000000008 0.13750000000000004 0.17850000000000002 0.83550000000000002
decision_type=2 2 2 2 2 2 2 2 2 2 2
left_child=1 -1 5 -4 -5 7 -6 8 10 -10 -3
right_child=-2 2 3 4 6 -7 -8 -9 9 -11 -12
leaf_value=-0.0057642522948079334 0.0054511405314717973 0.0021634260930060859 0.0061782101441074065 0.0037055173895338125 -0.0042021445041665667 -0.006011568365558502 0 0.0010449335825714198 -0.0038810551661918775 -0.0009438819595213448 -0.00076331583132226784
leaf_weight=21 17 14.999999999999998 18 28 19 14.999999999999998 17 15.999999999999998 23 52 41
leaf_count=21 17 15 18 28 19 15 17 16 23 52 41
internal_value=-0.000403499 -0.000826303 -0.000349497 0.00156835 7.89481e-05 -0.00138364 -0.00247987 -0.000824825 -0.00113234 -0.0019968 0
internal_weight=282 265 244 82 64 162 36 147 131 75 56
internal_count=282 265 244 82 64 162 36 147 131 75 56
is_linear=0
shrinkage=0.01


Tree=363
num_leaves=12
num_cat=0
split_feature=5 4 8 7 6 8 5 7 7 7 4
split_gain=6.42841 5.51782 4.74668 4.37259 8.89876 6.16534 3.4244 0.848131 1.30019 0.973914 0.948537
threshold=47.974000000000011 0.7410000000000001 0.32650000000000007 0.23350000000000004 1.5035000000000001 0.37700000000000006 42.303000000000004 0.28100000000000008 0.13750000000000004 0.17850000000000002 0.83550000000000002
decision_type=2 2 2 2 2 2 2 2 2 2 2
left_child=1 -1 6 4 5 -4 7 8 10 -10 -3
right_child=-2 2 3 -5 -6 -7 -8 -9 9 -11 -12
leaf_value=-0.0057079503130774171 0.0053981864707810532 0.0021424896796534382 0.0044374318437443837 -0.0029545651304145014 0.0088929346629551473 -0.0025135087221860885 -0.0059533919057538432 0.00103480092165145 -0.0038430704057533689 -0.00093453304700198627 -0.00075577459331736515
leaf_weight=21 17 14.999999999999998 22 14.999999999999998 17 28 14.999999999999998 15.999999999999998 23 52 41
leaf_count=21 17 15 22 15 17 28 15 16 23 52 41
internal_value=-0.000399821 -0.000818899 -0.000346408 0.00155197 0.00272346 0.000360539 -0.00137067 -0.000816657 -0.00112191 -0.00197848 0
internal_weight=282 265 244 82 67 50 162 147 131 75 56
internal_count=282 265 244 82 67 50 162 147 131 75 56
is_linear=0
shrinkage=0.01


Tree=364
num_leaves=12
num_cat=0
split_feature=2 2 8 8 6 7 8 4 7 8 8
split_gain=5.10163 2.66923 1.92622 5.59549 7.1181 3.62513 2.84375 1.88206 0.904089 0.993036 0.636452
threshold=0.25750000000000006 0.16250000000000003 0.32650000000000007 0.37700000000000006 1.4440000000000002 0.16750000000000004 0.30650000000000005 0.83350000000000002 0.076500000000000012 0.17650000000000002 0.43750000000000006
decision_type=2 2 2 2 2 2 2 2 2 2 2
left_child=1 -1 6 5 10 -4 7 -3 -9 -10 -5
right_child=-2 2 3 4 -6 -7 -8 8 9 -11 -12
leaf_value=0.0039832488423393623 -0.0054747796622482501 0.0021505021887593145 0.0070623187902005948 -0.0017098737872121006 0.0033596376654429312 2.1121231572968619e-05 -0.0050986748933792118 -0.0033732633533016328 -0.0018564297268529992 0 -0.0060691589856099694
leaf_weight=14.999999999999998 18 21 18 16.000000000000004 19 17 14.999999999999998 14.999999999999998 38 75 14.999999999999998
leaf_count=15 18 21 18 16 19 17 15 15 38 75 15
internal_value=-0.00039619 -2.42071e-06 -0.000290103 0.000868428 -0.0011242 0.00397247 -0.000952165 -0.000452186 -0.000963716 -0.000542308 -0.00419952
internal_weight=282 264 249 85 50 35 164 149 128 113 31
internal_count=282 264 249 85 50 35 164 149 128 113 31
is_linear=0
shrinkage=0.01


Tree=365
num_leaves=12
num_cat=0
split_feature=5 4 8 3 8 5 2 7 7 0 7
split_gain=6.28171 5.35443 4.57383 4.90389 5.83594 3.34272 1.757 0.831398 1.27816 1.33369 0.956087
threshold=47.974000000000011 0.7410000000000001 0.32650000000000007 55.944500000000012 0.37700000000000006 42.303000000000004 0.18750000000000003 0.28100000000000008 0.13750000000000004 0.55750000000000022 0.17850000000000002
decision_type=2 2 2 2 2 2 2 2 2 2 2
left_child=1 -1 5 -4 -5 7 -6 8 9 -3 -10
right_child=-2 2 3 4 6 -7 -8 -9 10 -11 -12
leaf_value=-0.0056232387819435707 0.0053388937882014684 -0.0020773288330588587 0.0060685005411505698 0.0035879409090991605 0 -0.0058745617635788464 -0.004736310245735305 0.0010342646932060067 -0.0037980833001672589 0.0011456679703046879 -0.00091492186025494623
leaf_weight=21 17 19 18 28 19 14.999999999999998 17 15.999999999999998 23 37 52
leaf_count=21 17 19 18 28 19 15 17 16 23 37 52
internal_value=-0.000392001 -0.00080667 -0.000340578 0.00152185 5.09381e-05 -0.00134661 -0.00243756 -0.000798429 -0.0011014 0 -0.00195084
internal_weight=282 265 244 82 64 162 36 147 131 56 75
internal_count=282 265 244 82 64 162 36 147 131 56 75
is_linear=0
shrinkage=0.01


Tree=366
num_leaves=11
num_cat=0
split_feature=5 2 6 8 8 8 0 0 5 1
split_gain=6.16229 4.59658 3.04524 5.512 3.52234 5.24964 2.19843 1.76473 1.1909 1.54543
threshold=47.974000000000011 0.25750000000000006 1.4375000000000002 0.39100000000000007 0.40450000000000008 0.35750000000000004 0.70750000000000013 0.80750000000000022 41.82800000000001 0.32250000000000006
decision_type=2 2 2 2 2 2 2 2 2 2
left_child=1 2 4 6 5 8 -4 -8 9 -1
right_child=-2 -3 3 -5 -6 -7 7 -9 -10 -11
leaf_value=0.0011560017373809155 0.0052870303392410284 -0.0059597433968023817 0.002226294979171933 0.0063928546924744882 -0.0050347693687718773 0.004371744968263167 -0.0029810012869489521 0.00033292274264728322 -0.0039344846175329105 -0.0016127194479207865
leaf_weight=23 17 15.999999999999998 26 14.999999999999998 22 17 29 25 18 74
leaf_count=23 17 16 26 15 22 17 29 25 18 74
internal_value=-0.0003884 -0.00079942 -0.000416474 0.000928126 -0.00131098 -0.000598219 -5.6297e-06 -0.00127431 -0.00143523 -0.000851093
internal_weight=282 265 249 95 154 132 80 54 115 97
internal_count=282 265 249 95 154 132 80 54 115 97
is_linear=0
shrinkage=0.01


Tree=367
num_leaves=12
num_cat=0
split_feature=5 4 8 7 6 8 5 7 7 7 4
split_gain=6.04279 5.20712 4.42324 4.23433 8.57965 5.82675 3.24111 0.811414 1.25148 0.935454 0.935414
threshold=47.974000000000011 0.7410000000000001 0.32650000000000007 0.23350000000000004 1.5035000000000001 0.37700000000000006 42.303000000000004 0.28100000000000008 0.13750000000000004 0.17850000000000002 0.83550000000000002
decision_type=2 2 2 2 2 2 2 2 2 2 2
left_child=1 -1 6 4 5 -4 7 8 10 -10 -3
right_child=-2 2 3 -5 -6 -7 -8 -9 9 -11 -12
leaf_value=-0.0055410163728303683 0.0052356705835887368 0.0021468153977466206 0.0043006652692953746 -0.002932754089274714 0.0087115856707096102 -0.0024571281968893714 -0.005780390750977301 0.0010291142840728614 -0.0037480931538850706 -0.00089411154974784182 -0.00072982425161873009
leaf_weight=21 17 14.999999999999998 22 14.999999999999998 17 28 14.999999999999998 15.999999999999998 23 52 41
leaf_count=21 17 15 22 15 17 28 15 16 23 52 41
internal_value=-0.000383804 -0.000791144 -0.000330949 0.00149978 0.00265466 0.000331422 -0.00132092 -0.000780018 -0.0010801 -0.00192081 0
internal_weight=282 265 244 82 67 50 162 147 131 75 56
internal_count=282 265 244 82 67 50 162 147 131 75 56
is_linear=0
shrinkage=0.01


Tree=368
num_leaves=12
num_cat=0
split_feature=2 2 6 8 8 8 9 0 0 8 8
split_gain=4.85058 2.53628 1.76065 4.96697 3.93067 3.73285 3.24395 2.51976 1.8886 1.6969 0.137334
threshold=0.25750000000000006 0.16250000000000003 1.4375000000000002 0.40450000000000008 0.35750000000000004 0.39100000000000007 0.39300000000000007 0.70750000000000013 0.80750000000000022 0.31100000000000005 0.21750000000000003
decision_type=2 2 2 2 2 2 2 2 2 2 2
left_child=1 -1 3 4 6 7 -3 -4 10 -8 -9
right_child=-2 2 5 -5 -6 -7 9 8 -10 -11 -12
leaf_value=0.0038895570871330079 -0.0053318143454757893 0.0025654760439221451 0.0026051112438770052 -0.0054396843663308513 0.0043104056124998761 0.0052381658554077146 -0.00091089887453094586 -0.0010977096807572148 0.00036791915320000555 -0.0046704169958829882 -0.0041955076740874397
leaf_weight=14.999999999999998 18 20 23 21 15.999999999999998 14.999999999999998 81 15.000000000000002 26 17 14.999999999999998
leaf_count=15 18 20 23 21 16 15 81 15 26 17 15
internal_value=-0.000380331 0 -0.000276926 -0.000959549 -0.000165477 0.000741975 -0.000872391 -1.35207e-05 -0.00127956 -0.00168498 -0.00301786
internal_weight=282 264 249 155 134 94 118 79 56 98 30
internal_count=282 264 249 155 134 94 118 79 56 98 30
is_linear=0
shrinkage=0.01


Tree=369
num_leaves=12
num_cat=0
split_feature=10 7 7 4 5 7 6 8 7 7 7
split_gain=5.53438 4.0651 5.05329 3.22173 3.34758 3.79154 1.54568 1.46147 0.740819 0.658475 0.617669
threshold=0.41750000000000004 0.045500000000000006 0.014500000000000001 0.7915000000000002 39.989500000000007 0.11950000000000001 1.5645000000000002 0.21300000000000002 0.22250000000000003 0.15950000000000003 0.11950000000000001
decision_type=2 2 2 2 2 2 2 2 2 2 2
left_child=-1 2 -2 -3 6 -6 7 9 -8 -5 -9
right_child=1 3 -4 4 5 -7 8 10 -10 -11 -12
leaf_value=0.0045814890265464779 -0.00025495822997946365 -0.0043783729539977178 0.0059317554051263469 -0.0019083637180360589 -0.00078627848720296911 0.0044122923643074253 0.0015964341302342872 -0.00072704725419030041 -0.0010179835388606246 0.00037640011324635092 -0.0042082300958997112
leaf_weight=27 25 22 22 18 23 27 23 15.999999999999998 15.999999999999998 26 29
leaf_count=27 25 22 22 18 23 27 23 16 16 26 29
internal_value=0.000315306 -0.000118948 0.00246238 -0.000780063 -0.000268287 0.00183882 -0.00117315 -0.00191586 0.000271379 -0.000344497 -0.00321185
internal_weight=274 247 47 200 178 50 128 89 39 44 45
internal_count=274 247 47 200 178 50 128 89 39 44 45
is_linear=0
shrinkage=0.01


Tree=370
num_leaves=15
num_cat=0
split_feature=7 6 6 0 1 2 7 3 1 5 7 7 0 7
split_gain=5.20014 8.10591 3.08551 2.44835 5.0636 1.88432 1.84436 1.65393 1.55982 1.46506 0.689953 1.65128 1.52476 0.490788
threshold=0.052500000000000005 1.1115000000000002 1.5595000000000001 0.67250000000000021 0.32250000000000006 0.20750000000000002 0.019500000000000003 66.116000000000014 0.35250000000000004 33.64950000000001 0.099000000000000019 0.18900000000000003 0.57250000000000012 0.22950000000000004
decision_type=2 2 2 2 2 2 2 2 2 2 2 2 2 2
left_child=1 -1 3 4 7 -5 -3 -2 9 -4 -6 12 -12 -13
right_child=2 6 8 5 10 -7 -8 -9 -10 -11 11 13 -14 -15
leaf_value=0.0084541389285712632 0.0041557537243166508 -0.0017589757749094412 0 -0.0056264027265401986 -0.0038928173439843317 -0.00023029075427488847 0.0022781163589002526 0 -0.00043434356153011322 0.0044110425909360254 -0.0016470170122655956 -0.0042938006495035468 0.0024954322299786977 -0.00084152414248539855
leaf_weight=18 23 19 14.999999999999998 19 17 15.999999999999998 24 17 17 22 15.999999999999998 14.999999999999998 17 19
leaf_count=18 23 19 15 19 17 16 24 17 17 22 16 15 17 19
internal_value=0.000311126 0.00289293 -0.00038647 -0.00112492 -0.00036875 -0.00347929 0.000264686 0.00243665 0.00159473 0.00278703 -0.00182951 -0.00113288 0.000193859 -0.0026946
internal_weight=274 61 213 159 124 35 43 40 54 37 84 67 33 34
internal_count=274 61 213 159 124 35 43 40 54 37 84 67 33 34
is_linear=0
shrinkage=0.01


Tree=371
num_leaves=14
num_cat=0
split_feature=7 6 6 8 7 8 1 9 9 3 5 4 1
split_gain=5.10572 6.4908 2.87757 3.25196 2.42275 2.41659 3.08257 2.9594 1.77123 1.50665 0.966688 1.27697 0.164906
threshold=0.045500000000000006 1.1115000000000002 1.5595000000000001 0.36050000000000004 0.019500000000000003 0.27450000000000008 0.32750000000000007 0.40250000000000008 0.59300000000000008 59.850500000000004 33.440000000000005 0.92250000000000021 0.33250000000000007
decision_type=2 2 2 2 2 2 2 2 2 2 2 2 2
left_child=1 -1 5 12 -3 6 -2 -7 9 -9 -8 -12 -4
right_child=2 4 3 -5 -6 7 10 8 -10 -11 11 -13 -14
leaf_value=0.0081328388856990001 0.0031947168644438401 -0.0017418372435256458 0.00076094481043326547 0.0054523159839933921 0.0032778882730220044 0.00085455274581909188 -0.0024500831914218992 -0.0066609386164088579 0 -0.0018545008814612098 -0.0016591890268894129 0.0019243803932457357 -0.00047037313117625866
leaf_weight=17 23 19 19 14.999999999999998 17 17 27 21 15.999999999999998 21 21 18 23
leaf_count=17 23 19 19 15 17 17 27 21 16 21 21 18 23
internal_value=0.000306842 0.00309761 -0.000322771 0.00153557 0.000367047 -0.00103215 0 -0.00234989 -0.00345933 -0.0045431 -0.00101427 0 0
internal_weight=274 53 221 57 36 164 89 75 58 42 66 39 42
internal_count=274 53 221 57 36 164 89 75 58 42 66 39 42
is_linear=0
shrinkage=0.01


Tree=372
num_leaves=14
num_cat=0
split_feature=7 6 6 8 0 1 0 7 2 8 5 6 1
split_gain=5.00737 6.36455 2.82377 3.18931 2.52641 4.81234 3.82043 2.37657 1.82965 1.46367 1.70455 0.758962 0.161704
threshold=0.045500000000000006 1.1115000000000002 1.5595000000000001 0.36050000000000004 0.67250000000000021 0.32250000000000006 0.5525000000000001 0.019500000000000003 0.20750000000000002 0.31100000000000005 33.440000000000005 1.1420000000000001 0.33250000000000007
decision_type=2 2 2 2 2 2 2 2 2 2 2 2 2
left_child=1 -1 4 12 5 6 -2 -3 -6 10 -7 -12 -4
right_child=2 7 3 -5 8 9 -8 -9 -10 -11 11 -13 -14
leaf_value=0.0080538340987903728 -0.0011345733894455817 -0.001724865407897876 0.00075353037470426325 0.0053995516667923616 -0.0055301802127789221 -0.0027473925250497732 0.0046826923294839536 0.0032460459997611384 -0.00020655160600488836 -0.0041675521615074903 -0.0010858789951570574 0.0015553004878993129 -0.00046576944833740273
leaf_weight=17 14.999999999999998 19 19 14.999999999999998 19 27 27 17 15.999999999999998 20 14.999999999999998 25 23
leaf_count=17 15 19 19 15 19 27 27 17 16 20 15 25 23
internal_value=0.000303595 0.00306753 -0.000319532 0.00152072 -0.0010226 -0.00028549 0.0023809 0.000360847 -0.0034154 -0.00169325 -0.0007811 0.000316766 0
internal_weight=274 53 221 57 164 129 42 36 35 87 67 40 42
internal_count=274 53 221 57 164 129 42 36 35 87 67 40 42
is_linear=0
shrinkage=0.01


Tree=373
num_leaves=15
num_cat=0
split_feature=7 6 6 0 1 0 7 5 0 6 7 7 5 3
split_gain=4.91359 6.24099 2.79099 2.73845 2.6587 2.4492 2.14146 1.98462 3.12141 0.900311 1.63219 0.770534 0.584115 0.389253
threshold=0.045500000000000006 1.1045000000000003 1.5035000000000001 0.68250000000000022 0.32250000000000006 0.5525000000000001 0.019500000000000003 31.549000000000003 0.72250000000000003 1.0835000000000001 0.18900000000000003 0.099000000000000019 41.995500000000007 51.613000000000007
decision_type=2 2 2 2 2 2 2 2 2 2 2 2 2 2
left_child=1 -1 3 4 5 -2 -3 -4 -9 -6 11 -11 13 -10
right_child=2 6 7 -5 9 -7 -8 8 12 10 -12 -13 -14 -15
leaf_value=0.0082016693507180067 -0.0011235934832403737 -0.0014176462263595768 -0.0016895378471323938 -0.0046475013363652109 -0.0037247100371766736 0.0036573328620734371 0.0032145129229341238 0.0053523884369776802 0 -0.0011915890404156277 -0.0029642079738860434 0.0014420868346796318 -0.00098249977875140403 0.0023537140381672691
leaf_weight=15.999999999999998 14.999999999999998 20 15.999999999999998 20 18 23 17 19 15.000000000000002 17 23 25 14.999999999999998 14.999999999999998
leaf_count=16 15 20 16 20 18 23 17 19 15 17 23 25 15 15
internal_value=0.000299587 0.00303775 -0.000317306 -0.00119709 -0.000527687 0.0015203 0.000458459 0.00110689 0.00196871 -0.00158857 -0.000820435 0.000139304 0.000277151 0.00124063
internal_weight=274 53 221 141 121 38 37 80 64 83 65 42 45 30
internal_count=274 53 221 141 121 38 37 80 64 83 65 42 45 30
is_linear=0
shrinkage=0.01


Tree=374
num_leaves=11
num_cat=0
split_feature=10 5 5 1 5 8 8 8 3 3
split_gain=5.23534 2.50304 3.19952 2.34788 1.82097 2.26092 4.74605 3.16524 1.20652 1.06964
threshold=0.41750000000000004 47.974000000000011 45.174500000000002 0.35250000000000004 30.199500000000004 0.30550000000000005 0.35750000000000004 0.16750000000000004 58.968500000000006 52.061000000000007
decision_type=2 2 2 2 2 2 2 2 2 2
left_child=-1 2 3 4 -2 7 -7 -6 9 -5
right_child=1 -3 -4 8 5 6 -8 -9 -10 -11
leaf_value=0.0044461230473084885 -0.0024085712645735063 0.0034590931790215631 -0.0044378214490574759 -0.0023193080382687705 -0.0014904690149330324 -0.0038259024246066228 0.0015071210276675962 0.0032378888175580178 -0.0040990534152936294 0.0010938708123660857
leaf_weight=27 17 17 18 17 14.999999999999998 25 46 59 18 14.999999999999998
leaf_count=27 17 17 18 17 15 25 46 59 18 15
internal_value=0.000295665 -0.00012569 -0.000440965 -4.49066e-05 0.000491832 0.000907716 -0.000244467 0.00214164 -0.00196961 -0.000419474
internal_weight=274 247 230 212 162 145 71 74 50 32
internal_count=274 247 230 212 162 145 71 74 50 32
is_linear=0
shrinkage=0.01


Tree=375
num_leaves=13
num_cat=0
split_feature=10 7 7 6 8 8 1 9 8 8 5 9
split_gain=5.13479 3.67449 4.70648 1.621 3.92874 3.65487 2.45156 2.3345 1.55417 1.13899 0.905044 0.442208
threshold=0.41750000000000004 0.045500000000000006 0.014500000000000001 1.5035000000000001 0.37700000000000006 0.30650000000000005 0.32750000000000007 0.41350000000000003 0.28700000000000003 0.17650000000000002 33.440000000000005 0.54200000000000015
decision_type=2 2 2 2 2 2 2 2 2 2 2 2
left_child=-1 2 -2 5 8 6 -3 -7 9 -5 -8 -12
right_child=1 3 -4 4 -6 7 10 -9 -10 -11 11 -13
leaf_value=0.0044024702369828122 -0.00028579081390418262 0.0031420772650412147 0.0056785181545548971 -0.0017546774783442098 0.0048877288467220718 0 -0.0026339126203922514 -0.0053334861496829849 -0.0032520376039402825 0.0015870401902862317 -0.0014810606452726549 0.00062104373678283867
leaf_weight=27 25 17 22 14.999999999999998 14.999999999999998 15.999999999999998 23 30 17 26 14.999999999999998 26
leaf_count=27 25 17 22 15 15 16 23 30 17 26 15 26
internal_value=0.000291892 -0.000125024 0.00232587 -0.000755225 0.000322561 -0.00145201 -4.18328e-05 -0.00369293 -0.000718831 0.000117086 -0.0010604 0
internal_weight=274 247 47 200 73 127 81 46 58 41 64 41
internal_count=274 247 47 200 73 127 81 46 58 41 64 41
is_linear=0
shrinkage=0.01


Tree=376
num_leaves=10
num_cat=0
split_feature=10 7 7 4 5 7 4 1 8
split_gain=5.03568 3.59947 4.61938 3.12988 3.22744 3.6547 1.42663 0.982563 0.988496
threshold=0.41750000000000004 0.045500000000000006 0.014500000000000001 0.7915000000000002 39.989500000000007 0.11950000000000001 0.87700000000000011 0.35750000000000004 0.16750000000000004
decision_type=2 2 2 2 2 2 2 2 2
left_child=-1 2 -2 -3 6 -6 -5 8 -8
right_child=1 3 -4 4 5 -7 7 -9 -10
leaf_value=0.0043592461670156233 -0.00028298886675460664 -0.0042929993006918165 0.0056229947366648247 -0.0032247446220029486 -0.00074385716560039115 0.004351645697924224 -0.001634103461320317 -0.0020513526762002392 0.00088876610400066489
leaf_weight=27 25 22 22 27 23 27 21 28 52
leaf_count=27 25 22 22 27 23 27 21 28 52
internal_value=0.000288381 -0.000124116 0.00230108 -0.000748229 -0.000243291 0.00182554 -0.00113321 -0.000462429 2.07755e-05
internal_weight=274 247 47 200 178 50 128 101 73
internal_count=274 247 47 200 178 50 128 101 73
is_linear=0
shrinkage=0.01


Tree=377
num_leaves=11
num_cat=0
split_feature=10 7 7 4 6 8 8 8 1 7
split_gain=4.93948 3.52745 4.53393 3.0665 1.09129 0.971146 1.91839 3.40107 1.36977 0.184169
threshold=0.41750000000000004 0.045500000000000006 0.014500000000000001 0.7915000000000002 1.0835000000000001 0.17350000000000002 0.27450000000000008 0.36050000000000004 0.35250000000000004 0.15450000000000003
decision_type=2 2 2 2 2 2 2 2 2 2
left_child=-1 2 -2 -3 -5 9 8 -8 -7 -6
right_child=1 3 -4 4 5 6 7 -9 -10 -11
leaf_value=0.0043164463037286297 -0.00028021446849201242 -0.0042510233935382632 0.0055680144992139606 -0.0026916093396192249 0 0.0027557953524348488 -0.0029573652958092486 0.0013343977951125741 -0.0001098618262580463 -0.0022631165002648898
leaf_weight=27 25 22 22 15.999999999999998 14.999999999999998 42 34 36 17 18
leaf_count=27 25 22 22 16 15 42 34 36 17 18
internal_value=0.000284459 -0.000123711 0.00227652 -0.000741911 -0.000241486 0 0.00040058 -0.000614519 0.00176805 -0.00150952
internal_weight=274 247 47 200 178 162 129 70 59 33
internal_count=274 247 47 200 178 162 129 70 59 33
is_linear=0
shrinkage=0.01


Tree=378
num_leaves=13
num_cat=0
split_feature=7 6 6 4 4 3 1 1 1 5 0 8
split_gain=2.4479 2.08287 2.3943 9.22444 3.56784 4.70412 3.09026 2.36777 1.98362 0.997352 0.857974 0.792937
threshold=0.19800000000000004 1.7805000000000002 1.4600000000000002 0.87450000000000017 0.77900000000000014 66.853000000000023 0.33250000000000007 0.31250000000000006 0.32750000000000007 43.011000000000003 0.71250000000000002 0.26900000000000007
decision_type=2 2 2 2 2 2 2 2 2 2 2 2
left_child=1 2 4 -4 9 6 7 -6 -2 -1 -10 -8
right_child=8 -3 3 -5 5 -7 11 -9 10 -11 -12 -13
leaf_value=0.00099804917293967602 -0.0042028454158987314 0.0038103420990369015 -0.0075488661873984991 0.0012676570629622092 0 -0.0036855795837350581 0 0.0046760120479898025 -0.0017037815591162545 0.0056719072547651104 0.00068978410729385428 -0.0026490120060982244
leaf_weight=16.000000000000004 24 14.999999999999998 18 29 14.999999999999998 28 21 27 29 14.999999999999998 23 14.999999999999998
leaf_count=16 24 15 18 29 15 28 21 27 29 15 23 15
internal_value=-0.000251213 0.000289786 0 -0.00194228 0.000661891 -0.000125562 0.00104034 0.00292861 -0.00179113 0.00363119 -0.000458126 -0.000898612
internal_weight=275 199 184 47 137 106 78 42 76 31 52 36
internal_count=275 199 184 47 137 106 78 42 76 31 52 36
is_linear=0
shrinkage=0.01


Tree=379
num_leaves=12
num_cat=0
split_feature=7 1 9 9 9 0 8 7 0 0 0
split_gain=2.40213 1.94411 1.94398 5.44159 3.5263 4.62232 5.68156 2.29565 0.862452 1.30706 0.842094
threshold=0.19800000000000004 0.32750000000000007 0.50200000000000011 0.55950000000000022 0.45150000000000007 0.65250000000000019 0.32950000000000007 0.066500000000000017 0.70750000000000013 0.58250000000000013 0.71250000000000002
decision_type=2 2 2 2 2 2 2 2 2 2 2
left_child=2 -2 4 -4 5 6 7 -1 9 -5 -3
right_child=1 10 3 8 -6 -7 -8 -9 -10 -11 -12
leaf_value=0.0016608167207747134 -0.0041616746418330136 -0.0016870325197607782 0.0061059808196165626 -0.00058435849300244962 -0.0038955002810749017 -0.0028182257661374947 0.0062663594397102916 -0.0030794518147454122 -0.0015062597252350921 0.0026003443719224729 0.00068303297848460527
leaf_weight=26 24 29 19 20 24 29 20 15.999999999999998 22 23 23
leaf_count=26 24 29 19 20 24 29 20 16 22 23 23
internal_value=-0.000247873 -0.00177356 0.00028766 0.00147106 -0.000492782 0.000311731 0.00194658 0 0 0.000899511 -0.000451737
internal_weight=275 76 199 84 115 91 62 42 65 43 52
internal_count=275 76 199 84 115 91 62 42 65 43 52
is_linear=0
shrinkage=0.01


Tree=380
num_leaves=14
num_cat=0
split_feature=10 1 5 0 1 0 10 9 5 4 1 4 5
split_gain=2.13299 2.39967 3.00321 2.77648 2.58125 2.63773 1.43296 2.99353 1.86789 1.06309 0.869091 0.706208 0.749163
threshold=0.41750000000000004 0.30750000000000005 39.426000000000009 0.68250000000000022 0.33250000000000007 0.60250000000000015 0.44750000000000006 0.89950000000000008 33.440000000000005 0.87700000000000011 0.33750000000000008 0.90250000000000019 34.743000000000009
decision_type=2 2 2 2 2 2 2 2 2 2 2 2 2
left_child=-1 3 6 -2 5 -4 7 8 -3 -6 -8 -12 -13
right_child=1 2 4 -5 9 -7 10 -9 -10 -11 11 12 -14
leaf_value=0.0021817436991412131 0 -0.00070969660781444082 0 -0.0060199169763787228 -0.001672588271914788 0.0050765146899457072 0.0019266273021217315 0 -0.0063576951011633269 0.0015046272955594525 -0.0025399947094340482 -0.0011337577270305887 0.0016222655705430292
leaf_weight=30 17 14.999999999999998 15.999999999999998 15.999999999999998 26 25 14.999999999999998 26 19 14.999999999999998 14.999999999999998 24 15.999999999999998
leaf_count=30 17 15 16 16 26 25 15 26 19 15 15 24 16
internal_value=-0.000245765 -0.000587582 -0.000144307 -0.00309213 0.00129418 0.00307883 -0.00112977 -0.00226311 -0.00420218 -0.000265105 -7.33159e-06 -0.00072756 0
internal_weight=275 245 212 33 82 41 130 60 34 41 70 55 40
internal_count=275 245 212 33 82 41 130 60 34 41 70 55 40
is_linear=0
shrinkage=0.01


Tree=381
num_leaves=14
num_cat=0
split_feature=7 6 8 8 3 9 8 10 1 7 6 5 10
split_gain=2.34779 2.07529 2.3539 5.13232 4.44054 3.26751 2.49469 1.98525 1.90084 0.939537 0.702416 0.645828 0.268268
threshold=0.19800000000000004 1.7805000000000002 0.30550000000000005 0.32950000000000007 59.25950000000001 0.43100000000000005 0.23650000000000002 0.46250000000000008 0.32750000000000007 0.052500000000000005 1.5320000000000003 32.682500000000012 0.45250000000000007
decision_type=2 2 2 2 2 2 2 2 2 2 2 2 2
left_child=1 2 6 -4 -5 -6 9 -8 -2 -1 -10 -11 -13
right_child=8 -3 3 4 5 -7 7 -9 10 11 -12 12 -14
leaf_value=0.0018344650933785098 -0.0041137420036354844 0.0037998866001444477 -0.0061163639958415721 -0.0035595411339471505 0.0049009657269570885 -0.00058523462287017277 0.004907520993405746 0 0.00035670394241287001 0.00029100741140353377 -0.0017716979018735644 -0.0028184344114795807 -0.00028547805149194805
leaf_weight=17 24 14.999999999999998 17 21 20 17 22 14.999999999999998 28 19 24 14.999999999999998 21
leaf_count=17 24 15 17 21 20 17 22 15 28 19 24 15 21
internal_value=-0.000243341 0.000285647 0 -0.00136872 0 0.00213942 0.000926272 0.00302593 -0.00175199 -2.82169e-05 -0.000442677 -0.000795475 -0.001639
internal_weight=275 199 184 75 58 37 109 37 76 72 52 55 36
internal_count=275 199 184 75 58 37 109 37 76 72 52 55 36
is_linear=0
shrinkage=0.01


Tree=382
num_leaves=14
num_cat=0
split_feature=10 1 5 0 1 0 10 9 5 4 1 4 5
split_gain=2.07905 2.35773 2.93388 2.67858 2.53459 2.60133 1.39287 2.93544 1.81109 1.04372 0.846013 0.688861 0.736743
threshold=0.41750000000000004 0.30750000000000005 39.426000000000009 0.68250000000000022 0.33250000000000007 0.60250000000000015 0.44750000000000006 0.89950000000000008 33.440000000000005 0.87700000000000011 0.33750000000000008 0.90250000000000019 34.743000000000009
decision_type=2 2 2 2 2 2 2 2 2 2 2 2 2
left_child=-1 3 6 -2 5 -4 7 8 -3 -6 -8 -12 -13
right_child=1 2 4 -5 9 -7 10 -9 -10 -11 11 12 -14
leaf_value=0.0021550845435713648 0 -0.00069952011664187717 0 -0.005937848846343431 -0.001657303712278042 0.0050348617574747867 0.001901250258088112 0 -0.0062765179574489592 0.001489941434514138 -0.0025075444386851403 -0.0011232372597620196 0.0016098859815886527
leaf_weight=30 17 14.999999999999998 15.999999999999998 15.999999999999998 26 25 14.999999999999998 26 19 14.999999999999998 14.999999999999998 24 15.999999999999998
leaf_count=30 17 15 16 16 26 25 15 26 19 15 15 24 16
internal_value=-0.000240855 -0.00057876 -0.00013901 -0.00306107 0.00128229 0.00305092 -0.00111363 -0.00223099 -0.00415173 -0.00026083 -5.01779e-06 -0.000717534 0
internal_weight=275 245 212 33 82 41 130 60 34 41 70 55 40
internal_count=275 245 212 33 82 41 130 60 34 41 70 55 40
is_linear=0
shrinkage=0.01


Tree=383
num_leaves=13
num_cat=0
split_feature=7 9 9 9 0 8 7 0 9 5 0 0
split_gain=2.29595 1.92157 5.30706 3.39392 4.39969 5.49958 2.2279 1.59586 2.89674 1.72744 0.8505 1.26529
threshold=0.19800000000000004 0.50200000000000011 0.55950000000000022 0.45150000000000007 0.65250000000000019 0.32950000000000007 0.066500000000000017 0.71250000000000002 0.64850000000000019 35.250000000000007 0.70750000000000013 0.58250000000000013
decision_type=2 2 2 2 2 2 2 2 2 2 2 2
left_child=1 3 -3 4 5 6 -1 8 -2 -9 11 -4
right_child=7 2 10 -5 -6 -7 -8 9 -10 -11 -12 -13
leaf_value=0.0016132199096510996 -0.0057482468863812889 0.0060386905876489783 -0.00055098443223935804 -0.0038294328853478465 -0.0027550749398641667 0.0061446511091255568 -0.0030533111230893568 -0.0023785701538285896 -0.00020216963381743897 0.0022703767432407898 -0.0014874086683202121 0.0025729954987764357
leaf_weight=26 20 19 20 24 29 20 15.999999999999998 15.000000000000002 25 15.999999999999998 22 23
leaf_count=26 20 19 20 24 29 20 16 15 25 16 22 23
internal_value=-0.000238486 0.000284202 0.00146104 -0.000491427 0.000295752 0.00189338 0 -0.00173073 -0.00292295 0 0 0.000900465
internal_weight=275 199 84 115 91 62 42 76 45 31 65 43
internal_count=275 199 84 115 91 62 42 76 45 31 65 43
is_linear=0
shrinkage=0.01


Tree=384
num_leaves=15
num_cat=0
split_feature=7 6 8 8 0 2 8 10 0 6 4 7 4 5
split_gain=2.25276 2.06845 2.32418 4.98237 7.86179 2.65504 2.43735 1.92529 1.56715 2.30434 2.05484 0.910516 1.31486 0.0625952
threshold=0.19800000000000004 1.7805000000000002 0.30550000000000005 0.32950000000000007 0.65250000000000019 0.18750000000000003 0.23650000000000002 0.46250000000000008 0.71250000000000002 1.7575000000000001 0.96450000000000002 0.052500000000000005 0.87450000000000017 32.682500000000012
decision_type=2 2 2 2 2 2 2 2 2 2 2 2 2 2
left_child=1 2 6 -4 5 -5 11 -8 10 -10 -2 -1 -13 -14
right_child=8 -3 3 4 -6 -7 7 -9 9 -11 -12 12 13 -15
leaf_value=0.0018050658901754236 -0.0043878979895447126 0.0037891048241046167 -0.0060420138516596392 0.0059284708329609458 -0.0041378915744523211 0 0.0048443047485262573 0 0.0026191703896179335 -0.0027502842499844489 0 -0.0032683025480758762 0.00060062144064542018 -0.00011197860827859568
leaf_weight=17 30 14.999999999999998 17 17 25 15.999999999999998 22 14.999999999999998 16.000000000000004 14.999999999999998 14.999999999999998 14.999999999999998 15.999999999999998 24
leaf_count=17 30 15 17 17 25 16 22 15 16 15 15 15 16 24
internal_value=-0.000236852 0.000280475 0 -0.00136473 0 0.00323029 0.00091562 0.00299103 -0.00171513 0 -0.00289658 -2.62518e-05 -0.000783638 0
internal_weight=275 199 184 75 58 33 109 37 76 31 45 72 55 40
internal_count=275 199 184 75 58 33 109 37 76 31 45 72 55 40
is_linear=0
shrinkage=0.01


Tree=385
num_leaves=14
num_cat=0
split_feature=7 6 8 8 3 8 7 10 1 7 4 6 5
split_gain=2.20942 2.02819 2.27822 4.88746 4.13251 2.39118 1.93887 1.88599 1.84504 0.892983 1.28954 0.680472 0.0613865
threshold=0.19800000000000004 1.7805000000000002 0.30550000000000005 0.32950000000000007 59.25950000000001 0.23650000000000002 0.070500000000000021 0.46250000000000008 0.32750000000000007 0.052500000000000005 0.87450000000000017 1.5320000000000003 32.682500000000012
decision_type=2 2 2 2 2 2 2 2 2 2 2 2 2
left_child=1 2 5 -4 -5 9 -6 -7 -2 -1 -11 -10 -12
right_child=8 -3 3 4 6 7 -8 -9 11 10 12 -13 -14
leaf_value=0.0017875309542287141 -0.0040223253624779836 0.0037524361812299296 -0.005983319887093135 -0.0034485222364580908 0 0.0047969382401141861 0.0043586078326444365 0 0.00037995390724717527 -0.0032366738396306196 0.00059479729921528785 -0.0017215982948106771 -0.0001108817033925835
leaf_weight=17 24 14.999999999999998 17 21 19 22 18 14.999999999999998 28 14.999999999999998 15.999999999999998 24 24
leaf_count=17 24 15 17 21 19 22 18 15 28 15 16 24 24
internal_value=-0.000233789 0.000278138 0 -0.00135077 0 0.00090693 0.00204982 0.00296261 -0.00169801 -2.46772e-05 -0.000776052 -0.000406676 0
internal_weight=275 199 184 75 58 109 37 37 76 72 55 52 40
internal_count=275 199 184 75 58 109 37 37 76 72 55 52 40
is_linear=0
shrinkage=0.01


Tree=386
num_leaves=14
num_cat=0
split_feature=10 1 5 0 1 3 10 9 5 4 5 3 0
split_gain=1.98536 2.31511 2.86223 2.50297 2.47878 4.34391 1.35164 2.84481 1.74693 1.0008 0.825742 1.7895 0.977617
threshold=0.41750000000000004 0.30750000000000005 39.426000000000009 0.68250000000000022 0.33250000000000007 59.553500000000007 0.44750000000000006 0.89950000000000008 33.440000000000005 0.87700000000000011 34.743000000000009 58.968500000000006 0.6625000000000002
decision_type=2 2 2 2 2 2 2 2 2 2 2 2 2
left_child=-1 3 6 -2 5 -4 7 8 -3 -6 12 -12 -8
right_child=1 2 4 -5 9 -7 10 -9 -10 -11 11 -13 -14
leaf_value=0.0021090886641110555 0 -0.00067707557231187819 0.0070255397124723952 -0.0058049655996375918 -0.0016179522787624933 0 -0.0027575413042154068 0 -0.0061693909458625006 0.0014637574553489686 -0.00088638048725468764 0.0033570360732930048 4.6606077413473812e-05
leaf_weight=30 17 14.999999999999998 15.999999999999998 15.999999999999998 26 25 19 26 19 14.999999999999998 17 17 17
leaf_count=30 17 15 16 16 26 25 19 26 19 15 17 17 17
internal_value=-0.000231162 -0.000562168 -0.000126176 -0.00302089 0.00127751 0.00302607 -0.00108971 -0.00218986 -0.0040811 -0.000245482 0 0.000963376 -0.00117689
internal_weight=275 245 212 33 82 41 130 60 34 41 70 34 36
internal_count=275 245 212 33 82 41 130 60 34 41 70 34 36
is_linear=0
shrinkage=0.01


Tree=387
num_leaves=10
num_cat=0
split_feature=10 5 4 3 0 4 6 2 4
split_gain=4.20737 3.0453 3.45647 3.51589 2.28946 1.62706 1.58327 2.05858 1.28656
threshold=0.41750000000000004 47.974000000000011 0.7410000000000001 70.381500000000003 0.57250000000000012 0.87200000000000011 1.5395000000000001 0.18250000000000002 0.88150000000000006
decision_type=2 2 2 2 2 2 2 2 2
left_child=-1 2 -2 4 5 -4 7 -6 -8
right_child=1 -3 3 -5 6 -7 8 -9 -10
leaf_value=0.0031182549467732041 -0.0060292313187833759 0.0030851386487483977 -0.0057065570027363009 0.0028358838504191669 -0.0023241008099570289 -0.00066673164708273749 -0.0046777098890273799 0.0010198151121157727 -0.00091359075813526565
leaf_weight=26 14.999999999999998 14.999999999999998 20 20 25 17 14.999999999999998 65 50
leaf_count=26 15 15 20 20 25 17 15 65 50
internal_value=-0.00057588 -0.00101962 -0.001341 -0.000948819 -0.00140135 -0.00369739 -0.000778826 0 -0.00196398
internal_weight=268 242 227 212 192 37 155 90 65
internal_count=268 242 227 212 192 37 155 90 65
is_linear=0
shrinkage=0.01


Tree=388
num_leaves=10
num_cat=0
split_feature=10 5 4 3 0 4 2 4 1
split_gain=4.12827 2.99041 3.38587 3.45215 2.24546 1.58829 1.42462 1.95198 0.864315
threshold=0.41750000000000004 47.974000000000011 0.7410000000000001 70.381500000000003 0.57250000000000012 0.87200000000000011 0.18250000000000002 0.83350000000000002 0.32250000000000006
decision_type=2 2 2 2 2 2 2 2 2
left_child=-1 2 -2 4 5 -4 8 -8 -6
right_child=1 -3 3 -5 6 -7 7 -9 -10
leaf_value=0.0030876607924506488 -0.0059708838825744967 0.0030552824899073572 -0.0056508832915527062 0.0028082168212433052 -0.0039414232364776199 -0.00066025481532726977 0.0023185454419952759 -0.00085905651270579077 0
leaf_weight=26 14.999999999999998 14.999999999999998 20 20 20 17 23 97 14.999999999999998
leaf_count=26 15 15 20 20 20 17 23 97 15
internal_value=-0.000570685 -0.00101052 -0.00132927 -0.000940518 -0.00138924 -0.00366394 -0.000771903 -0.000159935 -0.00255658
internal_weight=268 242 227 212 192 37 155 120 35
internal_count=268 242 227 212 192 37 155 120 35
is_linear=0
shrinkage=0.01


Tree=389
num_leaves=10
num_cat=0
split_feature=10 5 4 3 0 4 6 1 3
split_gain=4.05049 2.9364 3.31683 3.38941 2.20258 1.55034 1.55032 2.07573 1.24906
threshold=0.41750000000000004 47.974000000000011 0.7410000000000001 70.381500000000003 0.57250000000000012 0.87200000000000011 1.5395000000000001 0.32250000000000006 56.471000000000011
decision_type=2 2 2 2 2 2 2 2 2
left_child=-1 2 -2 4 5 -4 8 -8 -6
right_child=1 -3 3 -5 6 -7 7 -9 -10
leaf_value=0.0030573668459184327 -0.0059131011072426076 0.0030257152645818647 -0.0055957527531356344 0.0027808196717736926 0.002324965021167046 -0.0006538408185754503 -0.0052593482429942771 -0.00070138691767755127 -0.00052223073461881049
leaf_weight=26 14.999999999999998 14.999999999999998 20 20 19 17 14.999999999999998 50 71
leaf_count=26 15 15 20 20 19 17 15 50 71
internal_value=-0.000565457 -0.00100142 -0.00131756 -0.000932193 -0.00137713 -0.0036308 -0.000764904 -0.00193801 0
internal_weight=268 242 227 212 192 37 155 65 90
internal_count=268 242 227 212 192 37 155 65 90
is_linear=0
shrinkage=0.01


Tree=390
num_leaves=10
num_cat=0
split_feature=10 5 4 4 5 4 2 9 1
split_gain=3.97429 2.88346 3.24909 2.96178 9.77662 1.96123 1.28783 0.771552 0.72917
threshold=0.41750000000000004 47.974000000000011 0.7410000000000001 0.80750000000000022 41.582000000000008 0.87700000000000011 0.20750000000000002 0.54200000000000015 0.32750000000000007
decision_type=2 2 2 2 2 2 2 2 2
left_child=-1 2 -2 4 -4 6 -5 -7 -9
right_child=1 -3 3 5 -6 7 -8 8 -10
leaf_value=0.0030273699433595504 -0.0058558775042934766 0.0029964341030966853 0.0076976673833785512 -0.0038597997198446415 -0.0028770452336332685 0.00091804421620398041 0 -0.0030902375179258264 -0.00049689719723482455
leaf_weight=26 14.999999999999998 14.999999999999998 14.999999999999998 44 18 20 14.999999999999998 15.999999999999998 84
leaf_count=26 15 15 15 44 18 20 15 16 84
internal_value=-0.000560314 -0.000992452 -0.001306 -0.000923991 0.00167428 -0.00146204 -0.0029963 -0.000615409 -0.00102464
internal_weight=268 242 227 212 33 179 59 120 100
internal_count=268 242 227 212 33 179 59 120 100
is_linear=0
shrinkage=0.01


Tree=391
num_leaves=14
num_cat=0
split_feature=9 4 4 8 9 1 0 8 6 0 9 3 3
split_gain=3.88312 2.96169 3.27274 2.69505 2.4357 1.92764 1.66274 2.26359 1.48784 1.12045 0.718514 0.446767 0.0514665
threshold=0.39300000000000007 0.7915000000000002 0.83350000000000002 0.33950000000000008 0.36050000000000004 0.32750000000000007 0.63750000000000007 0.28200000000000008 1.2425000000000004 0.73750000000000016 1.1770000000000003 63.661000000000008 66.116000000000014
decision_type=2 2 2 2 2 2 2 2 2 2 2 2 2
left_child=4 8 -3 6 11 -5 10 9 -2 -8 12 -1 -4
right_child=1 2 3 5 -6 -7 7 -9 -10 -11 -12 -13 -14
leaf_value=0.0013107953333493434 -0.0064713356379539726 0.0025230563452186168 -0.0033487635541979859 -0.0055966167138932757 0.0047795363626170692 -0.00034275258226054055 0.00083449754068119959 0.0035705833861956727 -0.00096815198659896853 -0.0018780564517599711 0 -0.0010263200404663239 -0.00092279141289847242
leaf_weight=16.000000000000004 15.000000000000002 26 20 21 18 17 27 18 14.999999999999998 28 14.999999999999998 14.999999999999998 17
leaf_count=16 15 26 20 21 18 17 27 18 15 28 15 15 17
internal_value=-0.000554982 -0.00115332 -0.000621859 -0.00119085 0.00190185 -0.00354092 -0.00038548 0.000482719 -0.00410859 -0.000370737 -0.00178776 0 -0.00252796
internal_weight=268 219 189 163 49 38 125 73 30 55 52 31 37
internal_count=268 219 189 163 49 38 125 73 30 55 52 31 37
is_linear=0
shrinkage=0.01


Tree=392
num_leaves=10
num_cat=0
split_feature=10 5 3 1 0 6 1 3 2
split_gain=3.91373 2.81112 2.31981 3.47655 1.62503 1.66569 1.77455 1.32624 1.12254
threshold=0.41750000000000004 47.974000000000011 70.381500000000003 0.30250000000000005 0.58250000000000013 1.5395000000000001 0.35250000000000004 49.793500000000009 0.20750000000000002
decision_type=2 2 2 2 2 2 2 2 2
left_child=-1 2 3 -2 8 6 -6 -7 -5
right_child=1 -3 -4 4 5 7 -8 -9 -10
leaf_value=0.0030097663573885581 -0.0053100453969091178 0.0029567098473348924 0.0014132868709536839 -0.0043300008009739066 0.0014799291985707547 0 -0.0017702552427848182 -0.0028045623228500054 -0.00030674867936082787
leaf_weight=26 24 14.999999999999998 24 24 54 21 22 40 18
leaf_count=26 24 15 24 24 54 21 22 40 18
internal_value=-0.000550282 -0.000979421 -0.0012894 -0.00166076 -0.00110233 -0.000480787 0.000402946 -0.00173876 -0.00286494
internal_weight=268 242 227 203 179 137 76 61 42
internal_count=268 242 227 203 179 137 76 61 42
is_linear=0
shrinkage=0.01


Tree=393
num_leaves=11
num_cat=0
split_feature=10 5 4 4 5 4 2 9 1 6
split_gain=3.83865 2.75945 3.16537 2.90377 9.52992 1.92337 1.23394 0.752205 0.710427 0.23984
threshold=0.41750000000000004 47.974000000000011 0.7410000000000001 0.80750000000000022 41.582000000000008 0.87700000000000011 0.20750000000000002 0.54200000000000015 0.32750000000000007 1.3535000000000001
decision_type=2 2 2 2 2 2 2 2 2 2
left_child=-1 2 -2 4 -4 6 9 -7 -9 -5
right_child=1 -3 3 5 -6 7 -8 8 -10 -11
leaf_value=0.0029802365082685117 -0.0057681700966749037 0.0029280966856787285 0.0076206941566159649 -0.0052718100725458218 -0.0028149293816170178 0.00091987285853886019 0 -0.0030371369342460774 -0.00047750102404295607 -0.0022038909719855177
leaf_weight=26 14.999999999999998 14.999999999999998 14.999999999999998 19 18 20 14.999999999999998 15.999999999999998 84 25
leaf_count=26 15 15 15 19 18 20 15 16 84 25
internal_value=-0.000544637 -0.000969944 -0.00127735 -0.000899719 0.00167297 -0.00143306 -0.00295178 -0.000594226 -0.000999618 -0.00379774
internal_weight=268 242 227 212 33 179 59 120 100 44
internal_count=268 242 227 212 33 179 59 120 100 44
is_linear=0
shrinkage=0.01


Tree=394
num_leaves=11
num_cat=0
split_feature=10 5 3 1 7 0 6 1 3 2
split_gain=3.76696 2.71016 2.26441 3.29601 3.08487 2.11245 1.63262 1.74821 1.29791 0.782999
threshold=0.41750000000000004 47.974000000000011 68.768500000000003 0.30250000000000005 0.10600000000000001 0.58250000000000013 1.5395000000000001 0.35250000000000004 49.793500000000009 0.20750000000000002
decision_type=2 2 2 2 2 2 2 2 2 2
left_child=-1 2 3 -2 -4 9 7 -7 -8 -5
right_child=1 -3 4 5 -6 6 8 -9 -10 -11
leaf_value=0.0029509964817256294 -0.0052362562662788808 0.0028997600751538431 0.0044181901628091444 -0.0048764701218654708 -0.0015576616290843847 0.00147846069050218 0 -0.0017449712206919989 -0.0027665721707298987 -0.00082166225621194556
leaf_weight=26 24 14.999999999999998 15.000000000000002 19 15.999999999999998 54 21 22 40 15.999999999999998
leaf_count=26 24 15 15 19 16 54 21 22 40 16
internal_value=-0.000539906 -0.00096151 -0.00126643 -0.00168393 0.00104065 -0.00111655 -0.000465135 0.000409337 -0.00171171 -0.00334221
internal_weight=268 242 227 196 31 172 137 76 61 35
internal_count=268 242 227 196 31 172 137 76 61 35
is_linear=0
shrinkage=0.01


Tree=395
num_leaves=12
num_cat=0
split_feature=9 10 4 4 4 5 6 0 2 9 1
split_gain=3.73138 7.68914 2.93524 3.22077 2.60407 1.57369 1.46683 1.41131 1.37496 1.73943 0.822594
threshold=0.39300000000000007 0.42750000000000005 0.7915000000000002 0.83350000000000002 0.87700000000000011 42.303000000000004 1.2425000000000004 0.6625000000000002 0.18250000000000002 0.54200000000000015 0.34250000000000008
decision_type=2 2 2 2 2 2 2 2 2 2 2
left_child=1 -1 6 -4 7 -3 -2 -5 -6 -10 -11
right_child=2 5 3 4 8 -7 -8 -9 9 10 -12
leaf_value=0.007266721693532807 -0.0064063391858531571 0.0010136655627778083 0.0025280893282999973 -0.0056349742050106465 -0.0030704690964723177 -0.0031026575104756786 -0.00094093813050177789 -0.00088904080960230947 0.0027368664149290478 0.00030689980834722522 -0.0014503684485017662
leaf_weight=17 15.000000000000002 15.999999999999998 26 18 15.999999999999998 15.999999999999998 14.999999999999998 19 19 41 50
leaf_count=17 15 16 26 18 16 16 15 19 19 41 50
internal_value=-0.000534725 0.00187271 -0.00112197 -0.000593087 -0.00115831 -0.000752873 -0.00406173 -0.00350889 -0.000377874 0 -0.000551992
internal_weight=268 49 219 189 163 32 30 37 126 110 91
internal_count=268 49 219 189 163 32 30 37 126 110 91
is_linear=0
shrinkage=0.01


Tree=396
num_leaves=13
num_cat=0
split_feature=8 4 8 2 2 8 1 10 8 2 6 3
split_gain=5.13067 5.03856 4.96896 2.89089 4.38151 2.16121 1.51446 0.878014 0.593325 1.11428 0.786955 0.504358
threshold=0.32650000000000007 0.79750000000000021 0.30550000000000005 0.18750000000000003 0.20250000000000004 0.23650000000000002 0.32750000000000007 0.43750000000000006 0.18050000000000002 0.21750000000000003 1.4000000000000001 62.663500000000006
decision_type=2 2 2 2 2 2 2 2 2 2 2 2
left_child=2 7 5 -3 -5 8 -7 -2 10 11 -1 -10
right_child=1 3 -4 4 -6 6 -8 -9 9 -11 -12 -13
leaf_value=-0.0028292621688005772 -0.0024071240312222271 0.0067985603688102145 -0.0054320603200058281 -0.0018505993281160633 0.0047606851243310504 0.0042595376861946921 0 0.0005961334669301587 0.0019756544537322465 -0.0022424732340920357 0 0
leaf_weight=23 16.000000000000004 25 18 14.999999999999998 22 17 24 14.999999999999998 21 14.999999999999998 24 17
leaf_count=23 16 25 18 15 22 17 24 15 21 15 24 17
internal_value=0.000486712 0.00236703 -0.00055437 0.00402871 0.00182483 1.46363e-05 0.00200041 -0.000650079 -0.000705931 0 -0.00151772 0.000932575
internal_weight=252 93 159 62 37 141 41 31 100 53 47 38
internal_count=252 93 159 62 37 141 41 31 100 53 47 38
is_linear=0
shrinkage=0.01


Tree=397
num_leaves=13
num_cat=0
split_feature=8 4 8 1 5 8 1 10 8 6 4 5
split_gain=5.03221 4.93915 4.87233 2.81263 3.89814 2.12436 1.48191 0.862318 0.581707 0.769977 0.394724 0.642027
threshold=0.32650000000000007 0.79750000000000021 0.30550000000000005 0.32250000000000006 37.721500000000006 0.23650000000000002 0.32750000000000007 0.43750000000000006 0.18050000000000002 1.4000000000000001 0.96850000000000003 39.989500000000007
decision_type=2 2 2 2 2 2 2 2 2 2 2 2
left_child=2 7 5 4 -3 8 -7 -2 9 -1 11 -10
right_child=1 3 -4 -5 -6 6 -8 -9 10 -11 -12 -13
leaf_value=-0.0028015714689613659 -0.0023837822359619714 0.00091305010982098119 -0.0053792078108400908 0.00077437343037858311 0.0083489612917950814 0.0042181593222277505 0 0.00059036432495040275 -0.0018896768133087858 0 0.0012037930628788229 0.00048615952052416338
leaf_weight=23 16.000000000000004 14.999999999999998 18 24 23 17 24 14.999999999999998 20 24 18 14.999999999999998
leaf_count=23 16 15 18 24 23 17 24 15 20 24 18 15
internal_value=0.000481374 0.00234378 -0.000549193 0.0039892 0.00572345 1.35628e-05 0.00198296 -0.000640691 -0.000700237 -0.00150402 0 -0.000597265
internal_weight=252 93 159 62 38 141 41 31 100 47 53 35
internal_count=252 93 159 62 38 141 41 31 100 47 53 35
is_linear=0
shrinkage=0.01


Tree=398
num_leaves=12
num_cat=0
split_feature=1 3 5 1 4 5 2 5 4 5 5
split_gain=2.34546 1.93207 4.09736 4.26022 7.15355 1.94861 3.24116 2.25868 1.26866 0.914499 0.510494
threshold=0.35250000000000004 63.661000000000008 39.839500000000008 0.30750000000000005 0.83350000000000002 37.967500000000008 0.18750000000000003 35.010500000000008 0.90950000000000009 37.048000000000009 32.682500000000012
decision_type=2 2 2 2 2 2 2 2 2 2 2
left_child=1 2 9 -4 -5 7 -7 -3 -2 10 -1
right_child=8 5 3 4 -6 6 -8 -9 -10 -11 -12
leaf_value=-2.8036541937451275e-05 -0.0037235662882978268 -0.0002976688595031792 0 0.0099320561419694847 0.00065361210168936312 0.00070800891518592844 -0.0048447575897742545 0.0042399680590437311 0 -0.0015517338079975007 0.0016782150600777299
leaf_weight=17 15.999999999999998 26 22 19 19 17 19 14.999999999999998 29 23 30
leaf_count=17 16 26 22 19 19 17 19 15 29 23 30
internal_value=0.000477547 0.000957465 0.00170824 0.00361481 0.00562131 -0.000183888 -0.00197487 0.00115256 -0.00149656 0 0.000856735
internal_weight=252 207 130 60 38 77 36 41 45 70 47
internal_count=252 207 130 60 38 77 36 41 45 70 47
is_linear=0
shrinkage=0.01


Tree=399
num_leaves=13
num_cat=0
split_feature=8 8 7 1 1 8 1 2 8 2 0 3
split_gain=4.89563 4.76228 2.7304 2.71903 3.64627 2.05556 1.45084 1.23747 0.573775 1.07492 0.605131 0.490601
threshold=0.32650000000000007 0.30550000000000005 0.019500000000000003 0.30750000000000005 0.32250000000000006 0.23650000000000002 0.32750000000000007 0.18250000000000002 0.18050000000000002 0.21750000000000003 0.72250000000000003 62.663500000000006
decision_type=2 2 2 2 2 2 2 2 2 2 2 2
left_child=1 5 -2 7 -5 8 -7 -4 10 11 -1 -10
right_child=2 -3 3 4 -6 6 -8 -9 9 -11 -12 -13
leaf_value=-0.0024104367297861661 -0.0011063500553850204 -0.0053186212978451643 0.0025050048242722242 0.0081535043061161643 0.0017635453966530887 0.0041607679000922613 0 -0.0011758895626952572 0.0019497191212898078 -0.0021970909930044604 0 0
leaf_weight=28 14.999999999999998 18 17 19 27 17 24 14.999999999999998 21 14.999999999999998 19 17
leaf_count=28 15 18 17 19 27 17 24 15 21 15 19 17
internal_value=0.000472336 -0.000543503 0.00230967 0.00309684 0.00467722 1.20545e-05 0.00195045 0.000480348 -0.000688934 0 -0.00148733 0.000921181
internal_weight=252 159 93 78 46 141 41 32 100 53 47 38
internal_count=252 159 93 78 46 141 41 32 100 53 47 38
is_linear=0
shrinkage=0.01


Tree=400
num_leaves=12
num_cat=0
split_feature=8 4 5 5 5 8 5 6 8 3 5
split_gain=4.81867 6.95046 4.60281 4.23758 1.80412 0.6994 1.89354 1.50533 1.42158 0.486835 0.101566
threshold=0.35750000000000004 0.80500000000000016 37.721500000000006 45.847000000000008 41.702500000000008 0.31350000000000006 33.911000000000008 1.5065000000000002 0.23650000000000002 61.69700000000001 32.039500000000011
decision_type=2 2 2 2 2 2 2 2 2 2 2
left_child=3 -2 -3 4 5 6 7 -1 9 -8 -9
right_child=1 2 -4 -5 -6 -7 8 10 -10 -11 -12
leaf_value=-0.0030379589443857019 -0.0009814859868264665 0.00028956535122086927 0.0080425873946617637 0.0042961713245936797 -0.0035988591827971991 -0.0017740890396791592 0.00095723459219678928 -0.00033500909519551146 0.0031164784539253155 -0.0012455745449821865 0.00073197653066487084
leaf_weight=27 25 14.999999999999998 25 17 21 28 23 16.000000000000004 23 17 14.999999999999998
leaf_count=27 25 15 25 17 21 28 23 16 23 17 15
internal_value=0.000467331 0.0028175 0.00542159 -0.000301574 -0.00083125 -0.000363563 0 -0.00132865 0.00116433 0 0
internal_weight=252 65 40 187 170 149 121 58 63 40 31
internal_count=252 65 40 187 170 149 121 58 63 40 31
is_linear=0
shrinkage=0.01


Tree=401
num_leaves=12
num_cat=0
split_feature=1 3 5 1 4 10 5 4 10 5 6
split_gain=2.26633 1.85278 3.96576 4.1167 6.97607 1.91364 2.64205 1.23448 1.09737 1.26685 0.74324
threshold=0.35250000000000004 63.661000000000008 39.839500000000008 0.30750000000000005 0.83350000000000002 0.43250000000000005 37.875500000000009 0.90950000000000009 0.42750000000000005 36.041500000000006 1.2425000000000004
decision_type=2 2 2 2 2 2 2 2 2 2 2
left_child=1 2 8 -4 -5 10 -7 -2 -1 -10 -3
right_child=7 5 3 4 -6 6 -8 -9 9 -11 -12
leaf_value=0.0021413026548720696 -0.003674190692377813 -0.0030516237722088895 0 0.0097736066885483579 0.00060834145507751374 0.004085316641910656 -0.0008107298577940741 0 0.00047309885802270288 -0.0024345936458937977 0
leaf_weight=18 15.999999999999998 22 22 19 19 18 21 29 28 24 15.999999999999998
leaf_count=18 16 22 22 19 19 18 21 29 28 24 16
internal_value=0.00046239 0.000934794 0.00167027 0.00354579 0.00551813 -0.000180655 0.00121893 -0.00147728 0 -0.000688842 -0.00187399
internal_weight=252 207 130 60 38 77 39 45 70 52 38
internal_count=252 207 130 60 38 77 39 45 70 52 38
is_linear=0
shrinkage=0.01


Tree=402
num_leaves=13
num_cat=0
split_feature=8 4 8 2 2 1 2 10 0 6 4 4
split_gain=4.70661 4.76126 4.63509 2.77034 4.27636 1.9885 3.52828 0.846047 0.683294 0.719945 1.20846 0.429579
threshold=0.32650000000000007 0.79750000000000021 0.30550000000000005 0.18750000000000003 0.20250000000000004 0.32750000000000007 0.18750000000000003 0.43750000000000006 0.58250000000000013 1.3750000000000002 0.92250000000000021 0.9840000000000001
decision_type=2 2 2 2 2 2 2 2 2 2 2 2
left_child=2 7 5 -3 -5 6 -1 -2 -7 -10 -11 -12
right_child=1 3 -4 4 -6 8 -8 -9 9 10 11 -13
leaf_value=-0.00029485172909149464 -0.0023885225007931384 0.0065858150551132127 -0.00524836034086105 -0.0019150715068944038 0.0046251864019367433 -0.0020786498611318474 0.0052161163776307494 0.00054015833343709673 0.0015111442554641414 -0.0030224076342402085 0.0014338715938907681 -0.00060723989989313926
leaf_weight=23 16.000000000000004 25 18 14.999999999999998 22 26 18 14.999999999999998 18 15.999999999999998 15.999999999999998 24
leaf_count=23 16 25 18 15 22 26 18 15 18 16 16 24
internal_value=0.00045759 0.00225971 -0.000537566 0.00387714 0.00171688 9.56087e-06 0.00191733 -0.000667878 -0.000678769 -4.2041e-05 -0.000727225 0
internal_weight=252 93 159 62 37 141 41 31 100 74 56 40
internal_count=252 93 159 62 37 141 41 31 100 74 56 40
is_linear=0
shrinkage=0.01


end of trees

feature_importances:
a1=767
ri_p2=635
p1_dia_t=482
e_a=479
c_a=427
har_dist=394
ipa=374
p3_sec=288
t_p2_dia=268
ipr=224
dia_t=199

parameters:
[boosting: gbdt]
[objective: regression]
[metric: rmse,l1]
[tree_learner: serial]
[device_type: cpu]
[data_sample_strategy: bagging]
[data: ]
[valid: ]
[num_iterations: 403]
[learning_rate: 0.01]
[num_leaves: 76]
[num_threads: 0]
[seed: 0]
[deterministic: 0]
[force_col_wise: 0]
[force_row_wise: 0]
[histogram_pool_size: -1]
[max_depth: 7]
[min_data_in_leaf: 15]
[min_sum_hessian_in_leaf: 0.001]
[bagging_fraction: 0.7]
[pos_bagging_fraction: 1]
[neg_bagging_fraction: 1]
[bagging_freq: 9]
[bagging_seed: 3]
[bagging_by_query: 0]
[feature_fraction: 0.8]
[feature_fraction_bynode: 1]
[feature_fraction_seed: 2]
[extra_trees: 0]
[extra_seed: 6]
[early_stopping_round: 0]
[early_stopping_min_delta: 0]
[first_metric_only: 0]
[max_delta_step: 0]
[lambda_l1: 1]
[lambda_l2: 0.5]
[linear_lambda: 0]
[min_gain_to_split: 0]
[drop_rate: 0.1]
[max_drop: 50]
[skip_drop: 0.5]
[xgboost_dart_mode: 0]
[uniform_drop: 0]
[drop_seed: 4]
[top_rate: 0.2]
[other_rate: 0.1]
[min_data_per_group: 100]
[max_cat_threshold: 32]
[cat_l2: 10]
[cat_smooth: 10]
[max_cat_to_onehot: 4]
[top_k: 20]
[monotone_constraints: ]
[monotone_constraints_method: basic]
[monotone_penalty: 0]
[feature_contri: ]
[forcedsplits_filename: ]
[refit_decay_rate: 0.9]
[cegb_tradeoff: 1]
[cegb_penalty_split: 0]
[cegb_penalty_feature_lazy: ]
[cegb_penalty_feature_coupled: ]
[path_smooth: 0]
[interaction_constraints: ]
[verbosity: -1]
[saved_feature_importance_type: 0]
[use_quantized_grad: 0]
[num_grad_quant_bins: 4]
[quant_train_renew_leaf: 0]
[stochastic_rounding: 1]
[linear_tree: 0]
[max_bin: 255]
[max_bin_by_feature: ]
[min_data_in_bin: 3]
[bin_construct_sample_cnt: 200000]
[data_random_seed: 1]
[is_enable_sparse: 1]
[enable_bundle: 1]
[use_missing: 1]
[zero_as_missing: 0]
[feature_pre_filter: 0]
[pre_partition: 0]
[two_round: 0]
[header: 0]
[label_column: ]
[weight_column: ]
[group_column: ]
[ignore_column: ]
[categorical_feature: ]
[forcedbins_filename: ]
[precise_float_parser: 0]
[parser_config_file: ]
[objective_seed: 5]
[num_class: 1]
[is_unbalance: 0]
[scale_pos_weight: 1]
[sigmoid: 1]
[boost_from_average: 1]
[reg_sqrt: 0]
[alpha: 0.9]
[fair_c: 1]
[poisson_max_delta_step: 0.7]
[tweedie_variance_power: 1.5]
[lambdarank_truncation_level: 30]
[lambdarank_norm: 1]
[label_gain: ]
[lambdarank_position_bias_regularization: 0]
[eval_at: ]
[multi_error_top_k: 1]
[auc_mu_weights: ]
[num_machines: 1]
[local_listen_port: 12400]
[time_out: 120]
[machine_list_filename: ]
[machines: ]
[gpu_platform_id: -1]
[gpu_device_id: -1]
[gpu_use_dp: 0]
[num_gpu: 1]

end of parameters
